EVTTITLEironborn_events.10;A Drowning;Une noyade;;;Un ahogamiento;;;;;;;;;x
EVTDESCironborn_events.10;The waves crash over the gunwales and the ship heaves from side to side. The crew struggles desperately to tear down the sail. You stagger across the deck, trying to reach the safety of the cabin. Lightning strikes, and all goes dark. When you next awaken, you are on the shore, spewing seawater from your lungs, with visions of the Drowned God's hall dancing in your mind. You have drowned, and yet you live!;Les vagues s'écrasent avec fracas sur la coque du navire, malmené par la violence de la houle. L'équipage lutte désespérément pour empêcher le vaisseau de sombrer. Vous traversez le pont d'un pas chancelant, tentant d'atteindre la sécurité de votre cabine. Tout à coup, la foudre s'abat sur le navire dans un déchaînement de bruits et de lumières, puis tout devient sombre. Vous vous réveillez bien plus tard sur le rivage, vomissant de l'eau de mer entrée dans vos poumons. De floues visions des demeures liquides du dieu Noyé flottent dans votre esprit. Vous vous êtes noyé et pourtant vous vivez !   ;;;Las olas rompen por encima de la borda y el barco se balancea peligrosamente. La tripulación lucha desesperadamente por mantenerlo a flote. Intentas moverte por la cubierta para llegar tu compartimento a salvo. Un rayo centellea y alumbra la noche y después todo se hace oscuro. Al despertar estás en una playa vomitando agua salada mientras ves visiones del palacio del Dios Ahogado. Te has ahogado pero vuelves a vivir.;;;;;;;;;x
EVTOPTAironborn_events.10;What is dead may never die, but rises again, harder and stronger!;Ce qui est mort ne saurait mourir mais se lève à nouveau, plus dur à la peine et plus vigoureux !;;;Lo que está muerto no puede morir, sino que se alza de nuevo, más duro, más fuerte.;;;;;;;;;x
drowned;Drowned;Noyé;;;Ahogado;;;;;;;;;x
drowned_desc;This character has seen the halls of the Drowned God. What is dead may never die, but rises again, harder and stronger!;Ce personnage a vu les demeures liquides du dieu Noyé. Ce qui est mort ne saurait mourir mais se lève à nouveau, plus dur à la peine et plus vigoureux !;;;Este personaje se ahogó y ha visto los salones del Dios Ahogado. Lo que está muerto no puede morir, sino que se alza de nuevo, más duro, más fuerte,;;;;;;;;;x
EVTDESCironborn_events.12;A drunken man challenges you to a finger dance.;Un homme ivre vous défie à la danse du doigt;;;Un borracho te reta a jugar a la danza del dedo.;;;;;;;;;x
EVTOPTAironborn_events.12;I accept the challenge.;J'accepte le défi;;;Acepto el reto.;;;;;;;;;x
EVTOPTBironborn_events.12;I refuse the challenge.;Je refuse le défi;;;Rechazo el reto.;;;;;;;;;x
EVTDESCironborn_events.13;Your son shows up at court wearing a velvet doublet and an intolerable look of pride on his face.;Votre fils paraît à la cour arborant un doublet de velours et une intolérable expression de fierté sur le visage ;;;Tu hijo aparece en la corte con un jubón de terciopelo y una insoportable mirada de orgullo en el rostro.;;;;;;;;;x
EVTOPTAironborn_events.13;Tell me how you paid for that coat. Did you pay the Iron price?;Dis-moi comment tu as acquis ce manteau. As-tu payé le Fer-prix ? ;;;Dime, ¿cómo has pagado ese jubón? Has pagado el precio del hierro?;;;;;;;;;x
EVTTOOLTIPironborn_events.14;Your son is about to answer...;Votre fils est sur le point de répondre…;;;Tu hijo va a responder…;;;;;;;;;x
EVTOPTBironborn_events.13;Where he spends his coin is none of my business.;Où il dépense son argent ne sont pas mes affaires…;;;Donde gaste su dinero no es asunto mío.;;;;;;;;;x
EVTDESCironborn_events.14;Your father asks you where you got the velvet doublet you are wearing...;Votre père vous demande où vous avez eu le doublet de velours que vous portez…;;;Tu padre te pregunta de dónde ha salido el jubón de terciopelo que vistes…;;;;;;;;;x
EVTOPTAironborn_events.14;I joined a raid on a passing ship. The man who previously owned the coat is now with the Drowned God.;Je me suis joint à un pillage d'un navire. L'homme qui portait ce manteau a désormais rejoint le dieu Noyé.;;;Me uní al asalto a un mercante. Su antiguo dueño está ahora con el Dios Ahogado.;;;;;;;;;x
EVTOPTBironborn_events.14;I bought it from a trader at the harbour.;Je l'ai acheté à un commerçant du port.;;;Se lo compré a un mercader en el puerto.;;;;;;;;;x
EVTTOOLTIPironborn_events.15;My father must be proud!;Mon père doit être fier !;;;¡Mi padre ha de estar orgulloso!;;;;;;;;;x
EVTDESCironborn_events.15;Your son tells you how yesterday he joined the raid of a passing ship. The man who previously owned the coat is now with the Drowned God.;Votre fils vous raconte comment, la veille, il a pillé un navire. L'homme qui portait ce manteau a désormais rejoint le dieu Noyé.;;;Tu hijo te relata cómo participó ayer en el abordaje de un mercante. El anterior dueño del jubón está ahora con el Dios Ahogado.;;;;;;;;;x
EVTTOOLTIPironborn_events.16;Father might not like this...;Père ne va pas aimer ça…;;;A Padre no le gustará…;;;;;;;;;x
EVTDESCironborn_events.16;Your son tells you he bought it from a trader at the harbour.;Votre fils vous raconte comment il a acheté son manteau chez un commerçant du port.;;;Tu hijo te responde que lo ha comprado a un mercader del puerto.;;;;;;;;;x
EVTOPTAironborn_events.15;I am proud of you!;Je suis fier de toi !;;;¡Me llenas de orgullo!;;;;;;;;;x
EVTOPTAironborn_events.16;I will not have my son dress like a woman in my presence.;Je n'accepterais pas que mon fils s'habille comme une femme en ma présence.;;;¡No veré a mi hijo vestido como una mujer en mi presencia!;;;;;;;;;x
CB_NAME_IRONBORN_RAID;Pay the Iron Price;Payer le fer-prix;;;Pagar el precio del hierro;;;;;;;;;x
WAR_NAME_IRONBORN_RAID;$ORDER$$FIRST_ADJ$ Raid On $SECOND$;$ORDER$$FIRST_ADJ$ Raid sur $SECOND$;;;$ORDER$$FIRST_ADJ$ Asalto sobre $SECOND$;;;;;;;;;x
CB_NAME_IRON_CONQUEST;Conquest for the Drowned God;Payer le fer-prix;;;Conquista para el Dios Ahogado;;;;;;;;;x
WAR_NAME_IRON_CONQUEST;$ORDER$$FIRST_ADJ$ Invasion of $SECOND$;$ORDER$$FIRST_ADJ$ Raid sur $SECOND$;;;$ORDER$$FIRST_ADJ$ La invasión de $SECOND$;;;;;;;;;x
ironborn_invasionFACTION;Liege Loyalist faction has strength of §Y75%§!\n;La faction loyaliste au suzerain atteint §Y75%§!\n;;;[This.GetTitledFirstName] es cualquier §YLord§! Con nivel o con vasallos leales a la facción con un nivel de fuerza de §Y75%§!\n;;;;;;;;;x
ironborn_invasionVASSALS;All drowned god vassals who are capable, adult and unimprisoned are in the Liege Loyalist faction\n;Tous les vassaux qui croient au Dieu noyé, ne sont ni incapables in emprisonnés et qui sont adults font partie de la faction loyaliste du suzerain\n;;;[This.GetTitledFirstName] es cualquier §YLord§! Con nivel o con vasallos leales a la facción con un nivel de fuerza de §Y75%§!\n;;;;;;;;;x
ironborn_raid_desc;This Ruler is of the Green Lands, and knows naught of Salt and Iron. Declare War against this character and they will pay the Iron Price for their craven way of life.;Ce souverain vient des Terres Vertes et ne connaît rien au Sel et au Fer. Déclarez la guerre à ce personnage et lui et ses semblables paieront le fer-prix pour leur mode de vie de lâches. ;;;Este Señor es de las Tierras Verdes, y no conoce nada de la sal y del hierro. Declara la guerra a este personaje y ellos tendrán que pagar el precio del hierro por su cobarde forma de vida.;;;;;;;;;x
EVTDESCironborn_events.1;A formidable new longship has been newly constrcuted for your fleet. It is usually Ironborn custom for a Drowned Priest to bless the ship with seawater, so as to gain the Drowned God's favour at sea.;Une nouvelle boutre des plus formidables a été construite pour rejoindre votre flotte. La coutume Fer-née voudrait qu'un prêtre noyé bénisse le bateau avec de l'eau de mer pour gagner les faveurs du dieu Noyé en mer.;;;Un nuevo barcoluengo formidable ha sido recientemente construido para tu flota. Es costumbre de los hijos del hierro que un hombre ahogado bendiga el barco con agua de mar, a fin de ganar el favor del Dios Ahogado en el mar.;;;;;;;;;x
EVTOPTAironborn_events.1;Let the Priest bless the ship;Laissez le prêtre bénir le bateau;;;Dejar que el clérigo bendiga el barcoluengo;;;;;;;;;x
EVTOPTBironborn_events.1;A pointless gesture;Un geste inutile;;;Un gesto inútil;;;;;;;;;x
EVTDESCironborn_events.2;[Root.PrimaryTitle.GetFOA], a local petty Lord at the gates of [Root.Capital.GetName] requests an audience. He is claiming to have sailed to the far reaches of the Sunset Sea and back, and has tales of the many wonders he has beheld.;[Root.PrimaryTitle.GetFOA], un petit seigneur local attend aux portes de [Root.Capital.GetName], demandant une audience. Il affirme avoir navigué jusqu'aux confins de la Mer du Crépuscule et qu'il a de nombreuses histoires à raconter sur les merveilles qu'il a pu contempler. ;;;[Root.PrimaryTitle.GetFOA], un pequeño señor local espera en las puertas de [Root.Capital.GetName] y solicita una audiencia. Afirma haber navegado hasta los confines del mar del Ocaso, y trae historias de las muchas maravillas que ha contemplado.;;;;;;;;;x
EVTOPTAironborn_events.2;Let him in, I will listen to his tales;Laissez-le entrer, je veux entendre ses récits;;;Déjalo entrar, quiero escuchar sus historias;;;;;;;;;x
EVTOPTBironborn_events.2;Lies! No man can sail the Sunset Sea! Bar the Gate!;Le fieffé menteur ! Aucun homme ne saurait naviguer en Mer du Crépuscule ! Barrez la porte !;;;Mentiras! Ningún hombre puede navegar por el mar del Ocaso! Negadle la entrada.;;;;;;;;;x
EVTDESCironborn_events.3;We have some had exceptionally low tides in the lands around [Root.Capital.GetName] this moon, which has led to some fisherfolk to discover an ancient, sunken longship...;Cette lune, nous avons eu des marées exceptionnellement basses autour de [Root.Capital.GetName], ce qui a permis à des pêcheurs de découvrir une antique boutre coulée…;;;Esta luna, tuvimos mareas excepcionalmente bajas en las tierras de alrededor de [Root.Capital.GetName], lo que ha llevado a algunos pescadores a descubrir un antiguo barcoluengo hundido …;;;;;;;;;x
EVTOPTAironborn_events.3;I shall investigate this personally!;Je vais aller voir ça par moi-même !;;;Voy a investigar esto personalmente!;;;;;;;;;x
TOOLTIPironborn_events.3GOOD;you will find lost treasures in the wreck\n;vous allez trouver un ancien trésor dans l'épave\n;;;Encontrarás tesoros perdidos en el naufragio\n;;;;;;;;;x
TOOLTIPironborn_events.3BAD;your search yielding nothing\n;vous cherchez mais ne trouvez rien\n;;;La búsqueda no produjo nada\n;;;;;;;;;x
EVTOPTBironborn_events.3;Send [Root.job_marshal.GetTitledFirstName] to have a look;Envoyer [Root.job_marshal.GetTitledFirstName] y jeter un œil;;;Enviar a [Root.job_marshal.GetTitledFirstName] para echarle un vistazo;;;;;;;;;x
EVTOPTCironborn_events.3;A search is too risky, leave it to the smallfolk;Cela peut être risqué, laissez donc l'épave aux petites gens ;;;Una búsqueda demasiado arriesgada, dejásela al pueblo llano.;;;;;;;;;x
EVTDESCironborn_events.4;The ancient hull of the longship harboured many treasures. We found chests of gold and silver and many casks and crates full of fine goods, no doubt the plunder of long forgotten Ironborn reavers!;Les vestiges de la coque de la boutre contenaient de nombreux trésors. Nous avons trouvé des coffres emplis d'or et d'argent ainsi que des tonneaux et des caisses regorgeant de magnifiques marchandises, sûrement le butin de razzieurs fer-nés depuis longtemps oubliés !;;;El antiguo casco del barcoluengo albergaba muchos tesoros. Encontramos cofres de oro y plata y muchos toneles y cajas llenas de lujosas mercancías, sin duda, de algún saqueo de los hijos del hierro caído en el olvido!;;;;;;;;;x
EVTOPTAironborn_events.4;A fine haul!;Que voilà une excellente prise !;;;Un botín excelente;;;;;;;;;x
EVTDESCironborn_events.5;We searched high and low within the wreck, but all our party found was rotting timber and the grim remains of some lost sailors. ;Nous avons fouillé l'épave dans ses moindres recoins, mais nous n'avons trouvé que des bouts de bois pourris et les sinistres restes de marins noyés. ;;;Se realizaron búsquedas alrededor de los restos del naufragio, pero todo lo que nuestro grupo encontró fue madera podrida y los restos siniestros de algunos marineros perdidos.;;;;;;;;;x
EVTOPTAironborn_events.5;What a waste of time;Quelle perte de temps !;;;Qué pérdida de tiempo;;;;;;;;;x
EVTDESCironborn_events.6;[Root.job_marshal.GetTitledFirstName] has arrived back from his search of the wreck bearing many lost treasures. By law I am the rightful owner of this find, but perhaps he should get a reward?;[Root.job_marshal.GetTitledFirstName] est revenu de la fouille de l'épave avec de nombreux trésors perdus. En vertu de la loi je suis le légitime propriétaire de ces trouvailles, mais peut-être devrait-il recevoir une récompense ? ;;;[Root.job_marshal.GetTitledFirstName] ha llegado de su búsqueda en los restos del naufragio y trae muchos tesoros perdidos. Por ley soy el legítimo propietario de este hallazgo, pero tal vez debería darle una recompensa?;;;;;;;;;x
EVTOPTAironborn_events.6;It is mine, It is law;C'est à moi, ainsi le veut la loi;;;Es mío, es la ley;;;;;;;;;x
EVTOPTBironborn_events.6;He found it, he deserves some;Il les a trouvés, il en mérite bien une partie;;;Lo encontró, se merece una parte;;;;;;;;;x
TOOLTIPironborn_events.3GOODMAM;[This.GetTitledFirstName] will find lost treasures in the wreck\n;[This.GetTitledFirstName] va trouver des trésors perdus dans l'épave\n;;;[This.GetTitledFirstName] encontrará tesoros perdidos en el naufragio\n;;;;;;;;;x
TOOLTIPironborn_events.3BADMAM;[This.GetTitledFirstName]'s search will yield nothing\n;les recherches de [This.GetTitledFirstName] ne vont rien donner\n;;;La búsqueda de [This.GetTitledFirstName] no dará nada \n;;;;;;;;;x
EVTDESCironborn_events.7;After an exhaustive search of the wreck, [Root.job_marshal.GetTitledFirstName] has yielding nothing but rotting timber and old bones.;Après une fouille minutieuse de la coque, [Root.job_marshal.GetTitledFirstName] n'a rien trouvé d'autre que des bouts de bois pourris et de vieux os. ;;;Después de una búsqueda exhaustiva de los restos del naufragio, [Root.job_marshal.GetTitledFirstName] solo ha encontrado madera podrida y huesos viejos.;;;;;;;;;x
EVTOPTAironborn_events.7;Oh well;Bien;;;Bien;;;;;;;;;x
EVTDESCironborn_events.8;It seems the wreck has very unstable, [Root.job_marshal.GetTitledFirstName]'s search caused the hull to collapse onto his party. Many were crushed to death and [Root.job_marshal.GetTitledFirstName] suffered a bad injury from a shard of timber.;Il semble que l'épave était très instable et les recherches de [Root.job_marshal.GetTitledFirstName] ont provoqué l'effondrement de la coque. Certains de ses hommes y ont trouvé la mort et [Root.job_marshal.GetTitledFirstName] a été gravement blessé par une poutre de bois.;;;Parece que el barcoluengo naufragado es muy inestable, la búsqueda de [Root.job_marshal.GetTitledFirstName] hizo que el casco se partiera. Muchos fueron aplastados y [Root.job_marshal.GetTitledFirstName] sufrió una lesión grave por un trozo de madera.;;;;;;;;;x
EVTOPTAironborn_events.8;Oh dear;Mince;;;Maldición;;;;;;;;;x
EVTDESCironborn_events.60;A salt wife of mine that I captured whilst reaving is with child;Une femme-sel que j'ai capturée durant un raid attend un enfant;;;Una esposa de sal que capturé mientras saqueaba está encinta;;;;;;;;;x
EVTOPTAironborn_events.60;She will probably be honored;Elle sera sûrement honorée;;;Ella probablemente será honrada;;;;;;;;;x
EVTDESCironborn_events.62;My Ironborn husband, no my savage captor, has called me to his bedchamber. I enter the room, and little does he know I have managed to smuggle a knife past the guards...;Mon mari fer-né… ou plutôt ce violeur sauvage qui m'a capturé, m'a fait venir dans sa chambre. Je suis entré dans sa chambre sans éveillé les soupçons des gardes. Ils n'ont pas découvert le couteau que j'ai dissimulé dans mes robes... ;;;Mi esposo hijo del hierro, o el salvaje que me capturó, me ha llamado a su dormitorio. Entré en la habitación, pero lo que no sabe es que he logrado esconder un cuchillo en mi vestido...;;;;;;;;;x
EVTOPTAironborn_events.62;He will die!;Il va mourir !;;;Morirá!;;;;;;;;;x
EVTDESCironborn_events.63;[From.GetFirstName], my salt wife, was abed with me when she suddenly set upon me with knife in hand! How did she get it past the guards!;[From.GetFirstName], ma femme-sel, était au lit avec moi, lorsqu'elle a soudainement sorti un couteau dissimulé dans ses dessous ! Comment a-t-elle pu passer les gardes avec une arme ?!;;;[From.GetFirstName], mi esposa de sal, estaba en la cama conmigo cuando de repente me fijé y vi que tenía un cuchillo en la mano! ¿Cómo lo pasó delante de los guardias?;;;;;;;;;x
EVTOPTAironborn_events.63;Treacherous wench!;Sale catin !;;;Moza traidora!;;;;;;;;;x
TOOLTIPironborn_events.62SURVIVE;[This.GetFirstName] survives unscathed\n;[This.GetFirstName] en réchappe, indemne\n;;;[This.GetFirstName] sobrevive indemne\n;;;;;;;;;x
make_salt_wife;Take as a Salt Wife;Prendre [Root.GetFirstName] [Root.GetOnlyDynastyName] comme femme-sel;;;Tomar como una esposa de sal;;;;;;;;;x
make_salt_wife_desc;Take [Root.GetFirstName] [Root.GetOnlyDynastyName] as a Salt Wife;Prendre [Root.GetFirstName] [Root.GetOnlyDynastyName] comme femme-sel;;;Tomar a [Root.GetFirstName] [Root.GetOnlyDynastyName] como una esposa de Sal;;;;;;;;;x
EVTDESC312001;One of my salt wives has produced me a new whelp. [From.GetFirstName] will be considered my legitimate child, but this 'Salt [GetFromRelation]' may only inherit when I have no trueborn sons by my rock wife.;L'une de mes femmes-sels a donné naissance à un enfant. Dois-je reconnaître [From.GetFirstName] comme mien(ne) ?;;;Una de mis esposas de sal me ha dado un nuevo hijo. [From.GetFirstName] será considerado mi hijo legítimo, pero este '[GetFromRelation] de sal' sólo podrá heredar si no tengo ningún hijo de mi esposa de roca.;;;;;;;;;x
EVTDESC312001B;One of my salt wives has produced me a new whelp. [From.GetFirstName] will be considered my legitimate child, but unfortunately this 'Salt [GetFromRelation]' did not survive the birth.;L'une de mes femmes-sels a donné naissance à un enfant.  [From.GetFirstName] sera considéré comme enfant légitime mais malheureusement, sa mère n'a pas survécu à l'accouchement.;;;Una de mis esposas de sal me ha dado un nuevo hijo. [From.GetFirstName] será considerado mi hijo legítimo, pero degraciadamente este '[GetFromRelation] de sal' no sobrevivió al parto.;;;;;;;;;x
EVTOPTD301;I may call upon this salt [GetFromRelation] at some point;Je peux donner des ordres à cette femme-sel;;;Puedo llamar a esta [GetFromRelation] de sal en cualquier momento;;;;;;;;;x
EVTOPTD301B;The drowned god did not favour this salt [GetFromRelation];Le dieu Noyé n'a pas sauvé cette femme-sel.;;;El Dios Ahogado no favoreció a esta [GetFromRelation] de sal;;;;;;;;;x
EVTDESCironborn_events.11;Your [GetFromRelation] [From.GetTitledFirstName] was long thought dead, his ship struck down by the Storm God whilst at sea. Yet here is now striding through your hall...and he has changed. He is wearing roughspun robes and carrying a driftwood cudgel. He says he was drowned and yet the Drowned God chose to spare him, and he will now devote his life to serving him. ;Tout le monde pensait que votre [GetFromRelation] [From.GetTitledFirstName] était mort, son bateau ayant été coulé par le Dieu des Tornades. Mais il est là, dans votre grande salle... et il semble changé. Il porte une vieille robe teintée de gris, de vert et de bleu et tient une matraque de bois flotté à la main. Il dit qu'il s'est noyé et que le Dieu Noyé a choisi de l'épargner. Il va désormais vouer sa vie au service du dieu.;;;Tu [GetFromRelation] [From.GetTitledFirstName] fue por mucho tiempo dado por muerto, su barco fue hundido por el Dios de la Tormenta. Sin embargo, está en tu sala y parece muy cambiado. Él lleva túnicas con algas y un garrote de madera a la deriva. Dice que se ahogó y que el Dios Ahogado decidió prescindir de él, y ahora va a dedicar su vida a servirlo.;;;;;;;;;x
TOOLTIPkingsmootvotecountA;You received §Y[Root.election_votes.GetValue]§! votes\n;Vous obtenez les votes de §Y[From.GetLearning]§! \n;;;He recibido los votos de §Y[From.GetLearning]§!\n;;;;;;;;;x
TOOLTIPkingsmootvotecountB;[From.GetTitledFirstName] received §Y[From.election_votes.GetValue]§! Votes\n;[From.GetTitledFirstName] obtient les votes de §Y[FromFrom.GetLearning]§! \n;;;[From.GetTitledFirstName] recibió los votos de §Y[FromFrom.GetLearning]§!\n;;;;;;;;;x
TOOLTIPkingsmootchampionA;[This.GetTitledFirstName] [This.GetOnlyDynastyName] was one of your champions/supporters\n;[This.GetTitledFirstName] [This.GetOnlyDynastyName] était l'un de vos champions/soutiens\n;;;[This.GetTitledFirstName] [This.GetOnlyDynastyName] fue uno de tus campeones\n;;;;;;;;;x
TOOLTIPkingsmootchampionB;[This.GetTitledFirstName] [This.GetOnlyDynastyName] was one of [From.GetHerHis] champions/supporters\n;[This.GetTitledFirstName] [This.GetOnlyDynastyName] était l'un de ses champions/soutiens\n;;;[This.GetTitledFirstName] [This.GetOnlyDynastyName] fue uno de sus campeones\n;;;;;;;;;x
opinion_kingsmoot_champion;Supported me at the Kingsmoot;M'a soutenu lors des États Généraux de la Royauté;;;Me apoyó en la Asamblea de sucesión;;;;;;;;;x
d_kingsmoot;The Kingsmoot;Les États Généraux de la Royauté;;;La Asamblea de Sucesión;;;;;;;;;x
EVTDESCkingsmoot.1;[From.GetTitledFirstName] has passed on, joining the Drowned God in his watery halls below the sea. Now a new King must be chosen by way of Kingsmoot, as the Ironborn once did in days long past. All Lords and Captains of [From.PrimaryTitle.GetName] shall converge two months hence, and shall select a new King to rule over them.;[From.GetTitledFirstName] a rejoint le Dieu Noyé dans ses demeures liquides pour festoyer sous la mer. Un nouveau roi doit maintenant être choisi par les États Généraux de la Royauté, comme le veut une ancienne pratique fer-née. Tous les lords et capitaines des [From.PrimaryTitle.GetName] doivent se réunir d'ici deux mois pour choisir un nouveau roi qui les dirigera. ;;;[From.GetTitledFirstName] se ha reunido con el Dios Ahogado en sus estancias acuosas. Ahora, un nuevo rey debe ser elegido por medio de una Asamblea de sucesión, como los hijos del hierro hicieron una vez hace mucho tiempo. Todos los señores y capitanes de [From.PrimaryTitle.GetName] deberán converger en dos meses aquí, y elegirán a un nuevo rey para gobernarlos.;;;;;;;;;x
EVTOPTAkingsmoot.1;I shall win the crown;Je ceindrai la couronne.;;;Voy a ganar la corona.;;;;;;;;;x
EVTOPTAkingsmoot.1B;I cannot stand for election;Je ne peux pas me présenter comme candidat à l'élection;;;No soporto las elecciones;;;;;;;;;x
TOOLTIPkingsmoot.3;A Kingsmoot hall be held in two months time. Many days of feasting shall be held in the meantime\n;Des États Généraux de la Royauté vont avoir lieu dans deux mois. Pendant cette période, de nombreux festins vont être organisés\n;;;La Asamblea de sucesión se celebrará en dos meses. Hasta entonces, numerosos festines se organizarán.;;;;;;;;;x
EVTDESCkingsmoot.2;[FromFrom.GetTitledFirstName] has passed on, joining the Drowned God in his watery halls below the sea. [From.GetFirstName] [From.GetOnlyDynastyName] holds the throne for now, but laws dictate a new King must be chosen by way of Kingsmoot, as the Ironborn did in the old days. All Lords and Captains of [FromFrom.PrimaryTitle.GetName] shall converge two months hence, and shall select a new King to rule over them.;[FromFrom.GetTitledFirstName] a rejoint le Dieu Noyé dans ses demeures liquides pour festoyer sous la mer. [From.GetFirstName] [From.GetOnlyDynastyName] est sur le trône pour l'instant, mais la coutume veut qu'un nouveau roi soit choisi par des États Généraux de la Royauté. Tous les lords et capitaines des [FromFrom.PrimaryTitle.GetName] doivent se réunir d'ici deux mois pour choisir un nouveau roi qui les dirigera. ;;;[FromFrom.GetTitledFirstName] se ha reunido con el Dios Ahogado en sus estancias acuosas. [From.GetFirstName] [From.GetOnlyDynastyName] ocupa el trono por ahora, pero las leyes y costumbres dictan que un nuevo rey debe ser elegido por medio de una Asamblea de sucesión, como los hijos del hierro hacían en los viejos tiempos. Todos los señores y capitanes de [FromFrom.PrimaryTitle.GetName] deberán converger en dos meses aquí, y seleccionarán un nuevo rey para gobernarlos.;;;;;;;;;x
EVTOPTAkingsmoot.2;I cannot participate;Je ne peux pas participer.;;;No puedo participar.;;;;;;;;;x
EVTOPTBkingsmoot.2;I shall put myself forward!;Je dois tenter ma chance !;;;Lo intentaré!;;;;;;;;;x
TOOLTIPEVTOPTBkingsmoot.2;You will stand for election as ruler of [FromFrom.PrimaryTitle.GetName].\nTwo month of feasting shall occur before the election\n;Vous serez candidat pour devenir le(a) prochain(e) dirigeant(e) des [FromFrom.PrimaryTitle.GetName].\nDeux mois de festivités vont avoir lieu avant l'élection\n;;;Voy a presentarme a las elecciones como Rey de [FromFrom.PrimaryTitle.GetName].\nDos meses de festines tendrán lugar antes de la Asemblea de sucesión\n;;;;;;;;;x
EVTOPTCkingsmoot.2;I will attend and cast my vote;J'y assisterai et y apporterai mon vote.;;;Asistiré y emitiré mi voto.;;;;;;;;;x
EVTDESCkingsmoot.7;After many days of trying to gather support for yourself at the Kingsmoot it is clear your cause is hopeless. Few men of note will champion for you, none of the great Lords will lend you their house's support. It is clear you must end your bid to take the throne.;Après bien des jours à tenter de réunir des soutiens pour votre candidature aux États Généraux, il est désormais clair que votre cause est sans espoir. Peu d'hommes sont prêts à devenir votre champion, et aucun des grands seigneurs ne vous accorde le soutien de leur maison. Il est clair que vous n'avez aucune chance. ;;;Después de muchos días tratando de obtener apoyo para la Asamblea de sucesión está claro que mi causa no es posible. Pocos hombres te dan su apoyo y ninguno de los grandes señores te prestan el apoyo de su casa. Está claro que debo poner fin a mi intento de hacerme con el trono.;;;;;;;;;x
EVTOPTAkingsmoot.7;There is always the next Kingsmoot;Je l'emporterai sûrement aux prochains États Généraux.;;;Siempre puedo presentarme a la siguiente Asamblea.;;;;;;;;;x
EVTDESCkingsmoot.8;After many days of feasting and politicking, all the Lords and Captains have finally arrived at the Kingsmoot, as well as all men eligible to vote. The main contenders for the Throne are ready to make their case and offer their gifts, after which all shall cast their vote.;Après biens des jours à festoyer et à négocier, tous les lords et capitaines sont finalement arrivés aux États Généraux de la Royauté, ainsi que tous les hommes qui ont le droit de voter. Les principaux prétendants au trône sont prêt à défendre leur candidature et à offrir leurs présents. Lorsque ce sera fait, tous devront voter. ;;;Después de muchos días de banquete y de politiquería, todos los señores y capitanes han llegado finalmente a la Asamblea de sucesión, así como todos los hombres con derecho a voto. Los principales pretendientes del trono están listos para presentar su candidatura y sus ofrendas,tras lo cual todos deberán emitir su voto.;;;;;;;;;x
EVTOPTAkingsmoot.8;Let the Kingsmoot begin!;Que les États Généraux de la Royaté commencent !;;;Que comience la Asamblea de sucesión!!;;;;;;;;;x
TOOLTIPkingsmoot.9;[This.GetTitledFirstName] [This.GetOnlyDynastyName] is one of the candidates for the Throne;[This.GetTitledFirstName] [This.GetOnlyDynastyName] est l'un des candidats au trône.;;;[This.GetTitledFirstName] [This.GetOnlyDynastyName] es uno de los candidatos al trono.;;;;;;;;;x
EVTOPTBkingsmoot.8;Nobody opposes me;Personne ne s'oppose à moi.;;;Nadie se me opone;;;;;;;;;x
EVTDESCkingsmoot.9;The Kingsmoot is about to begin, and you are one of the main contenders to win the Throne. Traditionally each candidate offers gifts to all the Lords and Captains, who look unkindly on niggardly offerings...;Les États Généraux vont bientôt commencés et vous êtes l'un des prétendants à la couronne. Traditionnellement chaque candidat offrent des présents à tous les seigneurs et capitaines, et ceux-ci n'apprécient guère les pingres... ;;;La Asamblea está a punto de comenzar, y soy uno de los principales pretendientes al trono. Tradicionalmente cada pretendiente ofrece regalos a todos los señores y capitanes, a los que no les gustan los rácanos...;;;;;;;;;x
EVTOPTAkingsmoot.9;I shall shower them with my great riches;Je les noierai sous mes richesses.;;;Los ahogaré con mis grandes riquezas.;;;;;;;;;x
TOOLTIPkingsmoot.9large_gift;Each man who votes for you shall receive a gift depending on rank, ranging from 6 gold for the lowest in rank to 100 gold for King tier characters\n;Chaque homme qui vote pour vous recevra un présent selon son statut. Ces cadeaux vont de 6 pièces d'or pour les plus humbles à près de 100 pour les personnes ayant un statut équivalent à un roi\n;;;Cada hombre que vote por mi recibirá un regalo en función de su rango, desde 6 piezas de oro para el rango más bajo a 100 piezas de oro para los personajes de más alto nivel\n;;;;;;;;;x
EVTOPTBkingsmoot.9;I will offer ample gold and treasures;Je vais offrir une montagne d'or et de trésors divers.;;;Ofreceré una montaña de oro y de tesoros.;;;;;;;;;x
TOOLTIPkingsmoot.9regular_gift;Each man who votes for you shall receive a gift depending on rank, ranging from 3 gold for the lowest in rank to 50 gold for King tier characters\n;Chaque homme qui vote pour vous recevra un présent selon son statut. Ces cadeaux vont de 3 pièces d'or pour les plus humbles à près de 50 pour les personnes ayant un statut équivalent à un roi\n;;;Cada hombre que vote por mi recibirá un regalo en función de su rango, desde 3 piezas de oro para los rangos más bajos a 50 piezas de oro para personajes de más alto nivel\n;;;;;;;;;x
EVTOPTCkingsmoot.9;Only offer what is necessary;Seulement ce qui est nécessaire.;;;Sólo ofreceré lo que es necesario.;;;;;;;;;x
TOOLTIPkingsmoot.9small_gift;Each man who votes for you shall receive a gift depending on rank, ranging from 1 gold for the lowest in rank to 25 gold for King tier characters\n;Chaque homme qui vote pour vous recevra un présent selon son statut. Ces cadeaux vont de 1 pièce d'or pour les plus humbles à près de 25 pour les personnes ayant un statut équivalent à un roi\n;;;Cada hombre que vote por mi recibirá un regalo en función de su rango, desde 1 pieza de oro para el rango más bajo a 25 piezas de oro para personajes de más alto nivel\n;;;;;;;;;x
EVTOPTDkingsmoot.9;I have nothing to offer;Je n'ai pas grand-chose à offrir.;;;No tengo nada que ofrecer;;;;;;;;;x
EVTOPTEkingsmoot.9;I will give all great plenty beyond the Sunset Sea;Je vous offrirai toutes les richesses qui se trouvent au-delà de la mer du Crépuscule.;;;Os daré todas las riquezas que yacen más allá del mar del Ocaso.;;;;;;;;;x
EVTOPTFkingsmoot.9;I offer the gift of mercy by letting them keep their heads!;J'offre le cadeau de miséricorde, en leur permettant de conserver leur tête.;;;Os ofrezco el don de la misericordia al permitiros mantener vuestras cabezas!;;;;;;;;;x
EVTOPTGkingsmoot.9;I offer peace and prosperity;J'offrirai la paix et la prospérité.;;;Os ofrezco la paz y la prosperidad.;;;;;;;;;x
EVTDESCkingsmoot.10;All the Lords and Captains have finally convened for the Kingsmoot, and the main contenders have all made their case for the throne, as well offering up their gifts. Who will you give your backing?;Tous les lords et capitaines se sont finalement réunis pour participer aux États Généraux de la Royauté et tous les prétendants ont présenté leur candidature et offert leurs présents. Qui allez-vous supporter ?;;;Todos los señores y capitanes, finalmente, se han reunido en la Asamblea de sucesión, y todos los principales contendientes han expuesto su causa por el trono, y ofrecido sus regalos. ¿A quién va a apoyaráss?;;;;;;;;;x
EVTOPTAkingsmoot.10;[From.GetFirstName] [From.GetOnlyDynastyName] has done a good job so far;Il a fait du bon boulot.;;;[From.GetFirstName] [From.GetOnlyDynastyName] hizo un buen trabajo hasta ahora.;;;;;;;;;x
kingsmoot.10sunset_sea;[This.GetTitledFirstName] [This.GetOnlyDynastyName] promises to lead the people across the Sunset Sea where [This.GetSheHe] says we shall find great plenty\n;[This.GetTitledFirstName] [This.GetOnlyDynastyName] promet de nous mener au-delà de la mer du Crépuscule où [This.GetSheHe] nous assure que nous trouverons de grandes richesses\n;;;[This.GetTitledFirstName] [This.GetOnlyDynastyName] promete conducir al pueblo a través del Mar del Ocaso donde asegura que encontraremos gran abundancia\n;;;;;;;;;x
kingsmoot.10threats;[This.GetTitledFirstName] [This.GetOnlyDynastyName] makes many threats, promising vengeance against all who oppose [This.GetHerHim]\n;[This.GetTitledFirstName] [This.GetOnlyDynastyName] nous a ouvertement menacé, promettant de se venger contre tous ceux qui s'opposeront à [This.GetHerHim]\n;;;[This.GetTitledFirstName] [This.GetOnlyDynastyName] hace muchas amenazas, prometiendo venganza contra todos los que se le opongan\n;;;;;;;;;x
kingsmoot.10peace;[This.GetTitledFirstName] [This.GetOnlyDynastyName] promises to bring peace and calm to the realm, and to refrain from acts of war and aggression\n;[This.GetTitledFirstName] [This.GetOnlyDynastyName] promet d'apporter la paix et le calme au sein du royaume et de réduire les guerres et les actes d'aggression\n;;;[This.GetTitledFirstName] [This.GetOnlyDynastyName] promete traer paz y calma al reino, y reducir los actos de guerra y de agresión\n;;;;;;;;;x
EVTOPTGkingsmoot.10;[candidate_1.GetTitledFirstName] [candidate_1.GetOnlyDynastyName];[candidate_1.GetTitledFirstName] [candidate_1.GetOnlyDynastyName];;;[candidate_1.GetTitledFirstName] [candidate_1.GetOnlyDynastyName];;;;;;;;;x
EVTOPTBkingsmoot.10;[candidate_2.GetTitledFirstName] [candidate_2.GetOnlyDynastyName];[candidate_2.GetTitledFirstName] [candidate_2.GetOnlyDynastyName];;;[candidate_2.GetTitledFirstName] [candidate_2.GetOnlyDynastyName];;;;;;;;;x
EVTOPTCkingsmoot.10;[candidate_3.GetTitledFirstName] [candidate_3.GetOnlyDynastyName];Il(elle) devrait obtenir le trône.;[candidate_3.GetTitledFirstName] [candidate_3.GetOnlyDynastyName];;[candidate_3.GetTitledFirstName] [candidate_3.GetOnlyDynastyName];;;;;;;;;x
EVTOPTDkingsmoot.10;[candidate_4.GetTitledFirstName] [candidate_4.GetOnlyDynastyName];[candidate_4.GetTitledFirstName] [candidate_4.GetOnlyDynastyName];;;[candidate_4.GetTitledFirstName] [candidate_4.GetOnlyDynastyName];;;;;;;;;x
EVTOPTEkingsmoot.10;[candidate_5.GetTitledFirstName] [candidate_5.GetOnlyDynastyName];[candidate_5.GetTitledFirstName] [candidate_5.GetOnlyDynastyName];;;[candidate_5.GetTitledFirstName] [candidate_5.GetOnlyDynastyName];;;;;;;;;x
EVTOPTFkingsmoot.10;[candidate_6.GetTitledFirstName] [candidate_6.GetOnlyDynastyName];[candidate_6.GetTitledFirstName] [candidate_6.GetOnlyDynastyName];;;[candidate_6.GetTitledFirstName] [candidate_6.GetOnlyDynastyName];;;;;;;;;x
EVTDESCkingsmoot.16;The many chests of gold and silver you offered were not enough. The treasures swayed many a man, and your words won many further still, but it is clear that it is not you who the Captains favour to take throne.;Ces coffres d'or et d'argent que vous avez offert ne suffisent pas. Ces trésors ont convaincu de nombreux hommes et votre discours vous en a gagné d'autres, mais il est clair que ce n'est pas vous que les capitaines favorisent pour le trône.;;;Los numerosos cofres de oro y plata que ofreciste no fueron suficientes. Los tesoros convencieron a muchos hombres, y tus palabras ganaron a muchos más todavía, pero está claro que no eres a quien los capitanes quieren para el trono.;;;;;;;;;x
EVTOPTAkingsmoot.16;My wealth couldn't buy me power;Mes richesses ne pouvaient pas me payer le pouvoir.;;;Mi riqueza no pudo comprar el poder.;;;;;;;;;x
EVTDESCkingsmoot.17;On the day of the Kingsmoot, [From.GetFirstName] [From.GetOnlyDynastyName] arrived aboard an extravagant longship, crammed full with chests of gold and silver, and wealth from far away lands. This and [From.GetHerHis] words won many a supporter, but it was not enough to convince the Captains that [From.GetFirstName] should take the throne.;Le jour des États Généraux de la Royauté, [From.GetFirstName] [From.GetOnlyDynastyName] est arrivé à bord d'une boutre extravagante, chargée de coffres pleins d'or, d'argent et de trésors venus de contrées lointaines. Son discours lui a gagné de nombreux soutiens, mais cela ne fut pas suffisant pour convaincre les capitaines que [From.GetFirstName] devait monter sur le trône. ;;;En el día de la Asamblea de sucesión, [From.GetFirstName] [From.GetOnlyDynastyName] ha llegado a bordo de un extravagante barcoluengo, repleto con cofres de oro y plata, yde tesoros de tierras lejanas. Su discurso se ganó muchos partidarios, pero no fue suficiente para convencer a los capitanes de que [From.GetFirstName] debe subir al trono.;;;;;;;;;x
EVTDESCkingsmoot.161;All had finally gathered to choose their King, and you made an admirable case. The Lords and Captains received your words well, the gold, silver and gems on offer also adding to your supporters. But it was clear the men of the realm favoured another to lead them.;Tous se sont finalement réunis pour choisir un roi et vous avez fait une très bonne campagne. Les lords et capitaines ont bien reçu votre discours, votre or, votre argent et vos trésors et nombre d'entre eux vous ont supporté. Néanmoins il était clair que la majorité des hommes du royaume soutenaient un autre prétendant au trône. ;;;Finalmente, todos se reúnen para elegir al rey e hiciste un discurso impecable. Los señores y capitanes recibieron bien tus palabras, el oro, plata y piedras preciosas que ofrendaste. Pero estaba claro que los hombres del reino apoyaban a otro pretendiente.;;;;;;;;;x
EVTOPTAkingsmoot.161;It should have been me;Cela aurait dû être moi.;;;Debería haber sido yo.;;;;;;;;;x
EVTDESCkingsmoot.171;[From.GetFirstName] [From.GetOnlyDynastyName] stepped forward to make [From.GetHerHis] case for the throne. All men listened respectfully, many cheered loudly and heartily for [From.GetHerHim]. The ample quantity of gold, silver and gems on offer added further to [From.GetHerHis] support, but ultimately the Captains favoured another.;[From.GetFirstName] [From.GetOnlyDynastyName] s'est avancé pour défendre sa candidature pour le trône. Tous les hommes l'ont respectueusement écouté, et beaucoup d'entre eux l'ont acclamé. Les grandes quantités d'or, d'argent et de pierres précieuses lui ont gagné encore davantage de soutiens, mais à la fin les capitaines ont choisi un autre prétendant.  ;;;[From.GetFirstName] [From.GetOnlyDynastyName] dio un paso adelante para defender su candidatura al trono. Todos los hombres escucharon con respeto y muchos vitorearon ruidosamente. La amplia cantidad de oro, plata y piedras preciosas que ofreció convencieron a otros, pero al final los capitanes eligieron a otro pretendiente.;;;;;;;;;x
EVTDESCkingsmoot.162;The time finally came to make your case for the throne, and you were sure the men would choose you. But alas your words were not enough. Many men of note championed for you, but the Lords and Captains didn't seem impressed with the gifts you offered. They chose another who offered more.;Le temps est enfin venu pour vous de défendre votre candidature pour le trône, et vous étiez certain(e) que les hommes présents allaient vous choisir. Mais malheureusement votre discours n'a pas suffi. Beaucoup vous ont soutenu mais les lords et les capitaines n'ont pas semblé impressionné par les présents que vous avez fait. Ils ont choisi un autre prétendant qui a offert bien plus. ;;;Finalmente llegó el momento para defender tu candidatura al trono, y estabas seguro que los hombres te elegirían. Pero, por desgracia mis palabras no fueron suficientes. Muchos hombres importantes me defendieron, pero los señores y capitanes no parecían impresionados con mis regalos. Eligieron a otro que ofrecía más.;;;;;;;;;x
EVTOPTAkingsmoot.162;I shouldn's have to whore myself;Je ne devrais pas m'en faire.;;;No debería tener que prostituirme.;;;;;;;;;x
EVTDESCkingsmoot.172;[From.GetFirstName] [From.GetOnlyDynastyName] didn't win the throne, no doubt because of the niggardly gifts on offer. There was little gold or silver for the Captains to share, and [From.GetHerHis] champions and words were not enough to sway them.;[From.GetFirstName] [From.GetOnlyDynastyName] n'a pas obtenu le trône, sûrement à cause de sa pingrerie. Les capitaines n'avaient que très peu d'or et d'argent à se partager, ses champions et son discours n'ont pas suffi à les convaincre. ;;;[From.GetFirstName] [From.GetOnlyDynastyName] no obtuvo el trono, sin duda debido a la pobre ofrenda que hizo. Había poco oro y plata para compartir entre los capitanes, y los campeones y sus palabras no fueron suficientes para convencer a la mayoría.;;;;;;;;;x
EVTDESCkingsmoot.163;The Kingsmoot was finally yours to address. You strode upto to the top of hill flanked by your champions, where you made a strong case for the throne. You promised them war, battle and plunder, vowing to lead the Drowned God's followers to glory. The Captains were not convinced though, and chose another to lead them.;Votre tour est enfin venu de vous adresser aux États Généraux de la Royauté. Vous avez gravi la colline avec vigueur, flanqué de vos champions et avez fait un discours fort convaincant. Vous leur avez promis la guerre, des batailles et des butins, et avez jurer de mener les fidèles du Dieu Noyé à la gloire. Mais vous n'avez pas convaincu les capitaines qui ont choisi un autre prétendant au trône. ;;;Llegó el momento para exponer tu candidatura frente a la Asamblea. Subiste hasta la cima de la colina, flanqueado por tus campeones, e hiciste una reclamación fuerte para el trono. Prometiste guerra, batalla y saqueos, y prometiste llevar a los seguidores del Dios Ahogado a la gloria. Los capitanes no estaban convencidos y eligieron otro para guiarlos.;;;;;;;;;x
EVTOPTAkingsmoot.163;No doubt they were bought by gold;Ils ont sans aucun doute été achetés.;;;No hay duda de que fueron comprados por el oro.;;;;;;;;;x
EVTDESCkingsmoot.173;[From.GetFirstName] [From.GetOnlyDynastyName] ascended the hill of the Kingsmoot flanked by many a champion. [From.GetSheHeCap] made an impassioned case for the throne, offering the gift of glory and war if they chose [From.GetHerHim]. The Captains chose another however, foiling [From.GetFirstName]'s plans.;[From.GetFirstName] [From.GetOnlyDynastyName] a gravi la colline, entouré de nombreux champions. [From.GetSheHeCap] a fait un discours passionné, promettant gloire et or à ceux qui le(a) choisiraient. Les capitaines en ont cependant choisi un autre, déjouant les plans de [From.GetFirstName].;;;[From.GetFirstName] [From.GetOnlyDynastyName] subió a la colina de la Asamblea de sucesión flanqueado por muchos de sus campeones. Hizo una reclamación apasionada por el trono, ofreciendo el don de la gloria y de la guerra si lo eligen. Los Capitanes eligieron a otro, frustrando los planes de [From.GetFirstName].;;;;;;;;;x
EVTDESCkingsmoot.164;You promised the Ironborn you would lead them to great prosperity across the Sunset Sea, but they must all be blind for they do not share your vision. Most seemed unconvinced by the endless summers and bountiful harvests we would find there. Others openly derided me, shaming me in front of the captains.;Vous avez promis aux fer-nés que vous les mèneriez au-delà de la mer du Crépuscule pour y acquérir gloire et richesse. Mais ils doivent tous êtres aveugles puisqu'ils ne partagent pas votre vision. Beaucoup n'ont pas été convaincus par les étés sans fins et les ports débordant de butins que nous y aurions trouvé. Certains vous ont même ouvertement raillés, me faisant honte devant les capitaines. ;;;Prometes a los hijos del hierro que los conducirás más allá del Mar del Ocaso para lograr gloria y riquezas, pero todos ellos deben estar ciegos por no compartir tu visión. No te creyeron cuando contaste las tierras en las que siempre es verano y los puertos rebosantes de riqueza para saquear. Otros se burlaban abiertamente, me avergonzaron delante de los capitanes.;;;;;;;;;x
EVTOPTAkingsmoot.164;Their loss;S'ils sont assez idiots pour laisser passer une telle opportunité… ;;;Ellos se lo pierden!;;;;;;;;;x
EVTDESCkingsmoot.174;The turn came for [From.GetFirstName] [From.GetOnlyDynastyName] to address the Kingsmoot, who arrived on a ramshackle longship bearing queer gifts. [From.GetSheHeCap] promised to lead all the realm across the Sunset Sea if they chose [From.GetHerHim], where [From.GetSheHe] said we would find a bountiful land where summer never ends. The captains weren't impressed however, many openly mocking this folly.;Ce fut au tour de [From.GetFirstName] [From.GetOnlyDynastyName] de se présenter devant les États Généraux de la Royauté. [From.GetSheHe] est arrivé sur une boutre délabrée pleine d'étranges présents. [From.GetSheHeCap] a promis que s(i)'[From.GetSheHeCap] était choisi(e), de mener tous les fer-nés au-delà de la mer du Crépuscule où, d'après [From.GetSheHe] nous trouverions des terres regorgeant de butins et où l'été ne finit jamais. Néanmoins les capitaines ne furent pas impressionnés, et certains allèrent jusqu'à se moquer de sa folie. ;;;Llegó el turno de [From.GetFirstName] [From.GetOnlyDynastyName]para exponer su candidatura en la Asamblea de sucesión. [From.GetFirstName] llegó en un destartalado barcoluengo con extraños regalos y prometió llevarnos a través del Mar del Ocaso, donde íbamos a encontrar una tierra generosa donde el verano nunca termina. Los capitanes no estaban impresionados y muchos se burlaron abiertamente de semejante locura.;;;;;;;;;x
EVTDESCkingsmoot.165;The realm defies me, despite my promised vengeance. I took my fiercest champions to the Kingsmoot, and promised from atop the hill that I would have the head of anyone who denies me as their ruler. The captains do not see sense however, as a bloody brawl broke out between my men and my enemies, who cast me from the hill.;Le royaume me défie ouvertement, malgré mes menaces de vengeance. J'ai pris avec moi mes plus fiers champions et je me suis rendu au sommet de la colline. Là, j'ai promis que j'aurais les têtes de tous ceux qui ne me reconnaîtraient pas comme leur souverain(e) légitime. Mais les capitaines n'ont pas voulu entendre raison et une bagarre entre mes champions et mes ennemis a eu lieu. Ils sont parvenus à me faire descendre de la colline. ;;;El reino me desafía abiertamente, a pesar de mis amenazas de venganza. Llevé a mis campeones más feroces a la Asamblea de sucesión, y prometí desde lo alto de la colina que le cortaría la cabeza a quien no me vote como rey legítimo. Pero los capitanes no entraron en razón y una pelea estalló entre los capitanes y mis campeones y al final me obligaron a abandonar la colina...;;;;;;;;;x
EVTOPTAkingsmoot.165;Usurpers! The throne is mine!;Usurpateurs ! Le trône est mien !;;;Usurpadores! El trono es mío!;;;;;;;;;x
EVTDESCkingsmoot.175;[From.GetFirstName] [From.GetOnlyDynastyName] was not subtle. [From.GetSheHeCap] brought champions of ill-repute to try and intimidate the Captains, and when [From.GetSheHe] came to speak made thinly veiled threats to all those who would oppose [From.GetHerHim]. The Captains baulked at this however, and a bloody brawl broke out between [From.GetFirstName]'s men and [From.GetHerHis] opponents.;[From.GetFirstName] [From.GetOnlyDynastyName] ne fut pas très subtil. [From.GetSheHeCap] a amené avec lui des champions de mauvaises réputations pour essayer d'intimider les capitaines. [From.GetSheHe] a ensuite ouvertement menacé ceux qui s'opposeraient à [From.GetHerHim]. Les capitaines l'ont rejeté et une bagarre a eu lieu entre les hommes de [From.GetFirstName] et ses opposants. ;;;[From.GetFirstName] [From.GetOnlyDynastyName] no fue nada sutil. Trajo campeones de mala reputación para tratar de intimidar a los capitanes, y empezó a amenazar a todos aquellos que se le opusieran. Sin embargo, los Capitanes se le enfrentaron y una pelea sangrienta estalló entre los hombres de [From.GetFirstName] y sus openentes y consiguieron echarle de la colina.;;;;;;;;;x
EVTDESCkingsmoot.166;The Kingsmoot had begun, and now you stake your claim from atop the hill. You implore all those present to reject wanton slaughter, to set aside pillage and blood in favour of peace. However, the Captains do not see eye to eye with you on this, the more fervent among them mocking your craven words. The throne has not been won this day.;Les États Généraux de la Royauté ont commencé et vous avez défendu vos revendications au sommet de la colline. Vous avez imploré les hommes présents à rejeter la violence et la haine, à en finir une bonne fois pour toute avec les pillages et à leur préférer la paix. Cependant les capitaines ne semblaient pas d'accord avec vous et certains sont même allez jusqu'à vous traiter de couard. Aujourd'hui vous n'avez pas gagné le trône. ;;;La Asamblea de sucesión comenzó, y defendiste tu candidatura dsede lo alto de la colina. Imploraste a los presentes a rechazar la violencia y el odio y dejar de lado el pillaje y la sed de sangre en favor de la paz. Sin embargo, los capitanes no parecen estar de acuerdo contigo e incluso, los más fervientes se burlan de tus palabras cobardes. No has ganado el trono el día de hoy.;;;;;;;;;x
EVTOPTAkingsmoot.166;My way would be better than the old way;Ce que je propose serait bien meilleur pour nous que l'Antique Voie. ;;;Lo que propongo es mejor que las antiguas costumbres.;;;;;;;;;x
EVTDESCkingsmoot.176;[From.GetFirstName] [From.GetOnlyDynastyName] is clearly no Ironborn, [From.GetHerHis] craven words show this. From upon the hill of the Kingsmoot, [From.GetSheHe] vowed to end all needless slaughter and pillaging, promising peace for the realm. However, the Captains do not desire peace, they desire plunder, and [From.GetFirstName] was jeered down from the hill as a consequence.;[From.GetFirstName] [From.GetOnlyDynastyName] n'est clairement pas un(e) vrai(e) fer-né(e) comme le montre son discours de lâche. Depuis le sommet de la colline des États Généraux, [From.GetSheHe] a souhaité que nous mettions fin aux pillages et aux massacres pour nous consacrer à la paix. Mais les capitaines ne désirent pas la paix mais du butin, [From.GetFirstName] s'est donc fait rallié. ;;;[From.GetFirstName] [From.GetOnlyDynastyName] es evidente que no es hijos del hierro, [From.GetHerHis] y sus palabras cobardes lo demuestran. Desde en la colina de la Asamblea [From.GetSheHe] prometio poner fin a toda esta masacre innecesaria y de los saqueo, con la promesa de obtener paz para el reino. Sin embargo, los capitanes no desean la paz, desean el saqueo, y [From.GetFirstName] fue abucheado cuando bajó de la colina.;;;;;;;;;x
EVTDESCkingsmoot.19;Finally you ascended the hill of the Kingsmoot to stake your claim to the throne. Your words and gifts were met with rapturous acclaim, many a great Lord and Champion have vowed to fight for you, the common men backing you with zeal. The other would be Kings can only watch as the Drowned Man declares you the winner, and crowns you before the realm.;Finalement vous gravissez la colline des États Généraux de la Royauté pour défendre vos revendications sur le trône. Votre discours et vos présents vous ont valu de nombreuses acclamations, bien des lords et des champions se sont engagés à combattre pour vous, et les gens du commun ont crié votre nom avec force. Les autres prétendants à la couronne ne peuvent qu'assister impuissants à votre triomphe tandis que le prêtre noyé vous déclare vainqueur et vous couronne devant l'ensemble du royaume.;;;Finalmente subes a la colina de la Asamblea de sucesión para reclamar el trono. Tus palabras y tu ofrenda fueron recibidos con aclamaciones entusiastas, tanto de los grandes señores como de los capitanes que se han comprometido a luchar por ti. Y el pueblo grita con fuerza tu nombre. Los demás pretendientes solo pueden ver con impotencia como el hombre ahogado te delcara vencedor y te corona rey.;;;;;;;;;x
EVTOPTAkingsmoot.19;All hail!;Vive le(a) Roi(eine) !;;;Viva el Rey!;;;;;;;;;x
EVTDESCkingsmoot.20;The Kingsmoot is over, [From.GetFirstName] [From.GetOnlyDynastyName] the clear winner. [From.GetSheHeCap] made a powerful case from atop the hill, [From.GetHerHis] words and gifts received with rapturous acclaim. Lords and great Warriors flocked to [From.GetHerHis] cause. The Drowned Man declared [From.GetHerHim] to be the winner, and crowned [From.GetHerHim] as the new [From.GetKingQueen].;Les États Généraux de la Royauté sont terminés, [From.GetFirstName] [From.GetOnlyDynastyName] en est clairement le vainqueur. [From.GetSheHeCap] a fait forte impression au sommet de la colline, son discours et ses présents ont été reçus par des acclamations. Des lords et de grands guerriers se sont joints à sa cause. Le prêtre noyé l'a déclaré vainqueur et l'a couronné comme nouveau(elle) [From.GetTitle].;;;La Asamblea de sucesión ha terminado, [From.GetFirstName] [From.GetOnlyDynastyName] es el claro ganador. Hizo un buen discurso en lo alto de la colina, sus palabras y su ofrenda fueron recibidos con aclamaciones entusiastas. Señores y capitanes le apoyaron. El hombre ahogado declaró a  [From.GetFirstName] como el ganador, y le coronó a como el nuevo [From.GetTitle].;;;;;;;;;x
EVTDESCkingsmoot.22;The feasting before the Kingsmoot is in full swing, you and your champions are hosting many Captains at your table, trying to win votes. A fellow would be King strides into the hall and pronounces you a craven who is incapable of leading the Captains, and are unworthy for the throne. The captains will expect you to answer this provocation.;Le festin avant les États Généraux de la Royauté bat son plein. Vous et vos champions accueillez de nombreux capitaines à votre table dans l'espoir de gagner leur vote. L'un de vos concurrents entre soudain et vous accuse d'être un lâche, incapable de mener les capitaines, et ingine de monter sur le trône. Les capitaines s'attendent à ce que vous répondiez à cette provocation. ;;;El festín ante la Asamblea está en pleno apogeo, Tu y tus campeones sois los anfitriones de muchos capitanes en tu mesa, tratando de ganar votos. Un tipo que aspira a Rey avanza a zancadas por la sala y dice que un cobarde no es capaz de dirigir a los capitanes, y que eres indignos para el trono. Los capitanes esperan que contestes a esta provocación.;;;;;;;;;x
EVTOPTAkingsmoot.22;I will fight him to prove my worthiness!;Je vais l'affronter pour montrer que je suis digne de diriger les îles !;;;Voy a luchar contra él para demostrar mi valía!;;;;;;;;;x
TOOLTIPkingsmoot.22A;will be challenged to a non-lethal duel;va être défié à un duel à mains nues. ;;;será desafiado a un duelo no letal;;;;;;;;;x
EVTOPTBkingsmoot.22;I must back down;Je dois céder.;;;Debo ceder.;;;;;;;;;x
TOOLTIPkingsmoot.22B;The captains will see you as unworthy, and your Kingsmoot candidacy will end\n;Les capitaines vous verront comme indigne de la couronne, et votre candidature aux États Généraux de la Royauté sera annulée\n;;;Los capitanes te verán indigno, y tu candidatura en la Asamblea de sucesión será anulada\n;;;;;;;;;x
EVTDESCkingsmoot.23;During the feasting before the Kingsmoot, you and your champions are prowling the many halls and tables, looking for men who would call themself King. [From.GetTitledFirstName] is one of these, [From.GetSheHe] is feasting a group of captains when you stride before them and prenounce [From.GetHerHim] unworthy. [From.GetSheHeCap] angrily stands up and challenges you to a duel...;Durant le festin qui se tient avant les États Généraux de la Royauté, vous et vos champions faîtes le tour des tables à la recherche d'hommes se disant rois. [From.GetTitledFirstName] est l'un(e) d'entre eux, [From.GetSheHe] festoie avec un groupe de capitaines lorsque vous vous plantez devant [From.GetHerHim] et l'accusez d'être indigne de régner. [From.GetSheHeCap] se lève avec colère et vous provoque en duel... ;;;Durante el festín ante la Asamblea de sucesión, tu y tus campeones estaís rondando los numerosos salones y mesas, en busca de los hombres que te apoyen como su Rey. [From.GetTitledFirstName] es uno de ellos y estaba hablando junto un grupo de capitanes cuando a grandes zancadas avanzas ante él y dices que sería un rey indigno. Airadamente se levanta y te reta a un duelo ...;;;;;;;;;x
EVTOPTAkingsmoot.23;I accept!;J'accepte !;;;Acepto!;;;;;;;;;x
TOOLTIPkingsmoot.23;A non-lethal duel will ensue\n;Un duel à mains nues s'ensuit\n;;;Se producirá un duelo no letal\n;;;;;;;;;x
EVTDESCkingsmoot.24;[From.GetTitledFirstName] was clearly all words, for [From.GetSheHe] baulked at your challenge to a duel. The fear was etched on [From.GetHerHis] face as you drew your sword, and [From.GetSheHe] made a lame excuse to leave the hall, vowing to strike you down when the time is right. All the captains now know [From.GetFirstName] to be unworthy.;[From.GetTitledFirstName] n'a vraiment que de la gueule, [From.GetSheHe] a refusé votre provocation en duel. Tout le monde a pu lire la peur dans ses yeux lorsque vous avez tiré votre épée, et [From.GetSheHe] a trouvé une pitoyable excuse pour quitter la pièce tout en jurant de vous terrasser lorsque le moment sera opportun. Tous els capitaines savent maintenant que [From.GetFirstName] n'est pas digne de la couronne. ;;;[From.GetTitledFirstName] es únicamente palabrería al no aceptar tu desafío a un duelo. El temor se grabó en su cara cuando desenvainaste la espada, y él buscó una mala escusa para salir de la sala jurando aplastarte cuando sea el momento adecuado. Todos los capitanes saben ahora que [From.GetFirstName] no es digno para la corona.;;;;;;;;;x
EVTOPTAkingsmoot.24;[From.GetSheHeCap] was never good enough for the throne ;[From.GetSheHeCap] n'a jamais mérité de monter sur le trône.;;;[From.GetSheHeCap] nunca fue lo suficientemente bueno para el trono;;;;;;;;;x
EVTDESCkingsmoot.25;The fight was hard fought, and you have been left bloodied, but you have proved yourself to be more suitable for the throne by beating [FromFrom.GetTitledFirstName] into submission. [FromFrom.GetSheHeCap] leaves the hall, now alone as [FromFrom.GetHerHis] champions have gathered to your cause.;Le combat fut violent, et vous êtes ensanglanté, mais vous avez prouvé à tous que vous conveniez mieux au trône en soumettant [FromFrom.GetTitledFirstName]. [FromFrom.GetSheHeCap] quitte la pièce, seul(e) puisque ses champions se sont tournés vers vous et ont juré de défendre votre cause. ;;;La pelea fue reñida, y te ha dejado maltrecho, pero has demostrado que eres el más adecuado para el trono al vencer a [FromFrom.GetTitledFirstName]. [FromFrom.GetSheHeCap] abandona la sala solo, ya que sus campeones se han unido a tu causa.;;;;;;;;;x
EVTOPTAkingsmoot.25;No-one will stop me;Personne ne m'arrêtera.;;;Nadie me detendrá;;;;;;;;;x
EVTDESCkingsmoot.26;You have been left beaten to a pulp in the fight, [From.GetTitledFirstName] overcoming you and claiming victory. All you can do is leave the hall nursing your injuries as you watch your former champions flock to [From.GetHerHis] cause, leaving your claim for the throne in tatters.;Vous avez été vaincu, [From.GetTitledFirstName] vous a dominé et a revendiqué la victoire. Tout ce que vous pouvez faire c'est panser vos blessures tout en quittant la pièce tandis que vos champions se rangent derrière votre adversaire, piétinant ainsi vos chances de revendiquer le trône. ;;;Te han dado una paliza en la lucha, [From.GetTitledFirstName] te superó y se adjudicó la victoria. Todo lo que puedes hacer es lamer tus heridas mientras observas que tus campeones se unen a su causa pisoteando tus posibilidades de reclamar el trono.;;;;;;;;;x
EVTOPTAkingsmoot.26;The dishonor is painful;Le déshonneur est douloureux.;;;La deshonra es dolorosa.;;;;;;;;;x
EVTDESCkingsmoot.27;Great feasts were being hosted by all those who would name themself King. [From.GetTitledFirstName] was one who was hosting some captains when [From.GetSheHe] became embroiled in a fight with fellow would-be-King [FromFrom.GetTitledFirstName] over honor and prestige. [FromFrom.GetFirstName] beat [From.GetFirstName] into submission, proving [From.GetFirstName]'s cause to be over, [From.GetHerHis] champions abandoning [From.GetHerHim].;De grands festins sont organisés par tous ceux qui se proclament roi. [From.GetTitledFirstName] était l'un(e) de ceux qui accueillaient des capitaines lorsqu'[From.GetSheHe] s'est vu impliqué(e) dans une bagarre avec un autre prétendant, [FromFrom.GetTitledFirstName], pour l'honneur et le prestige. [FromFrom.GetFirstName] a vaincu et soumis [From.GetFirstName], prouvant par là même que la candidature de [From.GetFirstName] n'était plus, ses champions l'ayant abandonné. ;;;Grandes festines son organizados por los pretendientes. [From.GetTitledFirstName] estaba en uno de ellos cuando se involucró en una pelea con otro contendiente, [FromFrom.GetTitledFirstName], por el honor y el prestigio. [FromFrom.GetFirstName] fue derrotado y sometido a[From.GetFirstName], haciendo con ello que la candidatura de [From.GetFirstName] ya no tenga ningún futuro, pues hasta sus campeones le han abandonado.;;;;;;;;;x
EVTOPTAkingsmoot.27;Kingsmoots are rough business;Les États Généraux de la Royauté ne sont pas des promenades de santé.;;;La Asamblea de sucesión es un duro negocio.;;;;;;;;;x
opinion_election_champion;Voted for Me;A voté pour moi;;;Votó por mi;;;;;;;;;x
EVTDESCkingsmoot.28;Not long after the kingsmoot was called, a new pretender has staked a claim for kingship. He calls himself [iron_king_pretender.GetBestName], and claims to be the natural born son of [iron_king.GetTitledFirstName] [iron_king.GetOnlyDynastyName]. Already this new candidate has gained a loyal following.;Peu de temps après l'appel aux États Généraux de la Royauté, un nouveau prétendant s'est fait connaître. Il dit s'appeler [iron_king_pretender.GetBestName], et dit être le fils naturel de [iron_king.GetTitledFirstName] [iron_king.GetOnlyDynastyName]. Il a déjà gagné de nombreux partisans.;;;Poco tiempo después de la llamada a la Asamblea de sucesión, un nuevo pretendiente se ha dado a conocer. Dice llamarse [iron_king_pretender.GetBestName], y que es el hijo natural de [iron_king.GetTitledFirstName] [iron_king.GetOnlyDynastyName]. Ya cuenta con numerosos seguidores leales.;;;;;;;;;x
EVTDESCkingsmoot.28B;Not long after the kingsmoot was called, an obscure new pretender has staked a claim for kingship. He calls himself [iron_king_pretender.GetBestName] of House [iron_king_pretender.GetOnlyDynastyName], and claims to be descended from the ancient Iron Kings of old. Already this new candidate has gained a loyal following.;Peu de temps après l'appel aux États Généraux de la Royauté, un nouveau prétendant s'est fait connaître. Il dit s'appeler [iron_king_pretender.GetBestName] de la maison [iron_king_pretender.GetOnlyDynastyName], et dit descendre des anciens rois de fer. Il a déjà gagné de nombreux partisans.;;;Poco tiempo después de la llamada a la Asamblea de sucesión, un nuevo pretendiente se ha dado a conocer. Dice llamarse [iron_king_pretender.GetBestName] de la casa [iron_king_pretender.GetOnlyDynastyName], y que desciende de los antiguos reyes de hierro. Ya cuenta con numerosos seguidores leales.;;;;;;;;;x
EVTOPTAkingsmoot.28;The captains will surely see through this imposter;Les capitaines ne seront sûrement pas abusés par cet imposteur.;;;Los capitanes sabrán que es un impostor.;;;;;;;;;x
EVTOPTAkingsmoot.29;Perhaps he is an imposter?;Peut-être est-il un imposteur ?;;;Tal vez sea un impostor?;;;;;;;;;x
legitimize_salt_child;Acknowledge Inheritance;Héritage reconnu;;;Reconocer Herencia;;;;;;;;;x
legitimize_salt_child_desc;Acknowledge your Salt child [Root.GetTitledFirstName]'s right to inheritance and include [Root.GetHerHim] in the line of succession;Reconnaître à [Root.GetTitledFirstName], votre Enfant-sel, le droit d'héritage et l'inclure dans la ligne de succession.;;;Reconocer a tu hijo de sal [Root.GetTitledFirstName] el derecho de herencia e incluirlo en la línea de sucesión;;;;;;;;;x
construct_a_flagship;Construct a Flagship;Construire un navire amiral;;;Construir un buque insignia;;;;;;;;;x
construct_a_flagship_desc;The [Root.PrimaryTitle.GetAdjective] Fleet does not currently have a flagship. Have one commisioned to boost its effectiveness and your prestige.;La flotte [Root.PrimaryTitle.GetAdjective] n'a pas de navire amiral. En construire un permettrait d'accroître son efficacité et votre prestige.;;;La flota [Root.PrimaryTitle.GetAdjective] no tiene ningún buque insignia. Construir uno permitiría aumentar su eficacia y prestigio.;;;;;;;;;x
ironborn_events.85;Select a size for your new flagship.;Sélectionnez une taille pour votre nouveau amiral.;;;Selecciona un tamaño para tu nuevo buque insignia;;;;;;;;;x
EVTDESCironborn_events.85;You have ordered the construction of a new flagship for the [Root.PrimaryTitle.GetAdjective] Fleet. [master_of_ships.GetTitledFirstNameNoRegnal] [master_of_ships.GetOnlyDynastyName] is asking for your requirements so [master_of_ships.GetSheHe] can direct the shipbuilders of [Root.Capital.GetName].;Vous avez ordonné la construction d'un nouveau navire amiral pour la flotte [Root.PrimaryTitle.GetAdjective]. [master_of_ships.GetTitledFirstNameNoRegnal] [master_of_ships.GetOnlyDynastyName] vous demande vos préférences pour qu'[master_of_ships.GetSheHe] puisse diriger les ouvriers de [Root.Capital.GetName].;;;Has ordenado la construcción de un nuevo buque insignia para la flota [Root.PrimaryTitle.GetAdjective]. [master_of_ships.GetTitledFirstNameNoRegnal] [master_of_ships.GetOnlyDynastyName] pregunta por tus preferencias para que pueda dirigir a los constructores navales de [Root.Capital.GetName].;;;;;;;;;x
EVTOPTAironborn_events.85;I want an enormous flagship befitting the [Root.GetOnlyDynastyName] fleet!;Je veux un immense navire amiral faisant honneur à la flotte [Root.GetOnlyDynastyName] !;;;Quiero un inmenso buque naval que haga honor a la flota [Root.GetOnlyDynastyName]!;;;;;;;;;x
EVTOPTBironborn_events.85;A good ship capable of leading the fleet;Un bon bateau capable de mener la flotte.;;;Un buen barco capaz de liderar la flota;;;;;;;;;x
EVTOPTCironborn_events.85;Nothing larger or more extravagant than a regular ship;Rien de plus grand ou de plus extravagant qu'un navire normal. ;;;Nada más grande o extravagante que un barco normal;;;;;;;;;x
EVTOPTDironborn_events.85;I change my mind about this;J'ai changé d'avis à propos de ça.;;;He cambiado de idea;;;;;;;;;x
ironborn_events.86A;Construction on an enormous flagship begins. It will give the following bonus:;La construction d'un énorme navire amiral commence. Cela donnera les bonus suivants:;;;La construcción de un enorme buque insignia comienza. Nos dará las siguientes bonificaciones:;;;;;;;;;x
ironborn_events.86B;Construction on a regular flagship begins. It will give the following bonus:;La construction d'un navire amiral commence. Cela donnera les bonus suivants:;;;La construcción de un buque insignia comienza. Nos dará las siguientes bonificaciones:;;;;;;;;;x
ironborn_events.86C;Construction on a small flagship begins. It will give the following bonus:;La construction d'un petit navire amiral commence. Cela donnera les bonus suivants:;;;La construcción de un pequeño buque insignia comienza. Nos dará las siguientes bonificaciones:;;;;;;;;;x
EVTDESCironborn_events.86;[master_of_ships.GetTitledFirstNameNoRegnal] [master_of_ships.GetOnlyDynastyName] has informed you that the new flagship for the [Root.PrimaryTitle.GetAdjective] Fleet is complete! The dromond has over seven hundred oars, and the huge sail is blazened with the arms of House [Root.GetOnlyDynastyName]. Many hundreds of people gather to watch it be launched into the sea off [Root.Capital.GetName], and all say it is one the largest ships they have ever seen.;[master_of_ships.GetTitledFirstNameNoRegnal] [master_of_ships.GetOnlyDynastyName] vous a informé que le nouveau navire amiral pour la flotte [Root.PrimaryTitle.GetAdjective] est terminé ! Le dromon a plus de sept cents rames et l'immense voile est décorée aux armes de la maison [Root.GetOnlyDynastyName]. Des centaines de personnes se sont rassemblées pour assister à sa mise à l'eauau large de [Root.Capital.GetName], et nombre d'entre eux disent qu'il s'agit du plus grand bateau qu'ils ont jamais vu.;;;;;;;;;;;;x
EVTDESCironborn_events.86B;[master_of_ships.GetTitledFirstNameNoRegnal] [master_of_ships.GetOnlyDynastyName] has informed you that the new flagship for the [Root.PrimaryTitle.GetAdjective] Fleet is complete! The beautiful dromond has around four hundred oars, its gilded figurehead carved to honour House [Root.GetOnlyDynastyName]. As the ship is launched into the sea, [master_of_ships.GetTitledFirstNameNoRegnal] assures you the ship is mighty enough to lead the fleet.;[master_of_ships.GetTitledFirstNameNoRegnal] [master_of_ships.GetOnlyDynastyName] vous a informé que le nouveau navire amiral pour la flotte [Root.PrimaryTitle.GetAdjective] est terminé ! Le dromon a plus de quatre cents rames et sa proue est décorée en l'honneur de la maison [Root.GetOnlyDynastyName]. Alors que le navire est mis à l'eau, [master_of_ships.GetTitledFirstNameNoRegnal] vous assure que le navire est assez puissant pour mener la flotte. ;;;;;;;;;;;;x
EVTDESCironborn_events.86C;[master_of_ships.GetTitledFirstNameNoRegnal] [master_of_ships.GetOnlyDynastyName] has informed you that the new flagship for the [Root.PrimaryTitle.GetAdjective] Fleet is complete! Whilst this dromond has only a couple of hundred oars, [master_of_ships.GetTitledFirstNameNoRegnal] claims that it will be the nimblest and fastest in the fleet, with no expense spared on weaponry. The new flagship is launched into the sea off [Root.Capital.GetName] to join the fleet, and assume its command.;[master_of_ships.GetTitledFirstNameNoRegnal] [master_of_ships.GetOnlyDynastyName] vous a informé que le nouveau navire amiral pour la flotte [Root.PrimaryTitle.GetAdjective] est terminé ! Si le dromon n'a que deux cents rames, [master_of_ships.GetTitledFirstNameNoRegnal] vous assure qu'il sera le plus rapide de toute la flotte. Le nouveau navire amiral est mis à l'eau au large de [Root.Capital.GetName] pour qu'il prenne la tête de la flotte.;;;;;;;;;;;;x
EVTDESCironborn_events.86D;[master_of_ships.GetTitledFirstNameNoRegnal] [master_of_ships.GetOnlyDynastyName] has informed you that the new flagship for the [Root.PrimaryTitle.GetAdjective] Fleet is complete! This longship is truly formidable, being larger than any other ironborn longship. The decks are armed with many scorpions and spitfires, and the crew recruited from among the strongest of ironborn veterans. Many hundreds of people gather to watch the launch into the sea off [Root.Capital.GetName], and now all know [Root.GetOnlyDynastyName] power.;[master_of_ships.GetTitledFirstNameNoRegnal] [master_of_ships.GetOnlyDynastyName] vous a informé que le nouveau navire amiral pour la flotte [Root.PrimaryTitle.GetAdjective] est terminé ! Ce snekkar est vraiment formidable, il est plus grand qu'aucun autre navire fer-né. Le pont est armé de nombreux scorpions et l'équipage a été recruté parmi les vétérans les plus expérimentés. Des centaines de gens se sont rassemblés au large de [Root.Capital.GetName] pour assister à la mise à l'eau et tous sont désormais conscients de la puissance des [Root.GetOnlyDynastyName].;;;;;;;;;;;;x
EVTDESCironborn_events.86E;[master_of_ships.GetTitledFirstNameNoRegnal] [master_of_ships.GetOnlyDynastyName] has informed you that the new flagship for the [Root.PrimaryTitle.GetAdjective] Fleet is complete! The strong longship has hundreds of oars, its great figurehead carved to honour House [Root.GetOnlyDynastyName]. [master_of_ships.GetTitledFirstNameNoRegnal] claims its speed and strength to be fearsome, and the crew well trained and ready for battle.;[master_of_ships.GetTitledFirstNameNoRegnal] [master_of_ships.GetOnlyDynastyName] vous a informé que le nouveau navire amiral pour la flotte [Root.PrimaryTitle.GetAdjective] est terminé ! Le puissant snekkar a des centaines de rames et sa proue est décorée aux armes de la maison [Root.GetOnlyDynastyName]. [master_of_ships.GetTitledFirstNameNoRegnal] dit que sa vitesse et sa force sont incomparables à d'autres navires et que son équipage est bien entrainé et prêt à se battre.;;;;;;;;;;;;x
EVTDESCironborn_events.86F;[master_of_ships.GetTitledFirstNameNoRegnal] [master_of_ships.GetOnlyDynastyName] has informed you that the new flagship for the [Root.PrimaryTitle.GetAdjective] Fleet is complete! Whilst this longship is no bigger than others of the fleet, [master_of_ships.GetTitledFirstNameNoRegnal] claims that it will be the nimblest and fastest in the fleet, with no expense spared on weaponry. The new flagship is launched into the sea off [Root.Capital.GetName] to join the fleet, and assume its command.;[master_of_ships.GetTitledFirstNameNoRegnal] [master_of_ships.GetOnlyDynastyName] vous a informé que le nouveau navire amiral pour la flotte [Root.PrimaryTitle.GetAdjective] est terminé ! Bien que ce snekkar ne soit pas plus gros que les autres navires de la flotte, [master_of_ships.GetTitledFirstNameNoRegnal] prétend qu'il est le plus rapide et puissamment armé. Le nouveau snekkar est mis à l'eau au large de [Root.Capital.GetName] où il peut prendre la tête de la flotte.;;;;;;;;;;;;x
EVTOPTAironborn_events.86;A magnificent ship I must say;Un magnifique navire je dois dire.;;;Un magnífico buque debo decir;;;;;;;;;x
enormous_flagship;Enormous Flagship;Énorme navire amiral;;;Enorme buque insignia;;;;;;;;;x
regular_flagship;Regular Flagship;Navire amiral;;;Buque insignia;;;;;;;;;x
small_flagship;Small Flagship;Petit navire amiral;;;Pequeño buque insignia;;;;;;;;;x
EVTDESCironborn_events.87;Now it has been launched and blessed, you must now select a name for your new flagship.;Maintenant qu'il a été mis à l'eau et bénit, vous devez choisir un nom pour votre nouveau navire amiral.;;;Ahora que ya ha sido botado y bendecido, debes elegir un nombre para tu nuevo buque insignia.;;;;;;;;;x
EVTDESCironborn_events.87B;Now it has been launched and blessed by the Drowned Men, you must now select a name for your new flagship.;Maintenant qu'il a été mis à l'eau et bénit par les noyés, vous devez choisir un nom pour votre nouveau navire amiral.;;;Ahora que ya ha sido botado y bendecido por el Dios Ahogado, debes elegir un nombre para tu nuevo buque insignia.;;;;;;;;;x
EVTOPTAironborn_events.87;I name it '[Root.GetTitledFirstName]' in honour of myself;Je le nomme '[Root.GetTitledFirstName]' en mon honneur;;;Lo llamaré '[Root.GetTitledFirstName]' en mi honor;;;;;;;;;x
EVTOPTBironborn_events.87;[Root.Father.GetTitledFirstName]', after my father;[Root.Father.GetTitledFirstName]', en l'honneur de mon père;;;[Root.Father.GetTitledFirstName]', en honor de mi padre;;;;;;;;;x
EVTOPTCironborn_events.87;[Root.Spouse.GetTitledFirstName]', for my beloved [Root.GetHusbandWifeOpp];[Root.Spouse.GetTitledFirstName]', en l'honneur de ma(on) [Root.GetHusbandWifeOpp] bien-aimé(e);;;[Root.Spouse.GetTitledFirstName]', en honor de mi querida [Root.GetHusbandWifeOpp];;;;;;;;;x
EVTOPTDironborn_events.87;I name it '[Root.Capital.GetName]';Je le nomme '[Root.Capital.GetName]';;;Lo llamaré '[Root.Capital.GetName]';;;;;;;;;x
EVTOPTEironborn_events.87;I name it '[Root.GetNickname]';Je le nomme '[Root.GetNickname]';;;Lo llamaré '[Root.GetNickname]';;;;;;;;;x
EVTOPTFironborn_events.87;[Root.Religion.GetHighGodName];[Root.Religion.GetHighGodName];;;[Root.Religion.GetHighGodName];;;;;;;;;x
EVTOPTironborn_events87-7;Tankard;Chopine;;;Pichel;;;;;;;;;x
EVTOPTironborn_events87-8;Bastard;Bâtard;;;Bastardo;;;;;;;;;x
EVTOPTironborn_events87-9;Abstinance;Abstinence;;;Abstinencia;;;;;;;;;x
EVTOPTironborn_events87-10;Beauty;Beauté;;;Beldad;;;;;;;;;x
EVTOPTironborn_events87-11;Monster;Monstre;;;Monstruo;;;;;;;;;x
EVTOPTironborn_events87-12;Desire;Désir;;;Deseo;;;;;;;;;x
EVTOPTironborn_events87-13;Pleasure;Plaisir;;;Placer;;;;;;;;;x
EVTOPTironborn_events87-14;Intellect;Intellect;;;Intelecto;;;;;;;;;x
EVTOPTironborn_events87-15;Golden Flower;Fleur dorée;;;Flor Dorada;;;;;;;;;x
EVTOPTironborn_events87-16;Pain;Souffrance;;;Dolor;;;;;;;;;x
EVTOPTironborn_events87-17;Battle;Bataille;;;Batalla;;;;;;;;;x
EVTOPTironborn_events87-18;Hunter;Chasseur;;;Cazador;;;;;;;;;x
EVTOPTironborn_events87-19;Song;Chanson;;;Canción;;;;;;;;;x
EVTOPTironborn_events87-20;Falcon;Faucon;;;Halcón;;;;;;;;;x
EVTOPTironborn_events87-21;Golden Lion;Lion dorée;;;León Dorado;;;;;;;;;x
EVTOPTironborn_events87-22;Dragon;Dragon;;;Dragón;;;;;;;;;x
EVTOPTironborn_events87-23;Wolf;Loup;;;Lobo;;;;;;;;;x
EVTOPTironborn_events87-24;Silver Trout;Truite argentée;;;Trucha Plateada;;;;;;;;;x
EVTOPTironborn_events87-25;Kraken;Kraken;;;Kraken;;;;;;;;;x
EVTOPTironborn_events87-26;Golden Rose;Rose dorée;;;Rosa Dorada;;;;;;;;;x
EVTOPTironborn_events87-27;Crowned Stag;Cerf couronné;;;Ciervo Coronado;;;;;;;;;x
EVTOPTironborn_events87-28;Red Sun;Soleil rouge;;;Sol Rojo;;;;;;;;;x
EVTOPTironborn_events87-29;Green Hand;Main verte;;;Manoverde;;;;;;;;;x
EVTOPTironborn_events87-30;Flayed Man;Homme écorché;;;Hombre Desollado;;;;;;;;;x
EVTOPTironborn_events87-31;Roaring Giant;Géant rugissant;;;Gigante Rugiente;;;;;;;;;x
EVTOPTironborn_events87-32;Merman;Triton;;;Tritón;;;;;;;;;x
EVTOPTironborn_events87-33;Black Warhorn;Cor noir;;;Cuerno Negro;;;;;;;;;x
EVTOPTironborn_events87-34;Scythe;Faux argentée;;;Guadaña;;;;;;;;;x
EVTOPTironborn_events87-35;Boned Hand;Main en os;;;Esqueleto;;;;;;;;;x
EVTOPTironborn_events87-36;Leviathan;Léviathan;;;Leviatán;;;;;;;;;x
EVTOPTironborn_events87-37;Red Sunset;Couché de soleil;;;Puesta de Sol;;;;;;;;;x
EVTOPTironborn_events87-38;Red Lion;Lion rouge;;;León Rojo;;;;;;;;;x
EVTOPTironborn_events87-39;The Hightower;La Grand-tour;;;Torrealta;;;;;;;;;x
EVTOPTironborn_events87-40;Golden Wine;Vin doré;;;Vino Dorado;;;;;;;;;x
EVTOPTironborn_events87-41;Maiden;Jouvencelle;;;Doncella;;;;;;;;;x
EVTOPTironborn_events87-42;Feast;Banquet;;;Festín;;;;;;;;;x
EVTOPTironborn_events87-43;Discipline;Discipline;;;Disciplina;;;;;;;;;x
EVTOPTironborn_events87-44;Opulence;Opulence;;;Opulencia;;;;;;;;;x
EVTOPTironborn_events87-45;Benevolence;Bienveillance;;;Benevolencia;;;;;;;;;x
EVTOPTironborn_events87-46;Big Ship;Grand navire;;;Barco Grande;;;;;;;;;x
EVTOPTironborn_events87-47;Intent;Intention;;;Propósito;;;;;;;;;x
EVTOPTironborn_events87-48;Resentment;Ressentiment;;;Resentimiento;;;;;;;;;x
EVTOPTironborn_events87-49;Benign;Bénin;;;Benigno;;;;;;;;;x
EVTOPTironborn_events87-50;Formidable;Formidable;;;Formidable;;;;;;;;;x
EVTOPTironborn_events87-51;Leviathan;Léviathan;;;Leviatán;;;;;;;;;x
EVTOPTironborn_events87-52;Audacious;Audacieux;;;Audaz;;;;;;;;;x
EVTOPTironborn_events87-53;Fortitude;Courage;;;Fortaleza;;;;;;;;;x
EVTOPTironborn_events87-54;Magnificent;Magnifique;;;Magnífico;;;;;;;;;x
EVTOPTironborn_events87-55;Invincible;Invincible;;;Invencible;;;;;;;;;x
EVTOPTironborn_events87-56;Fury;Furie;;;Furia;;;;;;;;;x
EVTOPTironborn_events87-57;Serenity;Sérénité;;;Serenidad;;;;;;;;;x
EVTOPTironborn_events87-58;Glory;Gloire;;;Gloria;;;;;;;;;x
EVTOPTironborn_events87-59;Noble;Noble;;;Noble;;;;;;;;;x
EVTOPTironborn_events87-60;Cunning;Rusé;;;Astuto;;;;;;;;;x
EVTOPTironborn_events87-61;Forthright;Franc;;;Franco;;;;;;;;;x
EVTOPTironborn_events87-62;Caution;Prudence;;;Cautela;;;;;;;;;x
EVTOPTironborn_events87-63;Friend;Ami;;;Amigo;;;;;;;;;x
EVTOPTironborn_events87-64;Victory;Victoire;;;Victoria;;;;;;;;;x
EVTOPTironborn_events87-65;Fulfillment;Accomplissement;;;Satisfacción;;;;;;;;;x
EVTOPTironborn_events87-66;Whimsy;Fantasque;;;Extravagancia;;;;;;;;;x
EVTOPTironborn_events87-67;Duty;Devoir;;;Deber;;;;;;;;;x
EVTOPTironborn_events87-68;War-Bringer;Porte-guerre;;;Belisario;;;;;;;;;x
EVTOPTironborn_events87-69;Confidence;Confidence;;;Confidente;;;;;;;;;x
EVTOPTironborn_events87-70;Bloodless;Exsangue;;;Incruento;;;;;;;;;x
EVTOPTironborn_events87-71;Imperious;Impérieux;;;Imperioso;;;;;;;;;x
EVTOPTironborn_events87-72;Cunt;Entrejambe;;;Zorra;;;;;;;;;x
EVTOPTironborn_events87-73;[Root.GetOnlyDynastyName];[Root.GetOnlyDynastyName];;;[Root.GetOnlyDynastyName];;;;;;;;;x
EVTOPTironborn_events87-74;Merciless;Sans pitié;;;Despiadado;;;;;;;;;x
EVTOPTironborn_events87-75;Honour;Honneur;;;Honor;;;;;;;;;x
EVTOPTironborn_events87-76;Elephant;Éléphant;;;Elefante;;;;;;;;;x
EVTOPTironborn_events87-77;Tiger;Tigre;;;Tigre;;;;;;;;;x
EVTOPTironborn_events87-78;Flame;Flamme;;;Llama;;;;;;;;;x
EVTOPTironborn_events87-79;Clear-Sighted;Lucide;;;Perspicaz;;;;;;;;;x
EVTOPTironborn_events87-dragon;[ship_name_dragon.GetFirstName];[ship_name_dragon.GetFirstName];;;;;;;;;;;;x
EVTDESCironborn_events.88;The full might of the [Root.PrimaryTitle.GetAdjective] Fleet is sailing at full speed through [Root.Location.GetName], with the [Root.GetShipName] at its head under your command. The men of all the fleet are eager for battle, emboldened by the sight of their [Root.GetTitle] leading them on [Root.GetHerHis] flagship.;La puissante flotte [Root.PrimaryTitle.GetAdjective] quitte [Root.Location.GetName], le navire amiral '[Root.GetTitledFirstName]' à sa tête et sous votre commandement. Les hommes ont envie de se battre, encouragés par la vue de leur [Root.GetTitle] les menant sur son navire amiral.;;;La poderosa flota [Root.PrimaryTitle.GetAdjective] deja [Root.Location.GetName], con el buque insignia '[Root.GetTitledFirstName]' a su cabeza bajo tu mando. Los hombres tienen ganas de luchar, alentados por la visión de su [Root.GetTitle] liderando el buque insignia.;;;;;;;;;x
EVTOPTAironborn_events.88;We will surely not be defeated!;Nous allons vaincre !;;;Venceremos!;;;;;;;;;x
flagship_morale;Flagship Increases Morale;Navire amiral améliore le moral;;;Buque insignia aumenta la moral;;;;;;;;;x
EVTDESCironborn_events.89;During the siege of [FromFrom.Location.GetName], the [Root.PrimaryTitle.GetAdjective] Fleet led by the [Root.GetShipName] did battle with the enemy fleet. The loss of this great sea battle led to the loss of the castle, and to the loss of many of our ships including the [Root.GetShipName].;Lors du siège de [FromFrom.Location.GetName], la flotte [Root.PrimaryTitle.GetAdjective] menée par le navire amiral '[Root.GetTitledFirstName]' a affronté la flotte ennemie. La défaite lors de cette grande bataille a mené à la perte du château et de très nombreux navires, dont le navire amiral [Root.GetShipName].;;;Durante el asedio de [FromFrom.Location.GetName], la flota [Root.PrimaryTitle.GetAdjective] liderada por el buque insignia '[Root.GetTitledFirstName]' se ha enfrentado a la flota enemiga. La derrota en esta gran batalla condujo a la pérdida del castillo y de numerosos barcos, entre ellos el buque insignia [Root.GetTitledFirstName].;;;;;;;;;x
EVTOPTAironborn_events.89;This is a disaster;C'est un désastre !;;;Menudo desastre;;;;;;;;;x
EVTDESCironborn_events.90;During the siege of [FromFromFrom.Location.GetName], the enemy [From.PrimaryTitle.GetAdjective] Fleet led by [From.GetTitledFirstNameNoRegnal]'s [From.GetShipName] did battle with our fleet. Our forces prevailed in this great sea battle, sinking many enemy ships including the [From.GetTitledFirstName].;Lors du siège de [FromFromFrom.Location.GetName], la flotte [From.PrimaryTitle.GetAdjective] ennemie, menée par le navire amiral de [From.GetTitledFirstNameNoRegnal], '[From.GetTitledFirstName]', a affronté votre propre flotte. Nos forces ont remporté la victoire et coulé de nombreux navires, dont le navire amiral [From.GetTitledFirstName].;;;Durante el asedio de [FromFromFrom.Location.GetName], la flota [From.PrimaryTitle.GetAdjective] enemiga, liderada por el buque insignia de [From.GetTitledFirstNameNoRegnal], '[From.GetTitledFirstName]', se ha enfrentado a nuestra flota. Nuestras fuerzas han conseguido la victoria y han hundido numerosos barcos enemigos, entre ellos el buque insignia [From.GetTitledFirstName].;;;;;;;;;x
EVTOPTAironborn_events.90;A great victory!;Une grande victoire !;;;Una gran victoria!;;;;;;;;;x
EVTDESCironborn_events.100;A group of Drowned Men from around [Root.Capital.GetName] are spreading discontent with your rule. They say you are sullying the Old Way of the Ironborn by engaging in peaceful business with outsiders, paying the gold price for ornaments and trinkets instead of winning them by the Iron price in battle.;Un groupe de disciples du Dieu Noyé venant de [Root,Capital.GetName] répandent le mécontentement envers votre loi. Ils disent que vous souillez l'antique voie des Fer-nés en faisant des plans pacifiques avec des étrangers, payant le prix-Or pour des ornements et des bibelots au lieu de les gagner par le Fer-prix dans un combat.;;;;;;;;;;;;x
EVTOPTAironborn_events.100;Where has the iron price ever got us?;Où est-ce que le Fer-prix ne nous a jamais été dû ? ;;;;;;;;;;;;x
opinion_ironborn_business_focus;Paying the Gold Price;Payer le prix-Or;;;;;;;;;;;;x
