title_knight;Knight;Chevalier;Knight;Knight;Caballero;;;;;;;;;x
title_knight_desc;Anoint this character as a Knight of the Realm.;Oindre ce personnage chevalier du Royaume. ;;;Ungir a este personaje como Caballero del Reino.;;;;;;;;;x
EVTDESCknight.1;In recognition of your glory and honor, a septon offers to anoint you with the holy oils and grant you knighthood.;En reconnaissance de votre gloire et votre honneur, un septon offre de vous oindre des huiles sacrés et de vous accorder la chevalerie.;;;En reconocimiento de tu gloria y honor, un septón se ofrece a ungirte con los santos óleos y a nombrarte caballero.;;;;;;;;;x
EVTOPTAknight.1;Finally some recognition of my abilities, I shall be a famous knight!;Enfin un peu de reconnaissance pour mes capacités, je serai un fameux chevalier !;;;Al fin un poco de reconocimiento de mis capacidades, seré un caballero famoso!;;;;;;;;;x
EVTOPTBknight.1;Fuck your 'sers'!;J'emmerde les chevaliers et leurs serments,;;;Los caballeros y sus juramentos, escupo en ellos...;;;;;;;;;x
EVTOPTCknight.1;May the Warrior guide my path!;Que le Guerrier me guide !;;;Que el Guerrero guíe mi camino!;;;;;;;;;x
EVTDESCknight.2;You notice a visiting knight has a squire with him. You are thinking about offering your guardian your services as a squire...;Vous remarquez qu'un chevalier de passage a un écuyer avec lui. Vous vous demandez si vous ne pourriez pas devenir l'écuyer de votre tuteur…;;;Observas cómo un caballero de visita tiene un escudero consigo. Te preguntas si no podrías ser el escudero de tu tutor...;;;;;;;;;x
EVTDESCknight.3;Your ward offers his services as a squire...;Votre pupille vous offre ses services en tant qu'écuyer…;;;Tu pupilo te ofrece sus servicios como escudero ...;;;;;;;;;x
EVTOPTAknight.3;Why not, a squire can't hurt.;Pourquoi pas, il est toujours bon d'avoir un écuyer.;;;¿Por qué no? No veo qué daño podría hacer.;;;;;;;;;x
EVTOPTBknight.3;Buzz-off kid!;Fiche le camp mon garçon !;;;Niño idiota, yo no soy un caballero.;;;;;;;;;x
EVTDESCknight.4;I am growing old...I hear others mock me behind my back. I am too old to be a squire...;Je deviens trop vieux… J'ai entendu les autres se moquer derrière mon dos. Je suis trop âgé pour être un écuyer. ;;;Me estoy haciendo demasiado viejo... He oído las burlas de otros a mis espaldas. Ya soy demasiado viejo como para ser escudero...;;;;;;;;;x
EVTOPTAknight.4;Pokes on them!...and their kind!;Que les Autres les emportent ! ;;;¡Los Otros se los lleven! ¡Y a los suyos!;;;;;;;;;x
EVTDESCknight.5;The camp was attacked last night. It seems the besieged are growing desperate with their tactics. Most of the men were caught by surprise but not you... you were not only ready to fight, but rallied some men around you and excelled during in combat. One of the knights present offers to knight you on the spot!;Le camp a été attaqué la nuit dernière, lors d'une sortie désespérée des assiégés. De nombreux hommes furent pris par surprise, mais pas vous... vous étiez non seulement prêt à vous battre, mais vous avez également rallié quelques hommes autour de vous et avez excellé durant la bataille. Un chevalier offre de vous oindre sur le champ !;;;El campamento fue atacado ayer por la noche en una salida desesperada de los sitiados. La mayoría de los hombres fueron cogidos por sorpresa, pero no tú... No sólo estabas presto a luchar, formaste con algunos hombres a tu alrededor y sobresaliste durante la batalla. ¡Uno de los caballeros se ofreció a ungirte en el acto!;;;;;;;;;x
EVTDESCknight.6;The enemy is flanking! You rallied some men around you and excelled during the fighting. One of the knights present offers to Knight you on the spot!;L'ennemi a tenté de vous prendre par les flancs. Vous avez rallié de nombreux hommes et avez excellé durant les combats. Un chevalier offre de vous oindre sur le champ ! ;;;¡Nos flanquean! Tras reunir a algunos hombres a tu alrededor y destacar durante los combates, uno de los caballeros se ofrece a ungirte en el acto!;;;;;;;;;x
knight;Knight;Chevalier;;;Caballero;;;;;;;;;x
knight_desc;A knight. Oiled and blessed by a septon, hardened by battle and training;Un chevalier. Oint et bénit par un septon, endurci par la bataille et l’entraînement ;;;Un caballero. Ungido y bendecido por un Septón, endurecido por la batalla y el entrenamiento.;;;;;;;;;x
squire;Squire;Écuyer;;;Escudero;;;;;;;;;x
squire_desc;In the service of a knight;Au service d'un chevalier.;;;El personaje es un escudero al servicio de un caballero;;;;;;;;;x
squiering_refused;Squiring refused;Refusé comme écuyer;;;Rechazado como escudero;;;;;;;;;x
squiering_refused_desc;A knight has refused to let this character squire for him.;Un chevalier a refusé que ce personnage devienne son écuyer;;;Un caballero ha rechazado a este personaje para que sirva como escudero;;;;;;;;;x
EVTDESCknight.7;My guardian refused my squiring offer. I am flushed red with anger and shame. I can already hear some people mocking me behind my back.;Mon tuteur a refusé que je devienne son écuyer. Je suis rouge de colère et de honte, je peux déjà entendre certains personnes ricanner derrière mon dos. ;;;Mi tutor ha rechazado mi oferta para servirle como escudero. Estoy rojo de rabia y vergüenza y la gente habla de mi a mis espaldas.;;;;;;;;;x
EVTDESCknight.8;I am drilling day and night. Being a squire is hard, but it's the price to pay for glory!;Je vais vraiment être entraîné par mon seigneur… Être un écuyer est difficile, mais c'est le prix à payer pour la gloire !;;;Estoy entrenando día y noche. Ser un escudero es difícil, pero es el precio a pagar por la gloria!;;;;;;;;;x
knight_son_bribe_septon;Buy Knighthood for [This.GetBestName];Acheter un titre de chevalerie pour [This.GetBestName];;;Comprarle el título de Caballero a [This.GetBestName];;;;;;;;;x
knight_son_bribe_septon_desc;Bribe a Septon to knight [This.GetBestName].;Corrompre un Septon pour oindre [This.GetBestName].;;;Sobornar a un septón para que unja como Caballero a [This.GetBestName];;;;;;;;;x
knight_son;Knight [This.GetBestName];Chevalier [This.GetBestName];;;Ungir Caballero a [This.GetBestName];;;;;;;;;x
knight_son_desc;[This.GetBestName] has proven himself to be a fine warrior. Perhaps we should officially recognize his skill.;[This.GetBestName] a prouvé qu'il était un excellent guerrier. Peut-être devrions-nous reconnaître officiellement ses talents. ;;;[This.GetBestName] ha demostrado ser un fiero guerrero. Quizás deberíamos reconocerle oficialmente sus habilidades.;;;;;;;;;x
knight_daughter;Knight [This.GetBestName];Chevalier [This.GetBestName];;;Ungir Caballero a [This.GetBestName];;;;;;;;;x
knight_daughter_desc;[This.GetBestName] has proven herself to be a fine warrior, the equal of any knight of the Kingsguard. Though it goes against tradition, perhaps we should officially recognize her skill.;[This.GetBestName] a prouvé qu'elle était une excellente guerrière, l'égal de n'importe quel chevalier de la Garde Royale. Même si cela va à l'encontre de la tradition, peut-être devrions-nous reconnaître officiellement ses talents. ;;;[This.GetBestName] ha demostrado ser una fiera guerrera, igual que cualquier Caballero de la Guardia Real. A pesar de que esto va en contra de todas las tradiciones, quizás deberíamos considerar ungirla Caballero.;;;;;;;;;x
buy_knighthood;Buy Knighthood;Acheter chevalerie. ;;;Comprar el título de Caballero;;;;;;;;;x
buy_knighthood_desc;Bribe a Septon to knight [Root.GetBestName];Corrompre un Septon pour oindre [Root.GetBestName];;;Sobornar a un septón para que unja como Caballero a [This.GetBestName];;;;;;;;;x
EVTDESCknight.9;After a brief inquiry, you found a septon willing to knight your son...for a modest donation.;Après une brève recherche, vous avez trouvé un septon acceptant d'oindre votre fils… contre une modeste donation.;;;Después de algunas preguntas, encuentras un septón dispuesto a ungir como Caballero a tu hijo... por un modesta donación.;;;;;;;;;x
EVTDESCknight.10;Your father has arranged for a septon to knight you!;Votre père s'est arrangé avec septon pour vous faire oindre !;;;Tu padre ha conseguido que un septón te unja como Caballero;;;;;;;;;x
EVTDESCknight.11;Your [GetFromRelation] [From.GetFirstName] has proven [From.GetHerHim]self to be a fine warrior. You have [From.GetHerHim] kneel before you, and proceed to tap [From.GetHerHis] shoulders with your sword.\n\n'[From.GetFirstName] of the House [From.GetOnlyDynastyName], in the name of the Warrior I charge you to be brave. In the name of the Father I charge you to be just. In the name of the Mother I charge you to defend the young and innocent. In the name of the Maid I charge you to protect all women. In the name of the Seven I charge you to be just and honorable.';Votre [GetFromRelation] [From.GetFirstName] a prouvé qu'il était un bon guerrier. Il est à genoux devant vous et vous lui frappez l'épaule du plat de votre épée.\n\n'[From.GetFirstName] de la maison [From.GetOnlyDynastyName],  au nom du Guerrier, je te demande d'être brave. Au nom du Père, je te demande d'être juste. Au nom de la Mère, je te charge de défendre le faible et l'innocent. Au nom de la Jouvencelle, je te charge de protéger toute femme. Au nom des Sept, je te charge d'être juste et honorable.';;;Tu [GetFromRelation] [From.GetFirstName] ha demostrado ser un fiero guerrero. Está arrodillado ante ti y posas tu espada en sus hombros.\n\n'[From.GetFirstName] de la Casa [From.GetOnlyDynastyName], en nombre del Guerrero, te pido que seas valiente. En nombre del Padre, te pido que seas justo. En nombre de la Madre, te pido que defiendas al débil y al inocente. En nombre de la Doncella, te pido que protejas a las mujeres. En nombre de los Siete, te pido que seas justo y honorable.';;;;;;;;;x
EVTOPTAknight.11;Rise Ser [From.GetFirstName];Relevez-vous ser [From.GetFirstName].;;;Alzaos Don [From.GetFirstName];;;;;;;;;x
EVTDESCknight.11B;Your [GetFromRelation] [From.GetFirstName] has proven [From.GetHerHim]self to be a fine warrior. Although it goes against tradition, you have [From.GetHerHim] kneel before you, and proceed to tap [From.GetHerHis] shoulders with your sword.\n\n'[From.GetFirstName] of the House [From.GetOnlyDynastyName], in the name of the Warrior I charge you to be brave. In the name of the Father I charge you to be just. In the name of the Mother I charge you to defend the young and innocent. In the name of the Maid I charge you to protect all women. In the name of the Seven I charge you to be just and honorable.';Votre [GetFromRelation] [From.GetFirstName] a prouvé qu'elle était une bon guerrière. Bien que ce ne soit pas la tradition vous l'avez fait mettre à genoux devant vous avant de lui frapper l'épaule du plat de votre épée.\n\n'[From.GetFirstName] de la maison [From.GetOnlyDynastyName],  au nom du Guerrier, je te demande d'être brave. Au nom du Père, je te demande d'être juste. Au nom de la Mère, je te charge de défendre le faible et l'innocent. Au nom de la Jouvencelle, je te charge de protéger toute femme. Au nom des Sept, je te charge d'être juste et honorable.';;;Tu [GetFromRelation] [From.GetFirstName] ha demostrado ser una buena guerrera. Aunque vaya en contra de las tradiciones, haces que se arrodille ante ti, y procedes a posar tu espada en sus hombros.\n\n'[From.GetFirstName] de la Casa [From.GetOnlyDynastyName], en el nombre del Guerrero te pido que seas valiente. En el nombre del Padre te pido que seas justa. En el nombre de la Madre te pido que defiendas al débil y al inocente. En el nombre de la Doncella te pido que protejas a las mujeres. En el nombre de los Siete te pido que seas  justa y honorable.';;;;;;;;;x
EVTOPTAknight.11B;Rise Lady [From.GetFirstName];Relevez-vous lady [From.GetFirstName];;;Alzaos Doña [From.GetFirstName];;;;;;;;;x
EVTDESCknight.11C;Your [GetFromRelation] [From.GetFirstName] has proven [From.GetHerHim]self to be a fine warrior. You have [From.GetHerHim] kneel before you, and proceed to tap [From.GetHerHis] shoulders with your sword.\n\n'[From.GetFirstName] of [From.Liege.Capital.GetName], in the name of the Warrior I charge you to be brave. In the name of the Father I charge you to be just. In the name of the Mother I charge you to defend the young and innocent. In the name of the Maid I charge you to protect all women. In the name of the Seven I charge you to be just and honorable.';Votre [GetFromRelation] [From.GetFirstName] a prouvé qu'il était un bon guerrier. Il est à genoux devant vous et vous lui frappez l'épaule du plat de votre épée.\n\n'[From.GetFirstName] de [From.Liege.Capital.GetName],  au nom du Guerrier, je te demande d'être brave. Au nom du Père, je te demande d'être juste. Au nom de la Mère, je te charge de défendre le faible et l'innocent. Au nom de la Jouvencelle, je te charge de protéger toute femme. Au nom des Sept, je te charge d'être juste et honorable.';;;Tu [GetFromRelation] [From.GetFirstName] ha demostrado ser un buen guerrero. Haces que se arrodille ante ti, y procedes a posar tu espada en sus hombros.\n\n'[From.GetFirstName] de la Casa [From.GetOnlyDynastyName], en nombre del Guerrero, te pido que seas valiente. En nombre del Padre, te pido que seas justo. En nombre de la Madre, te pido que defiendas al débil y al inocente. En nombre de la Doncella, te pido que protejas a las mujeres. En nombre de los Siete, te pido que seas justo y honorable.';;;;;;;;;x
EVTDESCknight.11D;Your [GetFromRelation] [From.GetFirstName] has proven [From.GetHerHim]self to be a fine warrior. Although it goes against tradition, you have [From.GetHerHim] kneel before you, and proceed to tap [From.GetHerHis] shoulders with your sword.\n\n'[From.GetFirstName] of [From.Liege.Capital.GetName], in the name of the Warrior I charge you to be brave. In the name of the Father I charge you to be just. In the name of the Mother I charge you to defend the young and innocent. In the name of the Maid I charge you to protect all women. In the name of the Seven I charge you to be just and honorable.';Votre [GetFromRelation] [From.GetFirstName] a prouvé qu'elle était une bon guerrière. Bien que ce ne soit pas la tradition vous l'avez fait mettre à genoux devant vous avant de lui frapper l'épaule du plat de votre épée.\n\n'[From.GetFirstName] de [From.Liege.Capital.GetName],  au nom du Guerrier, je te demande d'être brave. Au nom du Père, je te demande d'être juste. Au nom de la Mère, je te charge de défendre le faible et l'innocent. Au nom de la Jouvencelle, je te charge de protéger toute femme. Au nom des Sept, je te charge d'être juste et honorable.';;;Tu [GetFromRelation] [From.GetFirstName] ha demostrado ser una buena guerrera. Aunque vaya en contra de las tradiciones, haces que se arrodille ante ti, y procedes a posar tu espada en sus hombros.\n\n'[From.GetFirstName] de la Casa [From.GetOnlyDynastyName], en el nombre del Guerrero te pido que seas valiente. En el nombre del Padre te pido que seas justa. En el nombre de la Madre te pido que defiendas al débil y al inocente. En el nombre de la Doncella te pido que protejas a las mujeres. En el nombre de los Siete te pido que seas  justa y honorable.';;;;;;;;;x
EVTTITLEknight.12;Knighthood;Chevalerie;;;Caballería;;;;;;;;;x
EVTDESCknight.12;Your [GetFromFromRelation] [FromFrom.GetTitle] [FromFrom.GetFirstName] [FromFrom.GetOnlyDynastyName] has decided you are worthy of knighthood. You kneel before your [GetFromFromRelation] and [FromFrom.GetSheHe] proceeds to tap your shoulders with [FromFrom.GetHerHis] sword.\n\n'[Root.GetFirstName] of the House [Root.GetOnlyDynastyName], in the name of the Warrior I charge you to be brave. In the name of the Father I charge you to be just. In the name of the Mother I charge you to defend the young and innocent. In the name of the Maid I charge you to protect all women. In the name of the Seven I charge you to be just and honorable.';Votre [GetFromFromRelation] [FromFrom.GetTitle] [FromFrom.GetFirstName] [FromFrom.GetOnlyDynastyName] vous a jugé digne de la chevalerie. Vous vous agenouillez devant votre [GetFromFromRelation] et [FromFrom.GetSheHe] frappe votre épaule du plat de son épée:\n\n'[Root.GetFirstName] de la maison [Root.GetOnlyDynastyName], au nom du Guerrier, je te demande d'être brave. Au nom du Père, je te demande d'être juste. Au nom de la Mère, je te charge de défendre le faible et l'innocent. Au nom de la Jouvencelle, je te charge de protéger toute femme. Au nom des Sept, je te charge d'être juste et honorable.';;;Tu [GetFromFromRelation] [FromFrom.GetTitle] [FromFrom.GetFirstName] [FromFrom.GetOnlyDynastyName] ha decidido que eres digno de ser un Caballero. Te arrodillas ante tu [GetFromFromRelation] y este procede a posar su espada en tus hombros.\n\n'[From.GetFirstName] de la Casa [From.GetOnlyDynastyName],  en nombre del Guerrero, te pido que seas valiente. En nombre del Padre, te pido que seas justo. En nombre de la Madre, te pido que defiendas al débil y al inocente. En nombre de la Doncella, te pido que protejas a las mujeres. En nombre de los Siete, te pido que seas justo y honorable.';;;;;;;;;x
EVTOPTAknight.12;Thank you [FromFrom.PrimaryTitle.GetFOA];Merci [FromFrom.PrimaryTitle.GetFOA];;;Gracias [FromFrom.PrimaryTitle.GetFOA];;;;;;;;;x
EVTDESCknight.13;Your daughter has proven herself to be a fine warrior, the equal of any knight of the Kingsguard. Though it goes against tradition, perhaps we should officially recognize her skill.;Votre fille a prouvé qu'elle était une excellente guerrière, l'égal de n'importe quel chevalier de la Garde Royale. Même si cela va à l'encontre de la tradition, peut-être devriez-vous reconnaître officiellement ses talents.;;;Tu hija ha demostrado ser una buena guerrera, igual que cualquier Caballero de la Guardia Real. A pesar de que esto va en contra de todas las tradiciones, quizás deberíamos considerar nombrarla Caballero.;;;;;;;;;x
EVTDESCknight.15;After a brief inquiry, you found a septon willing to Knight you... for a modest donation.;Après une brève recherche, vous avez trouvé un septon acceptant de vous oindre… contre une modeste donation.;;;Después de algunas preguntas, encuentras un septón dispuesto a ungirte como Caballero... por un modesta donación.;;;;;;;;;x
EVTDESCknight.16;My guardian took me as his squire!;Mon tuteur m'a pris à son service comme écuyer !;;;Mi tutor me ha tomado como su escudero!;;;;;;;;;x
title_ser;Ser;Ser;Ser;;Don;Ser;;;;;;;;x
title_lady;Lady;Lady;Lady;;Doña;Lady;;;;;;;;x
EVTDESCknight.17;Andal legend is full of great knights, but not all knights are true, and not all true knights are born of the nobility. A knight is a holy warrior of the Seven, and thus, only the faithful may take up the role. You have been anointed a knight and are thus permitted to bear the title 'Ser.';Les légendes Andales sont pleines de grands chevaliers, mais tous les chevaliers ne le sont pas vraiment et tous ne sont pas nés nobles. Un chevalier est un saint guerrier des Sept, et seul un fidèle peut endosser ce rôle. Vous avez été oint chevalier et vous avez désormais le droit de porter le titre 'Ser'.;;;Las leyendas ándalas están repletas de grandes caballeros, pero no todos los caballeros lo son realmente y no todos nacen nobles. Un caballero es un santo guerrero de los Siete y sólo los fieles pueden asumir ese papel. Has sido ungido caballero y tienes el derecho de usar el título de 'Don';;;;;x,;;;;x
take_ward_squire;Take on as a Squire;Prendre un écuyer;;;Tomar un escudero;;;;;;;;;x
take_ward_squire_desc;Take your ward [Root.GetTitledFirstName] on as a squire.;Mon pupille va devenir mon écuyer;;;Mi pupilo será mi escudero;;;;;;;;;x
take_ward_squire_named;Take on [Root.GetTitledFirstName] as a Squire;[Root.GetTitledFirstName] va devenir écuyer;;;Tomar a [Root.GetTitledFirstName] como escudero;;;;;;;;x;
EVTDESCknight.19;Your squire [From.GetFirstName] [From.GetOnlyDynastyName] has finally become a man grown, [From.GetHerHis] training under your guardianship coming to an end. As a Knight you can choose to knight young [From.GetFirstName], that is if you deem [From.GetHerHim] worthy...;Votre écuyer [From.GetFirstName] [From.GetOnlyDynastyName] est finalement devenu un homme fait, sa formation et son entraînement, sous votre responsabilité, arrivent à leur fin. En tant que chevalier vous pouvez adouber le jeune [From.GetFirstName], si vous l'en jugez digne bien entendu...;;;Tu escudero [From.GetFirstName] [From.GetOnlyDynastyName] se ha convertido en un hombre hecho, su formación y su entrenamiento, bajo tu responsabilidad, han llegado a su fin. Como caballero que sois podéis armar caballero al joven [From.GetFirstName] si lo estimas digno de ello.;;;;;;;;;x
OPTAknight.19;Yes, [From.GetSheHe] has earned it;Oui, [From.GetSheHe] l'a mérité;;;Sí, [From.GetSheHe] lo merece.;;;;;;;;;x
OPTBknight.19;[From.GetSheHeCap] is not ready;[From.GetSheHeCap] n'est pas prêt;;;[From.GetSheHeCap] no está preparado.;;;;;;;;;x
EVTDESCknight.20;Your training as a squire under the tutelage of [From.GetTitle] [From.GetFirstName] [From.GetOnlyDynastyName] is nearing it's end. You have learned how to care for and use weapons, armor, and horses as well as about Chivalry, and now [From.GetTitle] [From.GetFirstName] deems you worthy to be proclaimed a Knight.;Votre formation et votre entraînement en tant qu'écuyer de [From.GetTitle] [From.GetFirstName] [From.GetOnlyDynastyName] arrivent à leur fin. Vous avez appris à vous servir d'une arme, à entretenir une armure, à vous occuper des chevaux et on vous a inculqué les valeurs de la chevalerie. [From.GetTitle] [From.GetFirstName] vous a jugé digne de devenir chevalier. ;;;Tu educación y entrenamiento como escudero de  [From.GetTitle] [From.GetFirstName] [From.GetOnlyDynastyName] han llegado a su fin. Has aprendido a usar un arma, a mantener una armadura, a ocuparte de los caballos y te han inculcado los valores de la caballería. [From.GetTitle] [From.GetFirstName] te ha juzgado digno de ser caballero.;;;;;;;;;x
OPTAknight.20;I will be brave and true;Je serai brave et honnête.;;;Seré valiente y honesto.;;;;;;;;;x
OPTBknight.20;No, [Root.Religion.GetRandomGodName] would frown upon it;Non, [Root.Religion.GetRandomGodName] désapprouverai(en)t;;;No, [Root.Religion.GetRandomGodName] lo desaprobaría.;;;;;;;;;x
opinion_knighted_me;Knighted Me;M'a adoubé;;;Me ungió Caballero;;;;;;;;;x
title_knight_of_the_greenhand;Knight of the Order of the Green Hand;Chevalier de l'Ordre de la Main Verte;;;Caballero de la Orden de Manoverde;;;;;;;;;x
title_knight_of_the_greenhand_desc;The Order of the Green Hand was a chivlaric order established by the Gardener Kings of The Reach, and was the most prestigious order of it's kind. It's member knights included both great lords and tourney champions, invited into the order for their prowess, purity, honour and virtue.;L'Ordre de la Main Verte était le plus prestigieux ordre de chevalerie du Bief établi par les rois Jardiniers. Les plus grands lords et les plus grands champions de tournois, des hommes aussi purs, honorables et vertueux qu'habiles aux armes, avaient l'honneur d'en faire partie.;;;La Orden de Manoverde era una orden de caballería establecida por los Reyes Gardener del Dominio, y fue una de las órdenes mas prestigiosas de su clase. Entre sus miembros se incluían grandes señores y campeones de torneos, invitados a la orden por su habilidad, pureza, honor y virtud.;;;;;;;;;x
title_knight_of_the_greenhand_manderly;Knight of the Order of the Green Hand;Chevalier de l'Ordre de la Main Verte;;;Caballero de la Orden de Manoverde;;;;;;;;;x
title_knight_of_the_greenhand_manderly_desc;The Order of the Green Hand was a chivlaric order established by the Gardener Kings of The Reach, and was the most prestigious order of it's kind. It's member knights included both great lords and tourney champions, invited into the order for their prowess, purity, honour and virtue. Following their exile from The Reach decades ago, House Manderly still claims membership of the order.;L'Ordre de la Main Verte était le plus prestigieux ordre de chevalerie du Bief établi par les rois Jardiniers. Les plus grands lords et les plus grands champions de tournois, des hommes aussi purs, honorables et vertueux qu'habiles aux armes, avaient l'honneur d'en faire partie.;;;La Orden de Manoverde era una orden de caballería establecida por los Reyes Gardener del Dominio, y fue una de las órdenes mas prestigiosas de su clase. Entre sus miembros se incluían grandes señores y campeones de torneos, invitados a la orden por su habilidad, pureza, honor y virtud. Los caballeros de la Casa Manderly todavía afirman pertenecer a la Orden de Manoverde, ya que los Manderly fueron exiliados del Dominio antes de que los últimos miembros de la Orden de Manoverde murieran con el rey Mern IX Gardener en el Campo de Fuego durante la Guerra de la Conquista.;;;;;;;;;x
EVTDESCknight.30;Shall [From.GetTitle] [From.GetFirstName] [From.GetOnlyDynastyName] be inducted into the Order of The Green Hand? Knights of this order are usually considered to be the most honourable and pious in the realm.;[From.GetTitle] [From.GetFirstName] [From.GetOnlyDynastyName] devrait-il être invité à entrer dans l'Ordre de la Main Verte ? Les chevaliers de cet ordre sont souvent considérés comme les plus honorables et les plus pieux du royaume.;;;¿Debería admitir a [From.GetTitle] [From.GetFirstName] [From.GetOnlyDynastyName] en la Orden de Manoverde? Los Caballeros de esta orden son considerados como los más honorables y piadosos del Reino.;;;;;;;;;x
EVTOPTAknight.30;Yes, [From.GetSheHe] has proved [From.GetHerHim]self to be a true knight;Oui, [From.GetSheHe] a prouvé qu'[From.GetSheHe] était un vrai chevalier.;;;Si, [From.GetSheHe] ha probado ser un verdadero Caballero.;;;;;;;;;x
EVTOPTCknight.30;[From.GetSheHeCap] is a dubious knight, but shall be in the Order;[From.GetSheHeCap] est un chevalier des plus douteux, mais [From.GetSheHe] devrait faire partie de l'Ordre.;;;[From.GetSheHeCap] es un dudoso caballero, pero será admitido en la Orden;;;;;;;;;x
EVTOPTBknight.30;No, [From.GetSheHe] is not worthy;Non, [From.GetSheHe] n'est pas digne d'un tel honneur.;;;No, [From.GetSheHe] no es digno de tal honor.;;;;;;;;;x
opinion_knight_of_the_greenhand;Inducted Me Into Order of the Green Hand;M'a accueilli dans l'Ordre de la Main Verte;;;Me admitió en la Orden de Manoverde;;;;;;;;;x
EVTDESCknight.31;[Root.GetTitle] [Root.GetFirstName], in recognition of your honour and virtue, I hereby name you a Knight of the Order of the Green Hand.\n\nSigned\n[From.GetTitledFirstNameNoRegnal] of the House [From.GetOnlyDynastyName], the [From.GetRegnalOrdinal] of [From.GetHerHis] name, Lord of [From.Capital.GetName] and Sovereign of the Green Hand;[Root.GetTitle] [Root.GetFirstName], en reconnaissance de vos vertus et de votre honneur, je vous nomme par la présente chevalier de l'Ordre de la Main Verte.\n\nSigné\n[From.GetTitledFirstNameNoRegnal] de la maison [From.GetOnlyDynastyName] [From.GetRegnalOrdinal]de son nom, Sire de [From.Capital.GetName] et Maître de la Main Verte;;;[Root.GetTitle] [Root.GetFirstName], en reconocimiento de vuestro honor y virtud, tengo el honor de nombraros Caballero de la Orden de la Mano Verde.\n\nFirmado\n[From.GetTitledFirstName] de la Casa [From.GetOnlyDynastyName], Señor de [From.Capital.GetName] y Soberano de la Mano Verde;;;;;;;;;x
OPTAknight.31;Thank you [From.PrimaryTitle.GetFOA];Merci [From.PrimaryTitle.GetFOA];;;Gracias [From.PrimaryTitle.GetFOA];;;;;;;;;x
EVTDESCknight.32;[FromFrom.GetTitle] [FromFrom.GetFirstName] [FromFrom.GetOnlyDynastyName] has [FromFrom.GetHerHis] skill at arms by claiming victory in the Tourney of [From.Capital.GetName]. Perhaps [FromFrom.GetSheHe] should be honoured with an invitation to The Order of the Green Hand? That is if [FromFrom.GetSheHe] has shown enough virtue and piety.;[FromFrom.GetTitle] [FromFrom.GetFirstName] [FromFrom.GetOnlyDynastyName] a prouvé son habilité aux armes en remportant le tournoi de [From.Capital.GetName]. Peut-être serait-[FromFrom.GetSheHe] honoré d'une invitation à rejoindre l'Ordre de la Main Verte ? A la condition, tout de même, qu'[FromFrom.GetSheHe] possède les vertus et la piété nécessaires pour intégrer l'Ordre.;;;[FromFrom.GetTitle] [FromFrom.GetFirstName] [FromFrom.GetOnlyDynastyName] ha probado su habilidad con las armas ganando el Torneo de [From.Capital.GetName]. Quizás debería ser honrado con una invitación a la Orden de Manoverde? Esto es, por supuesto, si ha demostrado la suficientemente virtud y piedad.;;;;;;;;;x
EVTOPTAknight.32;Yes, [FromFrom.GetSheHe] has proved [FromFrom.GetHerHim]self to be a true knight;Oui, [FromFrom.GetSheHe] a prouvé qu'[FromFrom.GetSheHe] était un vrai chevalier.;;;Si, [From.GetSheHe] ha probado ser un verdadero Caballero.;;;;;;;;;x
EVTOPTBknight.32;No, [FromFrom.GetSheHe] is not worthy;Non, [FromFrom.GetSheHe] n'est pas digne d'un tel honneur.;;;No, [From.GetSheHe] no es digno de tal honor.;;;;;;;;;x
opinion_knight_of_the_greenhand_refused;Did Not Induct Me Into Order of the Green Hand;Ne m'a pas accueilli dans l'Ordre de la Main Verte;;;No me admitió en la Orden de Manoverde;;;;;;;;;x
EVTDESCknight.33;[Root.GetTitle] [Root.GetFirstName], in recognition of your win in the Tourney of [FromFrom.Capital.GetName], as well as your impeccable valour and honour, I hereby name you a Knight of the Order of the Green Hand.\n\nSigned\n[From.GetTitledFirstNameNoRegnal] of the House [From.GetOnlyDynastyName], the [From.GetRegnalOrdinal] of [From.GetHerHis] name, Lord of [From.Capital.GetName] and Sovereign of the Green Hand;[Root.GetTitle] [Root.GetFirstName], en reconnaissance de vos prouesses au tournoi de [FromFrom.Capital.GetName], de votre valeur et de votre honneur, je vous nomme par la présente chevalier de l'Ordre de la Main Verte.\n\nSigné\n[From.GetTitledFirstNameNoRegnal] de la maison [From.GetOnlyDynastyName] [From.GetRegnalOrdinal]de son nom, Sire de [From.Capital.GetName] et Maître de la Main Verte;;;[Root.GetTitle] [Root.GetFirstName], en reconocimiento de vuestra victoria en el Torneo de [FromFrom.Capital.GetName], así como vuestro impecable valentía y honor, tengo el honor de nombraros Caballero de la Orden de la Mano Verde.\n\nFirmado\n[From.GetTitledFirstName] de la Casa [From.GetOnlyDynastyName], Señor de [From.Capital.GetName] y Soberano de la Mano Verde.;;;;;;;;;x
EVTDESCknight.34;Despite winning the Tourney of [FromFrom.Capital.GetName], [From.GetTitle] [From.GetFirstName] has chosen not to induct me into the Order of the Green Hand as is custom. [From.GetSheHeCap] apparently does not deem me to be a worthy enough knight.;Malgré votre victoire au tournoi de [FromFrom.Capital.GetName], [From.GetTitle] [From.GetFirstName] a décidé de ne pas vous accueillir, comme il est de coutume, dans l'Ordre de la Main Verte. [From.GetSheHeCap] pense que vous n'êtes pas digne d'un tel honneur.;;;A pesar de ganar el Torneo de [FromFrom.Capital.GetName], [From.GetTitle] [From.GetFirstName] ha decidido no admitirme en la Orden de Manoverde como es costumbre. Parece que no me considera un Caballero suficientemente digno para tal honor.;;;;;;;;;x
OPTAknight.34;This is insulting;C'est insultant !;;;Esto es insultante!;;;;;;;;;x
EVTDESCknight.36;A great honour has been bestowed on your [GetFromRelation] [From.GetTitle] [From.GetFirstName]. [FromFrom.GetTitle] [FromFrom.GetFirstName] has seen fit to induct [From.GetHerHim] as a Knight of the Order of the Green Hand, the most prestigious and ancient of the chivalric orders of The Reach.;Un grand honneur vient d'être accordé à votre [GetFromRelation] [From.GetTitle] [From.GetFirstName]. [FromFrom.GetTitle] [FromFrom.GetFirstName] a jugé bon de le nommer chevalier de l'Ordre de la Main Verte, le plus ancien et prestigieux des ordres de chevalerie du Bief.;;;Un gran honor ha sido otorgado a tu [GetFromRelation] [From.GetTitle] [From.GetFirstName]. [FromFrom.GetTitle] [FromFrom.GetFirstName] ha tenido a bien admitirle como Caballero de la Orden de Manoverde, la más prestigiosa y antigua de las órdenes de caballería del Dominio.;;;;;;;;;x
OPTAknight.36;Well done;Quel honneur !;;;Qué gran honor!;;;;;;;;;x
EVTDESCknight.21;Young [From.GetFirstName] has rejected your offer of a knighthood despite squiring under you all these years. [From.GetSheHeCap] says that as a follower of [From.Religion.GetName] [From.GetSheHe] cannot accept the honours associated with the worship of The Seven.;Le(a) jeune [From.GetFirstName] a rejeté(e) votre offre d'adoubement malgré toutes ces années passées en tant que votre écuyer. [From.GetSheHeCap] dit qu'en tant qu'adepte de [From.Religion.GetName] [From.GetSheHe] ne peut pas accepter les honneurs associés au culte des Sept.;;;El joven [From.GetFirstName] ha rechazado tu oferta de armarlo caballero a pesar de todos estos años como tu escudero. Dice que como adepto de [From.Religion.GetName] no puede aceptar los honores asociados al culto de los Siete.;;;;;;;;;x
OPTAknight.21;I am disappointed;Je suis déçu(e).;;;Estoy decepcionado;;;;;;;;;x
