kingsguard;Kingsguard;Garde Royale;;;Guardia Real;;;;;;;;;x
kingsguard_desc;This character has sworn a vow to protect the royal family, with their own life if need be.;Ce personnage a fait le serment de protéger le roi, au prix de sa vie s'il le faut.;;;Este personaje ha jurado proteger al rey, a costa de su vida si es necesario.;;;;;;;;;x
EVTDESCkingsguard.2;A vacancy has become available on the Kingsguard. Seven swords must guard the [Root.GetTitle] - you must choose a replacement.;Une place s'est libérée dans la Garde Royale. Sept épées doivent défendre le(a) [Root.GetTitle], vous devez choisir un remplaçant. ;;;Hay una vacante en la Guardia Real. Siete espadas deben defender al [Root.GetTitle], debes elegir a un sustituto.;;;;;;;;;x
EVTDESCkingsguard.2B;A vacancy has become available on the Kingsguard. Seven swords must guard the [From.GetTitle] - as [From.GetHerHis] [Root.GetLordLady] Regent you must choose a replacement.;Une place s'est libérée dans la Garde Royale. Sept épées doivent défendre le(a) [Root.GetTitle] - en tant que [Root.GetLordLady] Régent€ vous devez choisir un remplaçant.;;;Hay una vacante en la Guardia Real. Siete espadas deben defender al [From.GetTitle], como su regente debes elegir a un sustituto.;;;;;;;;;x
EVTOPTAkingsguard.2;Bring me the greatest knights in all the realm!;Choisir parmi les meilleurs combattants du royaume.;;;Elige uno de los mejores combatientes del reino.;;;;;;;;;x
EVTOPTBkingsguard.2;Bring me the knights I can trust most!;Choisir quelqu'un en qui je puisse avoir confiance.;;;Elige a alguien en quien pueda confiar.;;;;;;;;;x
EVTOPTCkingsguard.2;Bring me knights from powerful houses!;Choisir un fils prestigieux d'une famille prestigieuse.;;;Elige un hijo de una prestigiosa familia.;;;;;;;;;x
EVTOPTDkingsguard.2;Bring me the sons of the Lords Paramount!;Choisir l'un des fils des Seigneurs suzerains.;;;Elige un hijo de un Señor Supremo.;;;;;;;;;x
EVTOPTEkingsguard.2;I can't be bothered right now.;Je ne peux pas être dérangé tout de suite.;;;No puedo ser molestado en estos momentos.;;;;;;;;;x
EVTOPTFkingsguard.2;There are few worthy knights, but I must pick someone;Il y a peu de chevaliers qui conviennent mais je dois prendre quelqu'un.;;;Hay algunos caballeros que están de acuerdo, pero tengo que llevar a alguien.;;;;;;;;;x
EVTDESCkingsguard.3;The greatest knights of the realm have gathered for you at [Root.Location.GetName]. You must choose one to join your Kingsguard.;Les plus grands chevaliers du royaume se sont réunis à [Root.Location.GetName]. Vous devez en choisir un pour qu'il rejoigne la Garde Royale, sous votre commandement. ;;;Los grandes caballeros del reino se han reunido en [Root.Location.GetName]. Debes elegir uno para unirse a la Guardia Real.;;;;;;;;;x
EVTDESCkingsguard.3B;The greatest knights of the realm have gathered for you at [Root.Location.GetName]. You must choose one to join [FromFrom.GetTitledFirstNameNoRegnal]'s Kingsguard.;Les plus grands chevaliers du royaume se sont réunis à [Root.Location.GetName]. Vous devez en choisir un pour qu'il rejoigne la Garde Royale, sous le commandement de [FromFrom.GetTitledFirstNameNoRegnal]. ;;;Los grandes caballeros del reino se han reunido en [Root.Location.GetName]. Debes elegir uno para unirse a la Guardia Real de [FromFrom.GetTitledFirstNameNoRegnal];;;;;;;;;x
EVTOPTAkingsguard.3;[KG_1.GetTitledFirstName] [KG_1.GetOnlyDynastyName], step forward!;[KG_1.GetTitledFirstName] [KG_1.GetOnlyDynastyName], un pas en avant !;;;[KG_1.GetTitledFirstName] [KG_1.GetOnlyDynastyName], un paso adelante!;;;;;;;;;x
EVTOPTBkingsguard.3;[KG_2.GetTitledFirstName] [KG_2.GetOnlyDynastyName], step forward!;[KG_2.GetTitledFirstName] [KG_2.GetOnlyDynastyName], un pas en avant !;;;[KG_2.GetTitledFirstName] [KG_2.GetOnlyDynastyName], un paso adelante!;;;;;;;;;x
EVTOPTCkingsguard.3;[KG_3.GetTitledFirstName] [KG_3.GetOnlyDynastyName], step forward!;[KG_3.GetTitledFirstName] [KG_3.GetOnlyDynastyName], un pas en avant !;;;[KG_3.GetTitledFirstName] [KG_3.GetOnlyDynastyName], un paso adelante!;;;;;;;;;x
EVTDESCkingsguard.4;At your request, the greatest knights of the realm have gathered for you at [Root.Location.GetName]. You have carefully weeded out the treacherous and untrustworthy. All those who remain can be trusted to be loyal to you, and you alone. Now you must choose one to serve on your Kingsguard.;A votre demande, les plus grands chevaliers du royaume se sont réunis à [Root.Location.GetName]. Vous avez soigneusement écarté les hommes déloyaux et les menteurs. Tous ceux qui restent sont dignes de foi et sont loyaux envers vous. Maintenant vous devez en choisir pour servir dans la Garde Royale. ;;;A tu petición los mejores caballeros del reino se han reunido en [Root.Location.GetName]. Has quitado cuidadosamente a los hombres desleales y mentirosos. Todos los que quedan son fiables y son leales. Ahora debes elegir quien servirá en la Guardia Real.;;;;;;;;;x
EVTDESCkingsguard.4B;At your request, the greatest knights of the realm have gathered for you at [Root.Location.GetName]. You have carefully weeded out the treacherous and untrustworthy. All those who remain can be trusted to be loyal to you, and you alone. Now you must choose one to serve on [FromFrom.GetTitledFirstNameNoRegnal]'s Kingsguard.;A votre demande, les plus grands chevaliers du royaume se sont réunis à [Root.Location.GetName]. Vous avez soigneusement écarté les hommes déloyaux et les menteurs. Tous ceux qui restent sont dignes de foi et sont loyaux envers vous. Maintenant vous devez en choisir pour servir dans la Garde Royale. ;;;A tu petición los mejores caballeros del reino se han reunido en [Root.Location.GetName]. Has quitado cuidadosamente a los hombres desleales y mentirosos. Todos los que quedan son fiables y son leales. Ahora debes elegir quien servirá en la Guardia Real de [FromFrom.GetTitledFirstNameNoRegnal].;;;;;;;;;x
EVTDESCkingsguard.5;Many sons of powerful noble houses have gathered for you at [Root.Location.GetName]. After surveying their ranks, you believe you have found the best candidates for your Kingsguard.;Bien des fils de puissantes maisons nobles se sont réunis pour vous à [Root.Location.GetName]. Après avoir examiné le prestige de leurs maisons, vous pensez avoir trouver les meilleurs candidats pour la Garde Royale, sous votre commandement. ;;;Muchos hijos de las poderosas casas nobles se han reunido en [Root.Location.GetName]. Después de examinar el prestigio de sus casas, crees que has encontrado a los mejores candidatos para tu Guardia Real.;;;;;;;;;x
EVTDESCkingsguard.5B;Many sons of powerful noble houses have gathered for you at [Root.Location.GetName]. After surveying their ranks, you believe you have found the best candidates for [FromFrom.GetTitledFirstNameNoRegnal]'s Kingsguard.;Bien des fils de puissantes maisons nobles se sont réunis pour vous à [Root.Location.GetName]. Après avoir examiné le prestige de leurs maisons, vous pensez avoir trouver les meilleurs candidats pour la Garde Royale, sous le commandement de [FromFrom.GetTitledFirstNameNoRegnal].;;;Muchos hijos de las poderosas casas nobles se han reunido en [Root.Location.GetName]. Después de examinar el prestigio de sus casas, crees que has encontrado a los mejores candidatos para la Guardia Real de [FromFrom.GetTitledFirstNameNoRegnal].;;;;;;;;;x
EVTDESCkingsguard.6;The most powerful lords and ladies of Westeros have sent their sons and brothers to [Root.Location.GetName] to seek the honor of joining your Kingsguard. After some time, you believe you have identified the best warriors among them.;Les plus puissants lords et ladies de Westeros ont envoyé leurs fils et leurs frères à [Root.Location.GetName] d'en l'espoir qu'ils puissent avoir l'honneur de rejoindre la Garde Royale. Après un certain temps d'observation vous pensez avoir découvert les meilleurs d'entre eux à l'épée.;;;Los más poderosos señores y señoras de Poniente han enviado a sus hijos y hermanos a [Root.Location.GetName] para buscar el honor de unirse a la Guardia Real. Después de algún tiempo, crees que has identificado a los mejores guerreros entre ellos.;;;;;;;;;x
EVTDESCkingsguard.7;The most powerful lords and ladies of Westeros have sent their sons and brothers to [Root.Location.GetName] to seek the honor of joining your Kingsguard. There are very few worthy knights in the realm, but the Kingsguard must have seven.;Les plus puissants lords et ladies de Westeros ont envoyé leurs fils et leurs frères à [Root.Location.GetName] d'en l'espoir qu'ils puissent avoir l'honneur de rejoindre la Garde Royale. Peu d'entre eux sont dignes d'en faire partie, mais la Garde Royale doit compter sept épées.;;;Los más poderosos señores y señoras de Poniente han enviado a sus hijos y hermanos a [Root.Location.GetName] para buscar el honor de unirse a la Guardia Real. Hay muy pocos caballeros dignos en el reino, pero la Guardia Real debe tener siete.;;;;;;;;;x
EVTDESCkingsguard.7B;The most powerful lords and ladies of Westeros have sent their sons and brothers to [Root.Location.GetName] to seek the honor of joining [FromFrom.GetTitledFirstNameNoRegnal]'s Kingsguard. There are very few worthy knights in the realm, but the Kingsguard must have seven.;Les plus puissants lords et ladies de Westeros ont envoyé leurs fils et leurs frères à [Root.Location.GetName] d'en l'espoir qu'ils puissent avoir l'honneur de rejoindre la Garde Royale. Peu d'entre eux sont dignes d'en faire partie, mais la Garde Royale doit compter sept épées.;;;Los más poderosos señores y señoras de Poniente han enviado a sus hijos y hermanos a [Root.Location.GetName] para buscar el honor de unirse a la Guardia Real de [FromFrom.GetTitledFirstNameNoRegnal]. Hay muy pocos caballeros dignos en el reino, pero la Guardia Real debe tener siete.;;;;;;;;;x
EVTDESCkingsguard.9;[From.GetTitledFirstName] [From.GetOnlyDynastyName] kneels. '[Root.PrimaryTitle.GetFOA],' [From.GetSheHe] says, 'It would be the highest honor to serve in your Kingsguard.';"[From.GetTitledFirstName] [From.GetOnlyDynastyName]  met un genou en terre. ""[Root.PrimaryTitle.GetFOA],"" dit-[From.GetSheHe], ""Ce serait un honneur que de servir dans votre Garde Royale.""";;;"[From.GetBestName] pone una rodilla. ""[Root.PrimaryTitle.GetFOA]"", dijo ""Sería un honor servir en la Guardia Real.""";;;;;;;;;x
EVTDESCkingsguard.9B;A vacancy has become available on the Kingsguard. Seven swords must guard the [Root.GetTitle] - and so your [FromFromFrom.GetLordLady] Regent [FromFromFrom.GetFirstName] [FromFromFrom.GetOnlyDynastyName] has chosen a replacement. [FromFromFrom.GetSheHeCap] chooses [From.GetTitledFirstName] [From.GetOnlyDynastyName], who now kneels before you, vowing to protect your person.;Une place s'est libérée dans la Garde Royale. Sept épées doivent défendre le(a) [Root.GetTitle]  - et votre régent [FromFromFrom.GetFirstName] [FromFromFrom.GetOnlyDynastyName] a choisi un remplaçant. [FromFromFrom.GetSheHeCap] a choisi [From.GetTitledFirstName] [From.GetOnlyDynastyName], qui s'agenouille maintenant devant vous, jurant de vous protéger.;;;Hay una vacante en la Guardia Real. Siete espadas deben defender al [Root.GetTitle], y tu regente [FromFromFrom.GetFirstName] [FromFromFrom.GetOnlyDynastyName] ha elegido a un sustituto, [From.GetTitledFirstName] [From.GetOnlyDynastyName] que se arrodilla ante ti, jurando proteger tu vida.;;;;;;;;;x
EVTDESCkingsguard.9C;[From.GetTitledFirstName] [From.GetOnlyDynastyName] kneels before the [Root.TopLiege.GetTitle], with you beside the throne. '[Root.PrimaryTitle.GetFOA],' [From.GetSheHe] says, 'It would be the highest honor to serve my [Root.TopLiege.GetTitle] in the Kingsguard.';De votre place derrière le(a) [Root.TopLiege.GetTitle], vous voyez [From.GetTitledFirstName] [From.GetOnlyDynastyName] s'agenouiller. '[Root.PrimaryTitle.GetFOA],' dit-[From.GetSheHe], 'ce serait le plus grand des honneurs de servir dans votre Garde Royale.';;;[From.GetTitledFirstName] [From.GetOnlyDynastyName] se arrodilla ante el [Root.TopLiege.GetTitle], contigo al lado del trono. '[Root.PrimaryTitle.GetFOA],' dice, 'sería el más alto honor servir a mi [Root.TopLiege.GetTitle] en la Guardia Real.';;;;;;;;;x
EVTDESCkingsguard.9D;[From.GetTitledFirstName] [From.GetOnlyDynastyName] kneels before the [Root.TopLiege.GetTitle], with you beside the throne. 'As [Root.TopLiegePrimaryTitle.GetFOA] commands,' [From.GetSheHe] says, 'I hereby renounce my inheritance, to serve as a knight of the Kingsguard.';De votre place derrière le(a) [Root.TopLiege.GetTitle], vous voyez [From.GetTitledFirstName] [From.GetOnlyDynastyName] s'agenouiller. 'Comme me le demande [Root.TopLiegePrimaryTitle.GetFOA]', dit-[From.GetSheHe], 'je renonce devant vous à mon héritage pour servir dans la Garde Royale.';;;[From.GetTitledFirstName] [From.GetOnlyDynastyName] se arrodilla ante el [Root.TopLiege.GetTitle], contigo al lado del trono. 'Como [Root.TopLiegePrimaryTitle.GetFOA] ordene,' dice, 'renuncio a mi herencia, y serviré como caballero de la Guardia Real.';;;;;;;;;x
EVTTOOLTIPkingsguard.11;reacts to the news...;réagit à la nouvelle…;;;reacciona a las noticias …;;;;;;;;;x
EVTDESCkingsguard.10;[From.GetTitledFirstName] [From.GetOnlyDynastyName] kneels. 'My apologies, [Root.PrimaryTitle.GetFOA],' [From.GetSheHe] says, 'I appreciate the offer, but I've never looked much good in white.';"[From.GetBestName] met un genou en terre. ""Pardonnez moi, [Root.PrimaryTitle.GetFOA],"" dit-[From.GetSheHe], "" Je suis honoré que vous me fassiez une telle offre, mais le blanc ne me sied point"".";;;"[From.GetTitledFirstName] [From.GetOnlyDynastyName] pone una rodilla en el suelo. ""Perdóneme, [Root.PrimaryTitle.GetFOA]"" dice, ""Me siento honrado de tal ofrecimiento, pero nunca he querido vestir la capa blanca"".";;;;;;;;;x
EVTDESCkingsguard.11;When the steward told your [GetFromRelation] [From.GetFirstName] was looking for you, you weren't sure what you were expecting. Certainly, you weren't expecting to find [From.GetHerHim] wearing a white cloak! '[From.TopLiege.GetTitledFirstNameNoRegnal] has named me a Knight of the Kingsguard!' [FromFrom.GetSheHe] tells you happily.;"Lorsque l'intendant vous a prévenu que [FromFrom.GetFirstName] vous cherchait, vous ne vous attendiez pas à le(a) voir porter un manteau blanc ! ""Père,"" vous dit-[FromFrom.GetSheHe], rayonnant de fierté, ""[From.GetBestName] m'a fait Chevalier de la Garde Royale!""";;;Cuando el mayordomo te dijo que tu [GetFromRelation] [From.GetFirstName] te estaba buscando, no estabas seguro de lo que podría querer. 'Padre,' dice, sonriendo con orgullo, '[From.TopLiege.GetTitledFirstNameNoRegnal] me ha nombrado caballero de la Guardia Real!;;;;;;;;;x
EVTDESCkingsguard.11B;When the steward told your [GetFromRelation] [From.GetFirstName] was looking for you, you weren't sure what you were expecting. Certainly, you weren't expecting to find [From.GetHerHim] wearing a white cloak! '[From.TopLiege.GetTitledFirstNameNoRegnal] has named me a Knight of the Kingsguard on the behest of [FromFromFrom.GetLordLady] Regent [FromFromFrom.GetFirstName] [FromFromFrom.GetOnlyDynastyName]!' [FromFrom.GetSheHe] tells you happily.;"Lorsque l'intendant vous a prévenu que [FromFrom.GetFirstName] vous cherchait, vous ne vous attendiez pas à le(a) voir porter un manteau blanc ! ""Père,"" vous dit-[FromFrom.GetSheHe], rayonnant de fierté, ""[From.GetBestName] m'a fait Chevalier de la Garde Royale!""";;;Cuando el mayordomo te dijo que tu [GetFromRelation] [From.GetFirstName] te estaba buscando, no estabas seguro de lo que podría querer. '[From.TopLiege.GetTitledFirstNameNoRegnal] me ha nombrado caballero de la Guardia Real  '[From.TopLiege.GetTitledFirstNameNoRegnal] has named me a Knight of the Kingsguard a instancias de su regente [FromFromFrom.GetFirstName] [FromFromFrom.GetOnlyDynastyName]!' ;;;;;;;;;x
EVTOPTAkingsguard.11;Do House [Root.GetOnlyDynastyName] proud, [From.GetTitledFirstName].;Quelle fierté pour la maison [Root.GetOnlyDynastyName], [FromFrom.GetFirstName].;;;Qué orgullo para la casa [Root.GetOnlyDynastyName], [FromFrom.GetFirstName].;;;;;;;;;x
EVTOPTBkingsguard.11;WHAT?! Why wasn't I informed of this?!;QUOI ?! Personne ne m'a consulté !;;;¿¡Qué!? ¿¡Por qué no se me informó de esto!?;;;;;;;;;x
EVTDESCkingsguard.12;[FromFrom.GetTitledFirstName]'s [GetFromFromVsFromRelation], [From.GetTitledFirstNameNoRegnal] [From.GetOnlyDynastyName], looked on with pride as the newest knight of your Kingsguard swore [FromFrom.GetHerHis] vows.;[From.GetBestName] semblait fier lorsque le nouveau chevalier de votre Garde Royale a prononcé ses vœux.;;;El [GetFromFromVsFromRelation] de [FromFrom.GetTitledFirstName], [From.GetTitledFirstNameNoRegnal] [From.GetOnlyDynastyName] parecía orgulloso cuando el nuevo caballero de la Guardia Real juró sus votos.;;;;;;;;;x
EVTDESCkingsguard.13;[FromFrom.GetTitledFirstName]'s [GetFromFromVsFromRelation], [From.GetTitledFirstNameNoRegnal] [From.GetOnlyDynastyName], is furious that [From.GetHerHis] [GetFromVsFromFromRelation] has joined the Kingsguard behind [From.GetHerHis] back.;[From.GetBestName] est furieux que son fils ait rejoint la Garde Royale sans qu'il ne soit consulté.;;;El [GetFromFromVsFromRelation] de [FromFrom.GetTitledFirstName] , [From.GetTitledFirstNameNoRegnal] [From.GetOnlyDynastyName], está furioso de que su [GetFromVsFromFromRelation] se haya unido a la Guardia Real sin ser consultado.;;;;;;;;;x
EVTNAMEkingsguard.23;The White Book;Le Livre Blanc;;;El Libro Blanco;;;;;;;;;x
EVTDESCkingsguard.23;In the throne room [From.GetTitledFirstName] [From.GetOnlyDynastyName] kneels before you to take up [From.GetHerHis] new duty of leading the Kingsguard, vowing anew to protect your person from all those who may harm you.;Dans la salle du trône, [From.GetFullName] s'agenouille devant vous, prêt à recevoir l'honneur de devenir le nouveau Lord Commandant de la Garde Royale.;;;En el salón del trono [From.GetTitledFirstName] [From.GetOnlyDynastyName] se arrodilla ante ti tomando su nuevo deber de dirigir a la Guardia Real, y prometió de nuevo protegerte de todos los peligros.;;;;;;;;;x
EVTOPTAkingsguard.23;I'm certain [From.GetSheHe] will be loyal and true.;Je suis certain qu'[From.GetSheHe] sera loyal.;;;Estoy seguro de que [From.GetSheHe] será leal.;;;;;;;;;x
EVTDESCkingsguard.24;As you marshal your forces for war, you cannot help but think what will happen to your kins[kingsguard_kin_while_at_war.GetWomanMan] [kingsguard_kin_while_at_war.GetTitledFirstNameNoRegnal], trapped between duty as a kingsguard and duty to family.;Alors que vous rassemblez vos troupes pour la guerre, vous ne pouvez vous empêcher de penser à un certain pauvre chevalier de la Garde Royale, déchiré entre le devoir et la famille. ;;;Al reunir a sus tropas para la guerra, no se puede dejar de pensar en un pobre caballero de la Guardia Real, desgarrada entre el deber y la familia.;;;;;;;;;x
EVTOPTAkingsguard.24;May [Root.Religion.GetRandomGodName] save us all.;Que [Root.Religion.GetRandomGodName] nous sauve tous!;;;¡Que [Root.Religion.GetRandomGodName] nos salve a todos!;;;;;;;;;x
EVTDESCkingsguard.25;[From.GetTitledFirstNameNoRegnal] [From.GetOnlyDynastyName]'s treason is one thing - but that a [From.GetOnlyDynastyName] stands beside the Iron Throne, carrying the very sword sworn to defend your life... can [kingsguard_kin_while_at_war.GetTitledFirstNameNoRegnal] be trusted to honor [kingsguard_kin_while_at_war.GetHerHis] vows before [kingsguard_kin_while_at_war.GetHerHis] family?;La trahison de [From.GetBestName] est une chose, mais qu'un [From.GetOnlyDynastyName] se tienne derrière le Trône de Fer, arborant une épée jurée à la défense de votre vie... comment être sûr qu'un tel chevalier fera passer ses voeux avant sa famille ?;;;La traición de [From.GetBestName] es una cosa, pero una [From.GetOnlyDynastyName] para respaldar el Trono de Hierro, que habia jurado defender su vida  ¿ cómo estar seguros de que este caballero pensará en su deber antes que su familia?;;;;;;;;;x
EVTOPTAkingsguard.25;[kingsguard_kin_while_at_war.GetSheHeCap] is a knight of the Kingsguard. [kingsguard_kin_while_at_war.GetSheHeCap] will do [kingsguard_kin_while_at_war.GetHerHis] duty.;Il est membre de la Garde Royale, il fera son devoir.;;;Él es un miembro de la Guardia Real, que cumplirá su deber.;;;;;;;;;x
EVTOPTBkingsguard.25;Take [kingsguard_kin_while_at_war.GetHerHim] to the cells! I'll have no [From.GetOnlyDynastyName]s in this hall while that traitor still draws breath!;Au cachot ! Aucun [From.GetOnlyDynastyName] ne mettra un pied dans cette salle alors que ce traître respire toujours ! ;;;¡Al calabozo!  [From.GetOnlyDynastyName] no ponga un pie en la habitación, mientras que el traidor siga respirando!;;;;;;;;;x
EVTOPTCkingsguard.25;Off with [kingsguard_kin_while_at_war.GetHerHis] head!;Qu'on m'amène sa tête !;;;¡Tráedme su cabeza!;;;;;;;;;x
EVTDESCkingsguard.26;You've received word that your kinsman on the Kingsguard has chosen to honor [From.GetTitle] [From.GetFirstName] over his own flesh and blood!;Vous avez entendu dire que votre parent qui sert dans la Garde Royale a décidé de respecter ses vœux et de défendre [From.GetTitle] [From.GetFirstName] plutôt que de soutenir son propre sang ! ;;;Has recibido noticias de que tu pariente en la Guardia Real ha decidido honrar a [From.GetTitle] [From.GetFirstName] por encima de su propia sangre!;;;;;;;;;x
EVTDESCkingsguard.27;You've received word that [From.GetTitledFirstNameNoRegnal] has thrown your kinsman of the Kingsguard into the Black Cells.;Vous avez entendu dire que [From.GetBestName] a fait arrêter votre parent servant dans la Garde Royale et l'a jeté aux cachots. ;;;Has oído que [From.GetTitledFirstNameNoRegnal] ha arrestado a tu pariente de la Guardia Real y está detenido en las mazmorras.;;;;;;;;;x
EVTDESCkingsguard.28;That bastard [From.GetTitledFirstNameNoRegnal] [From.GetOnlyDynastyName] has had your kinsman on the Kingsguard executed as punishment for your treachery!;Ce(tte) chien(ne) de [From.GetBestName] a fait exécuter votre parent qui servait dans la Garde Royale pour le punir de votre trahison !;;;¡Ese bastardo de [From.GetTitledFirstNameNoRegnal] [From.GetOnlyDynastyName] ha ejecutado a tu pariente en la Guardia Real como castigo por tu traición!;;;;;;;;;x
EVTDESCkingsguard.33;When [From.GetHerHis] Sworn Brothers turned on [From.GetHerHim], your [GetFromRelation] [From.GetTitledFirstName] fought valiantly to escape. Alas, [From.GetSheHe] died in the attempt.;Lorsque ses frères jurés se sont retournés contre lui, votre [GetFromRelation] [From.GetFirstName] s'est vaillament défendu, tentant de s'échapper l'arme à la main. Malheureusement [From.GetSheHe] a trouvé la mort.;;;Cuando sus hermanos juramentados se volvieron contra él, tu [GetFromRelation] [From.GetTitledFirstName] se defendió valientemente, tratando de escapar con el arma en la mano. Lamentablemente murió.;;;;;;;;;x
EVTDESCkingsguard.34;You rise at dawn to see your [GetFromRelation] [From.GetTitledFirstName] riding into [Root.Location.GetName] on a white horse, grinning and very much alive. [From.GetSheHeCap] says [From.GetHerHis] own Sworn Brothers tried to kill him at royal command, but [From.GetSheHe] fought his way free.;Le soleil vient à peine de se lever lorsque l'on vous annonce l'arrivée de votre [GetFromRelation] [From.GetFirstName], monté sur un cheval blanc, à [Root.Location.GetName]. Souriant et bien vivant, [From.GetSheHe] vous raconte comment [From.GetSheHe] s'est taillé un chemin l'arme à la main pour échapper à ses frères jurés qui venaient pour le tuer sur ordre de Sa Grâce. ;;;El sol apenas había salido cuando te anuncian la llegada de tu [GetFromRelation] [From.GetTitledFirstName], montado en un caballo blanco, a [Root.Location.GetName]. Sonriente y con vida, te cuenta cómo consiguió escapar de sus hermanos juramentados cuando fueron a matarlo por orden de Su Majestad.;;;;;;;;;x
EVTDESCkingsguard.47;Your [GetFromFromRelation], [FromFrom.GetTitledFirstNameNoRegnal], is dead. They say [FromFrom.GetSheHe] was struck down by the gods themselves for breaking [FromFrom.GetHerHis] vows and trying to murder the [From.GetTitle]. But surely that rumor must be a lie... right?;Votre [GetFromRelation], [From.GetBestName], est mort(e). On raconte qu'[From.GetSheHe] a été terrassé par les Dieux eux-mêmes pour avoir brisé ses voeux et tenté de tuer le(a) [From.TopLiege.GetTitle]. Mais ces rumeurs sont sûrement d'ignobles calmonies... ;;;Tu [GetFromFromRelation], [From.GetTitledFirstNameNoRegnal], está muerto. Dicen que fue abatido por los propios dioses por violar su juramento y tratar de asesinar al [FromFrom.GetTitle]. Pero sin duda que el rumor debe ser una mentira ... ¿no?;;;;;;;;;x
EVTDESCkingsguard.48;We have heard rumours from [Root.TopLiege.Location.GetName]. They say [From.GetTitledFirstName] [From.GetOnlyDynastyName] has broken [From.GetHerHis] vows and has slain the [FromFrom.GetTitle]! What could have drove [From.GetHerHim] to such dishonour and madness!;Nous avons entendu des rumeurs en provenance de [Root.TopLiege.Location.GetName], selon lesquelles [From.GetTitledFirstName] [From.GetOnlyDynastyName] aurait brisé ses voeux et tué le(a) [FromFrom.GetTitle]! Qsu'est-ce qui a bien pu le(a) pousser à une telle folie et un tel déshonneur ? ;;;Hemos oído rumores provenientes de [TopLiege.Location.GetName], según los cuales [From.GetTitledFirstName] habría roto sus votos y matado al [FromFrom.GetTitle]! Qué podría haberle llevado a cometer esa locura de acto deshonroso?;;;;;;;;;x
EVTDESCkingsguard.43;You rise at dawn to see your [GetFromRelation], [From.GetTitledFirstName], riding into [Root.Location.GetName]. [From.GetSheHeCap] tells you of how the [FromFrom.GetTitle] turned on [From.GetHerHim], and [From.GetSheHe] was forced to break [From.GetHerHis] vows and fight back. 'My only regret,' [From.GetSheHe] says, 'is that I failed.';"Le soleil vient à peine de se lever lorsque vous apercevez votre [GetFromRelation], [From.GetFirstName], arrivant à [Root.Location.GetName]. [From.GetSheHeCap] vous raconte comment le(a) [From.TopLiege.GetTitle] a tenté de le tuer et comment [From.GetSheHe] a été forcé de briser ses voeux et de se défendre. ""Mon seul regret"", dit-[From.GetSheHe], ""c'est que j'ai échoué"". ";;;El sol apenas había salido cuando te anuncian la llegada de tu [GetFromRelation], [From.GetFirstName], llegando a [Root.Location.GetName]. Te cuenta cómo el [FromFrom.GetTitle] intentó matarle y que se vio obligado a romper sus votos y defenderse. 'Lo único que lamento', dice, 'es que fracasé.';;;;;;;;;x
EVTDESCkingsguard.46;As the sun sets and the rain pours down, one of the guards calls out. Your [GetFromRelation], [From.GetFirstName] is riding into [Root.Location.GetName], [From.GetHerHis] fine white cloak painted in blood. When you ask [From.GetHerHim] why, [From.GetSheHe] only says, 'I had no choice.';"Le coucher de soleil embrase le ciel lorsque l'un de vos gardes entre dans vos appartements pour vous annoncer l'arrivée de votre [GetFromRelation], [From.GetFirstName] à [Root.Location.GetName]. Ce dernier a la mine sévère et son manteau blanc est couvert de sang. Lorsque vous lui demandez pourquoi [From.GetSheHe] vous répond simplement ""Je n'avais pas le choix"".";;;"La puesta de sol ilumina el cielo cuando uno de tus guardias entra en tus aposentos para anunciar la llegada de tu [GetFromRelation] [From.GetFirstName] a [Root.Location.GetName]. Tiene mala cara y su capa blanca está cubierta de sangre. Cuando le preguntas por qué, simplemente dice, ""no tenía otra opción.""";;;;;;;;;x
EVTDESCkingsguard.50;Your [GetFromRelation], [From.GetTitledFirstNameNoRegnal], is dead. They say [From.GetSheHe] was killed by [From.GetHerHis] own Sworn Brothers, trying to kidnap one of the [From.TopLiege.GetTitle]'s children.;Votre [GetFromRelation], [From.GetBestName], est mort(e). On dit qu'[From.GetSheHe] a été tué par ses propres frères jurés alors qu'il tentait d'enlever l'un des enfants de [From.TopLiege.GetTitle].;;;Tu [GetFromRelation] [From.GetTitledFirstNameNoRegnal] está muerto. Se dice que fue asesinado por sus propios hermanos juramentados al intentar secuestrar a uno de los hijos de [From.TopLiege.GetTitle].;;;;;;;;;x
EVTDESCkingsguard.51;Your [GetFromRelation] [From.GetTitledFirstName] rides into [Root.Location.GetName], blood still seeping from an open wound. [From.GetSheHeCap] attempted to escape [From.Location.GetName] with one of the [From.TopLiege.GetTitle]'s children, but failed.;Votre [GetFromRelation] [From.GetFirstName] arrive à [Root.Location.GetName], du sang dégoulinant toujours d'une blessure ouverte. [From.GetSheHeCap] a tenté de s'échapper de [From.Location.GetName] avec l'un des enfants du [From.TopLiege.GetTitle], mais a échoué.;;;Tu [GetFromRelation] [From.GetTitledFirstName] llega a [Root.Location.GetName], la sangre aún le gotea de una herida abierta. Trató de escapar de [From.Location.GetName] con uno de los hijos de [From.TopLiege.GetTitle], pero fracasó.;;;;;;;;;x
EVTDESCkingsguard.52;Your [GetFromRelation] [From.GetTitledFirstName] rides into [Root.Location.GetName], dragging a prisoner in tow. Not only did [From.GetSheHe] escape the capital, but [From.GetSheHe] brought one of the [From.TopLiege.GetTitle]'s children with [From.GetHerHim]!;Votre [GetFromRelation] [From.GetFirstName] arrive à [Root.Location.GetName], tenant avec fermeté une corde entravant les mains d'un prisonnier. En sus d'être parvenu à s'échapper de la capitale, [From.GetSheHe] a réussi a ramené avec lui l'un des enfants du [From.TopLiege.GetTitle] !;;;Tu [GetFromRelation] [From.GetTitledFirstName] llega a [Root.Location.GetName], sosteniendo una cuerda atada firmemente a las manos de un prisionero. Además de ser capaz de escapar de la capital, ¡ha conseguido traer con él uno de los de los hijos de [From.TopLiege.GetTitle].;;;;;;;;;x
EVTTOOLTIPkingsguard.26;[From.GetTitledFirstNameNoRegnal] won't be so happy about this...;[From.GetBestName] ne va pas apprécier…;;;A [From.GetTitledFirstNameNoRegnal] no le gustará…;;;;;;;;;x
EVTDESCkingsguard.31;Someone bungled. [From.GetTitledFirstNameNoRegnal] [From.GetOnlyDynastyName] heard of your plans and attempted to flee. Fortunately, the rest of the Kingsguard intercepted [From.GetHerHim] before [From.GetSheHe] could escape. The traitor is dead.;Quelqu'un a parlé. [From.GetBestName] a entendu parler de vos plans et a tenté de fuir. Heureusement le reste de la Garde Royale l'a intercepté avant qu' [From.GetSheHe] ne puisse s'échapper. Le traître est mort.;;;Alguien ha hablado. [From.GetTitledFirstNameNoRegnal] [From.GetOnlyDynastyName] oyó hablar de sus planes y trató de huir. Afortunadamente, el resto de la Guardia le ha interceptado antes de que pudiera escapar. El traidor está muerto.;;;;;;;;;x
EVTDESCkingsguard.32;When your loyal Kingsguard arrived to arrest [From.GetTitledFirstNameNoRegnal] [From.GetOnlyDynastyName], they found [From.GetSheHe] had already fled [From.Location.GetName]!;Lorsque vos loyaux manteaux blanc sont arrivés pour arrêter [From.GetBestName], ils ont découvert qu' [From.GetSheHe] avait déjà fui [From.Location.GetName] !;;;Cuando tu fiel Guardia Real fue a detener a [From.GetTitledFirstNameNoRegnal] [From.GetOnlyDynastyName], ¡descubrieron que ya había huido de [From.Location.GetName]!;;;;;;;;;x
EVTDESCkingsguard.39;[From.GetTitledFirstName] and [FromFrom.GetTitledFirstName] became embroiled in a furious duel, giving eachother no quarter. However [FromFrom.GetTitledFirstName] succumbed to [From.GetTitledFirstName]'s wroth, who now turns [From.GetHerHis] sword on you...;[From.GetTitledFirstName] et [FromFrom.GetTitledFirstName] s'affrontent dans un duel sans merci. Mais [FromFrom.GetTitledFirstName] finit par succomber face à la force de [From.GetTitledFirstName], qui tourne maintenant son épée vers vous... ;;;[From.GetTitledFirstName] y [FromFrom.GetTitledFirstName] se enfrentan en un duelo sin cuartel. Pero [FromFrom.GetTitledFirstName] acaba sucumbiendo contra la fuerza de [From.GetTitledFirstName], que vuelve su espada hacia ti... ;;;;;;;;;x
EVTDESCkingsguard.40;[From.GetTitledFirstName] and [FromFrom.GetTitledFirstName] became embroiled in a furious duel, giving eachother no quarter. Thankfully [From.GetTitledFirstName] proved [From.GetHerHis] valour by defeating your assailant.;[From.GetTitledFirstName] et [FromFrom.GetTitledFirstName] s'affrontent dans un duel sans merci. Heureusement [From.GetTitledFirstName] a prouvé sa valeur en terrassant votre assaillant. ;;;[From.GetTitledFirstName] y [FromFrom.GetTitledFirstName] se enfrentan en un duelo sin cuartel.  Afortunadamente, [From.GetTitledFirstName] ha demostrado su valía al derrotar al asaltante .;;;;;;;;;x
EVTDESCkingsguard.42;[From.GetTitledFirstNameNoRegnal] [From.GetOnlyDynastyName] was beaten and bloody, but still had the strength to cut through many of my guards and was last seen fleeing on horseback out of the main gate.;[From.GetTitledFirstName] a été battu et saignait abondamment. Mais il avait toujours la force de se frayer un chemin à travers vos gardes. On l'a vu pour la dernière fois aux portes du château, fuyant sur sa monture. ;;;[From.GetTitledFirstNameNoRegnal] [From.GetOnlyDynastyName] ha sido derrotado y sangraba abundantemente. Pero tuvo la fuerza suficiente de abrirse paso a través de los guardias. Se le vió por última vez en las puertas del castillo, huyendo a caballo.;;;;;;;;;x
EVTDESCkingsguard.45;Night had fallen when [From.GetTitledFirstNameNoRegnal] [From.GetOnlyDynastyName] struck, leaping from the shadows. You cried for the guards, but it turned into a blood-curdling cry of pain as [From.GetSheHe] shoved [From.GetHerHis] sword through your chest. You drop to your knees and your crown falls from your brow. [From.GetTitledFirstName] sheathes [From.GetHerHis] sword and leaves you to your fate.;La nuit vient de tomber lorsque [From.GetBestName] se décide à frapper, surgissant des ombres. Vous appellez la garde, mais vos appels se transforment en cris de douleur alors qu'[From.GetSheHe] enfonce son épée dans vos entrailles. Alors que vous vous écroulez, [From.GetTitledFirstName] rengaine son épée et s'en va, vous laissant agoniser sur le sol.;;;La noche había caído cuando [From.GetTitledFirstNameNoRegnal] [From.GetOnlyDynastyName] decidió golpear, apareciendo desde la sombras. Llamas a la guardia, pero las llamadas se convierten en gritos de dolor cuando hunde la espada en tus entrañas. Cuando te desplomas, [From.GetTitledFirstName] envaina su espada y se va, dejándote agonizando en el suelo.;;;;;;;;;x
EVTDESCkingsguard.53;You are awakened in the middle of the night by one of your guards. He throws [From.GetTitledFirstNameNoRegnal] [From.GetOnlyDynastyName]'s head at your feet. Apparently, the fool tried to kidnap one of your children - and was killed in the attempt.;Vous êtes réveillé au beau milieu de la nuit par l'un de vos gardes. Il dépose la tête de [From.GetBestName] devant vous. Apparemment, ce fou a tenté d'enlever l'un de vos enfants et a été tué durant cette folle tentative.;;;Te  despiertas en medio de la noche por uno de tus guardias. Depósita la cabeza de [From.GetTitledFirstNameNoRegnal] [From.GetOnlyDynastyName] ante tí. Al parecer, trató de secuestrar a uno de tus hijos y fue asesinado durante el intento.;;;;;;;;;x
EVTDESCkingsguard.54;You are awakened in the middle of the night by one of your guards. 'I'm sorry, [Root.PrimaryTitle.GetFOA},' he says. He explains that [From.GetTitledFirstNameNoRegnal] [From.GetOnlyDynastyName] tried to kidnap one of your children, but was driven back by your loyal guards. [From.GetSheHeCap] was wounded, but still managed to escape.;"Vous êtes réveillé au beau milieu de la nuit par l'un de vos gardes. ""Pardonnez moi [Root.PrimaryTitle.GetFOA]"" dit-il, ""Mais il s'est passé quelque chose de grave"". Il raconte que [From.GetBestName] a tenté d'enlever l'un de vos enfants, mais a été repoussé par vos gardes restés loyaux. [From.GetSheHeCap] a été blessé, mais a réussi a s'échapper. ";;;"Te despiertas en medio de la noche por uno de tus guardias. ""Perdone [Root.PrimaryTitle.GetFOA}"", dijo, ""Ha sucedido algo serio."" Dice que [From.GetTitledFirstNameNoRegnal] [From.GetOnlyDynastyName] ha tratado de secuestrar a uno de tus hijos, pero fue evitado por los guardias que permanecieron leales. [From.GetBestName] fue herido pero logró escapar.";;;;;;;;;x
EVTDESCkingsguard.55;You are awakened in the middle of the night by one of your guards. 'I'm sorry, [Root.PrimaryTitle.GetFOA],' he says. Horror dawns as he explains that [From.GetTitledFirstNameNoRegnal] [From.GetOnlyDynastyName] has fled [From.Location.GetName] - with one of your own children in tow.;"Vous êtes réveillé au beau milieu de la nuit par l'un de vos gardes. ""Pardonnez moi [Root.PrimaryTitle.GetFOA]"" dit-il, ""Mais il s'est passé quelque chose de grave"". C'est avec horreur que vous apprenez que [From.GetBestName] s'est enfuit de [From.Location.GetName] en enlevant au passage l'un de vos enfants. ";;;"Te despiertas en medio de la noche por uno de tus guardias. ""Perdone [Root.PrimaryTitle.GetFOA}"", dijo, ""Ha sucedido algo serio."" Hemos descubierto horrorizdos que [From.GetTitledFirstNameNoRegnal] [From.GetOnlyDynastyName] ha huido de [From.Location.GetName] secuestrando a uno de tus hijos.";;;;;;;;;x
EVTDESCkingsguard.57;The first you heard that [FromFromFrom.GetBestName] had asked your [GetFromRelation] to join the Kingsguard was when [From.GetSheHe] told you [From.GetSheHe]'d refused.;La première fois que vous avez entendu que [FromFrom.GetBestName] avait demandé à votre [GetFromRelation] de rejoindre la Garde Royale fut lorsqu' [From.GetSheHe] a dit qu'[From.GetSheHe] avait refusé. ;;;La primera vez que escuchaste que [FromFromFrom.GetBestName] había pedido a tu [GetFromRelation] de unirse a la Guardia Real fue cuando dijo que se negó.;;;;;;;;;x
EVTDESCkingsguard.58;[From.GetBestName] kneels. 'I'm sorry, [Root.PrimaryTitle.GetFOA],' [From.GetSheHe] says, 'but someday I will hold lands of my own. My house needs me more than the realm.';"[From.GetBestName] met un genou en terre. ""Pardonnez moi, [Root.PrimaryTitle.GetFOA],"" dit-[From.GetSheHe], ""mais un jour je gouvernerai mes propres terres. Ma maison a plus besoin de moi que le royaume.""'";;;"[From.GetBestName] pone una rodilla en el suelo. ""Perdone, [Root.PrimaryTitle.GetFOA]"", dijo, ""Algún dia gobernaré mi propia tierra. Mi casa me necesita mas que el reino."" ";;;;;;;;;x
EVTDESCkingsguard.59;When the steward told you [From.GetFirstName] was looking for you, you weren't sure what you were expecting. Certainly, you weren't expecting to find [From.GetHerHim] wearing a white cloak! 'Father,' [From.GetSheHe] tells you, beaming with pride, '[FromFrom.GetTitledFirstName] has named me a Knight of the Kingsguard!';"Lorsque l'intendant vous a prévenu que [FromFrom.GetFirstName] vous cherchait, vous ne vous attendiez pas à le(a) voir porter un manteau blanc! ""Père,"" vous dit-[FromFrom.GetSheHe], rayonnant de fierté, ""[From.GetBestName] m'a fait Chevalier de la Garde Royale!""";;;Cuando el mayordomo te dijo que [From.GetFirstName] te estaba buscando, no estabas seguro de lo que podría querer. 'Padre,' dice, sonriendo con orgullo, '[FromFrom.GetTitledFirstName] me ha nombrado caballero de la Guardia Real!;;;;;;;;;x
EVTDESCkingsguard.60;[From.GetTitledFirstName] [From.GetOnlyDynastyName] kneels before you. 'As [Root.PrimaryTitle.GetFOA] commands,' [From.GetSheHe] says, 'I hereby renounce my inheritance, to serve as a knight of your Kingsguard.';"[From.GetBestName] s'agenouille devant vous. ""Comme [Root.PrimaryTitle.GetFOA] me l'a ordonné,"" dit-[From.GetSheHe], ""je renonce ici et maintenant à mon héritage pour servir comme chevalier dans votre Garde Royale"". ";;;"[From.GetTitledFirstName] [From.GetOnlyDynastyName] se arrodilla ante ti. ""Como [Root.PrimaryTitle.GetFOA] me ordene,"" dijo, "" aquí y ahora renuncio a mi herencia para servir como caballero de la Guardia Real.""";;;;;;;;;x
EVTDESCkingsguard.61;You watch as the traitor in your Kingsguard is dragged away in irons. You are safe once more.;Vous vous permettez un petit soupir de soulagement alors que le traître de la Garde Royale est trainé jusqu'à la sortie, les mains entravées par des chaînes. Vous êtes en sécurité. ;;;Soltaste un pequeño suspiro de alivio cuando el traidor de la Guardia Real es arrastrado con las manos atadas con cadenas. Estás a salvo.;;;;;;;;;x
EVTDESCkingsguard.62;You look on as the traitor in your Kingsguard is dragged up to the block. In one swift stroke, justice is done.;"Toute la cour est là pour voir le traître de la Garde Royale, dépouillé de son manteau blanc et les bras et les jambes entravées par les chaînes. ""Justicier"", appellez-vous, ""Sa tête"". Un coup d'épée et justice est faîte.";;;"Toda la corte está allí para ver el traidor de la Guardia Real, despojado de su capa blanca y con los brazos y piernas encadenados. ""Verdugo"", gritas, ""su cabeza"". Un golpe de espada y se hizo justicia.";;;;;;;;;x
EVTDESCkingsguard.1;My duty in guarding my King has finished, let's hope my successor will be vigilent;Mon devoir de protéger le Roi est terminé, espérons que mon successeur sera vigilant;;;Mi deber de proteger el rey ha terminado, espero que mi sucesor esté alerta.;;;;;;;;;x
EVTOPTAkingsguard.1;Let us hope;Espérons-le;;;Esperemos;;;;;;;;;x
EVTDESCkingsguard.22;This member of the Kingsguard has died.;Ce membre de la Garde est mort.;;;Este miembro de la Guardia Real está muerto;;;;;;;;;x
EVTOPTAkingsguard.22;Ok;Ok;;;Muy bien;;;;;;;;;x
the_white_book;The White Book;Le Livre Blanc;;;El Libro Blanco;;;;;;;;;x
the_white_book_desc;Read the tome that records the deeds of every member who has ever served in the history of the Kingsguard;Lire le tome où sont consignés les actes de tous les membres qui ont servi dans la Garde depuis sa création;;;Leer el tomo que registra las hazañas de todos los miembros que han servido en la Guardia desde su creación.;;;;;;;;;x
EVTDESCkingsguard.65;Here lists all current members of the Kingsguard and notable past members;La liste des membres actuels de la Garde Royale et de certains de ces illustres anciens membres;;;La lista de los actuales miembros de la Guardia Real y algunos ex miembros ilustres.;;;;;;;;;x
OPTAkingsguard.65;Current Members;Membres actuels ;;;Miembros actuales;;;;;;;;;x
TOOLTIPKGCOMMANDER;Lord Commander of the Kingsguard of [This.Liege.GetTitledFirstName]: [This.GetTitledFirstNameWithNick];Lord Commandant de la Garde Royale de [This.Liege.GetTitledFirstName]: Ser [This.GetFirstName] [This.GetOnlyDynastyName]\n;;;Lord Comandante de la Guardia Real de [This.Liege.GetTitledFirstName]: Don [This.GetTitledFirstNameWithNick];;;;;;;;;x
TOOLTIPKGCURRENT;[This.GetTitledFirstNameWithNick];Ser [This.GetFirstName] [This.GetOnlyDynastyName]\n;;;Don [This.GetTitledFirstNameWithNick];;;;;;;;;x
TOOLTIPKGDYNASTY; [This.GetOnlyDynastyName];Ser [This.GetFirstName] [This.GetOnlyDynastyName]\n;;;[This.GetOnlyDynastyName];;;;;;;;;x
OPTBkingsguard.65;Notable Past Lord Commander;Anciens Lords Commandants illustres;;;Antiguos Lords Comandantes ilustres;;;;;;;;;x
OPTCkingsguard.65;Notable Past Member;Anciens membres illustres;;;Antiguos miembros ilustres;;;;;;;;;x
TOOLTIPKGOFTHEHOUSE;\nSer [This.GetFirstName] [This.GetOnlyDynastyName];\nSer [This.GetFirstName] [This.GetOnlyDynastyName];;;\nDon [This.GetFirstName] [This.GetOnlyDynastyName];;;;;;;;;x
TOOLTIPKGKNOWNNICK;, also known as [This.GetFirstNameWithNick],;, aussi connu comme [This.GetFirstNameWithNick],;;;, también conocido como [This.GetFirstNameWithNick],;;;;;;;;;x
TOOLTIPKGWASLC; was Lord Commander of the Kingsguard; fût Lord Commandant de la Garde Royale;;;fue Lord Comandante de la Guardia Real;;;;;;;;;x
TOOLTIPKGGENIUS;As well as being a knight of fierce intellect,;En sus d'être un chevalier fort intelligent,;;;Además de ser un caballero inteligente,;;;;;;;;;x
TOOLTIPKGMASTERWARRIOR;[This.GetSheHeCap] was one of the greatest warriors of [This.GetHerHis] generation, [This.GetHerHis] martial prowess being famed throughout the Kingdom. ;[This.GetSheHeCap] fût l'un des plus grands guerriers de sa génération, ses prouesses au combat étaient célébrées dans tout le royaume.;;;[This.GetSheHeCap] fue uno de los más grandes guerreros de su generación, su destreza en combate se recuerda en todo el reino.;;;;;;;;;x
TOOLTIPKGGENIUSDESPITE;Despite being a knight of fierce intellect, ;Malgré qu'il était un chevalier fort intelligent,;;;Aunque él era un caballero muy inteligente,;;;;;;;;;x
TOOLTIPKGSKILLEDWARRIOR;[This.GetSheHeCap] was a well respected swordsman, being one of the more capable members of the Kingsguard in its history. ;[This.GetSheHeCap] fut un bretteur respecté, l'un des membres les plus capable de l'histoire de la Garde Royale.;;;[This.GetSheHeCap] era un espadachín respetado, uno de los más capacitados de la historia de la Guardia Real.;;;;;;;;;x
TOOLTIPKGPOORWARRIOR;[This.GetSheHeCap] was a knight of little ability, probably acquiring [This.GetHerHis] position through [This.GetHerHis] influence rather than martial prowess. ;[This.GetSheHeCap] était un chevalier bien médiocre, ayant probablement acquis sa position grâce à son influence plutôt qu'à ses prouesses sur le champ de bataille.;;;[This.GetSheHeCap] era un caballero mediocre, que probablemente adquirió su posición a través de la influencia en lugar de su destreza en el campo de batalla.;;;;;;;;;x
TOOLTIPKGDRAGON;Famously, Ser [This.GetFirstName] was known to be a dragon rider;Ser [This.GetFirstName] était connu pour être un chevaucheur de dragon;;;Don [This.GetFirstName] era conocido por ser un Jinete de Dragón;;;;;;;;;x
TOOLTIPKGWOLFaswellas; as well as the owner of a direwolf; ainsi que le propriétaire d'un loup garou;;;así como el propietario de un lobo huargo;;;;;;;;;x
TOOLTIPKGVALYRIANSTEEL;Ser [This.GetFirstName] wielded a Valyrian steel blade, greatly aiding [This.GetHerHis] ability to protect [This.GetHerHis] King;Ser [This.GetFirstName] maniait une épée d'acier valyrien, une aide précieuse pour défendre son Roi;;;Don [This.GetFirstName] esgrimió una espada de acero valyrio, una valiosa ayuda para defender a su rey;;;;;;;;;x
TOOLTIPKGDAWN;Ser [This.GetFirstName] wielded the famous greatsword Dawn, the ancestral blade of House Dayne;Ser [This.GetFirstName] maniait la fameuse épée Aube, l'épée ancestrale de la Maison Dayne;;;Don [This.GetFirstName] blandió el famoso mandoble Albor, la espada ancestral de la Casa Dayne;;;;;;;;;x
TOOLTIPKGICE;Ser [This.GetFirstName] wielded the famous Valyrian steel greatsword Ice, the ancestral blade of House Stark;Ser [This.GetFirstName] maniait la fameuse épée valyrienne Glace, l'épée ancestrale de la Maison Stark;;;Don [This.GetFirstName] blandió el famoso mandoble de acero valyrio Hielo, la espada ancestral de la Casa Stark;;;;;;;;;x
TOOLTIPKGLONGCLAW;Ser [This.GetFirstName] wielded the Valyrian steel sword Longclaw, the ancestral blade of House Mormont;Ser [This.GetFirstName] maniait l'épée valyrienne Grand-Griffe, l'épée ancestrale de la Maison Mormont;;;Don [This.GetFirstName] empuñó la espada bastarda de acero valyrio Garra, la espada ancestral de la Casa Mormont;;;;;;;;;x
TOOLTIPKGBLACKFYRE;Ser [This.GetFirstName] wielded the famous Valyrian steel greatsword Blackfyre, once the weapon of Aegon the Conqueror;Ser [This.GetFirstName] l'épée valyrienne Feunoyr, autrefois l'épée d'Aegon le Conquérant;;;Don [This.GetFirstName] esgrimió la famosa espada bastarda de acero valyrio Fuegoscuro, que fue el arma de Aegon el Conquistador;;;;;;;;;x
TOOLTIPKGDRAGONAND;, and famously was known to be a dragon rider;, et était connu pour être un chevaucheur de dragon;;;,y se sabía que era un Jinete de Dragón;;;;;;;;;x
TOOLTIPKGWOLFAND;, and famously was known to be the owner of a direwolf;, et était connu pour être le propriétaire d'un loup garou;;;,y era conocido por ser el dueño de un lobo huargo;;;;;;;;;x
TOOLTIPKGWOLF;Ser [This.GetFirstName] was known to be the owner of a direwolf;Ser [This.GetFirstName] était connu pour être le propriétaire d'un loup garou;;;Don [This.GetFirstName] era conocido por ser el dueño de un lobo huargo;;;;;;;;;x
TOOLTIPKGKINSLAYER; .[This.GetSheHeCap] will be remebered in history mainly for being a kinslayer, the most acursed among men; .L'histoire retiendra surtout qu'[This.GetSheHeCap] fut un parricide, maudit entre tous les hommes;;;. La Historia recordará que fue un regicida, maldito entre todos los hombres.;;;;;;;;;x
TOOLTIPKGDWARF; . The greatest farce of [This.GetHerHis] story is the fact [This.GetSheHe] was a dwarf.;. La plus grande farce de son histoire est sûrement le fait qu'il était un nain.;;;. La farsa más grande de su historia es probablemente el hecho de que era un enano.;;;;;;;;;x
TOOLTIPKGDURINGKING; during the reign of [This.Liege.GetTitledFirstName] of the House [This.Liege.GetOnlyDynastyName]; durant le règne de [This.Liege.GetTitledFirstName] de la Maison [This.Liege.GetOnlyDynastyName];;;durante el reinado de [This.Liege.GetTitledFirstName] de la Casa [This.Liege.GetOnlyDynastyName];;;;;;;;;x
TOOLTIPKGENDLINE;.\n;.\n;;;.\n;;;;;;;;;x
TOOLTIPKGWASMEM; was a member of the Kingsguard; était un membre de la Garde Royale;;;fue un miembro de la Guardia Real;;;;;;;;;x
TOOLTIPKGMEMDURINGKING; during the reign of [This.Liege.Liege.GetTitledFirstName] of the House [This.Liege.Liege.GetOnlyDynastyName]; durant le règne de [This.Liege.Liege.GetTitledFirstName] de la Maison [This.Liege.Liege.GetOnlyDynastyName];;;durante el reinado de [This.Liege.Liege.GetTitledFirstName] de la Casa [This.Liege.Liege.GetOnlyDynastyName];;;;;;;;;x
TOOLTIPKGHONOURABLE; and was a knight of the highest honor; et fut un chevalier d'un très grand honneur;;;y fue un caballero del más alto honor;;;;;;;;;x
TOOLTIPKGRUTHLESS; who didn't let anyone stand in [This.GetHerHis] way; qui ne laissait personne lui barrer le chemin;;;que no permitía a nadie interponerse en su camino;;;;;;;;;x
TOOLTIPKGBRAVE; who was known to be most courageous; qui était connu pour être courageux;;;que era conocido por ser valiente;;;;;;;;;x
TOOLTIPKGDILIGENT; and was unyielding in their devotion to their vows; et resta inflexible quant au respect de ses vœux;;;y se mantuvo firme en el respeto a sus votos;;;;;;;;;x
TOOLTIPKGKIND; who was known to be compassionate; qui était connu pour sa compassion;;;que era conocido por su compasión;;;;;;;;;x
TOOLTIPKGLUNATIC; whose sanity was regularly questioned; dont la santé d'esprit était régulièrement soumise à question;;;cuya cordura fue cuestionada regularmente;;;;;;;;;x
TOOLTIPKGDRUNKARD; who was remembered as being fond of wine and ale; qui était connu pour son amour inconditionnel du vin et du houblon;;;que era conocido por su adicción al vino y a la cerveza;;;;;;;;;x
TOOLTIPKGLUSTFUL; who was well known for their amorous adventures despite their vows; qui était bien connu pour ses aventures amoureuses malgré ses voeux;;;que era bien conocido por sus aventuras amorosas a pesar de sus votos;;;;;;;;;x
TOOLTIPKGLUTTONOUS; who was immensely fat; qui était gras;;;que era sumamente gordo;;;;;;;;;x
TOOLTIPKwroth; who was known to have dark moods; qui était connu pour sa mauvaise humeur;;;que era conocido por su mal carácter;;;;;;;;;x
TOOLTIPKhumble; who was remembered as being a humble knight; qui était connu pour sa grande humilité;;;que era conocido por su gran humildad;;;;;;;;;x
TOOLTIPKGfair; as well as being most fair to look upon; ainsi qu'un bellâtre;;;además de ser guapo;;;;;;;;;x
TOOLTIPKGstrong; as well as possessing immense strength; et qui possédait une force immense;;;y poseía una fuerza inmensa;;;;;;;;;x
TOOLTIPKGtall; as well as towering above common men; et qui dépassait tout le monde de plusieurs têtes;;;además de estar por encima de los hombres comunes;;;;;;;;;x
TOOLTIPKGweak; as well as being surprisingly weak; et qui était incroyablement faible;;;y era increíblemente débil;;;;;;;;;x
TOOLTIPKGugly; as well as being incredibly foul to look upon; ainsi qu'un laideron;;;además de ser feo;;;;;;;;;x
TOOLTIPKGTRAINEDWARRIOR;[This.GetSheHeCap] was a competent swordsman, but not a warrior songs are written of. ;[This.GetSheHeCap] était un bon bretteur, mais pas de ces guerriers dont font état les chansons.;;;fue un buen espadachín, aunque no se cantaran canciones de sus hazañas.;;;;;;;;;x
EVTDESCkingsguard.66;[From.GetBestName] has chosen to trust you inspite of your family being at war with the crown.;[From.GetBestName] a choisi de vous faire confiance en dépit de votre famille en guerre avec la couronne.;;;[From.GetBestName] ha optado por confiar en ti a pesar de que su familia está en guerra con la corona.;;;;;;;;;x
EVTOPTAkingsguard.66;My duty is to serve my House.;Mon devoir est de servir ma maison.;;;Mi deber es servir a mi Casa.;;;;;;;;;x
EVTOPTBkingsguard.66;My duty is to serve the Crown.;Mon devoir est de servir la Couronne.;;;Mi deber es servir a la Corona.;;;;;;;;;x
TOOLTIPKGBRIGHTROAR;Ser [This.GetFirstName] wielded the Valyrian steel sword Brightroar, the once lost ancestral blade of House Lannister;Ser [This.GetFirstName] maniait l'épée d'acier valyrien Rugissante, la lame ancestrale de la maison Lannister qui fut perdue ;;;Don [This.GetFirstName] empuñó la espada de acero valyrio Rugido, hoja ancestral de la Casa Lannister, que se había perdido;;;;;;;;;x
TOOLTIPKGHEARTSBANE;Ser [This.GetFirstName] wielded the Valyrian steel sword Heartsbane, the ancestral blade of House Tarly;Ser [This.GetFirstName] maniait l'épée d'acier valyrien Corvenin, la lame ancestrale de la maison Tarly ;;;Don [This.GetFirstName] empuñó la espada de acero valyrio, Veneno de Corazón, hoja ancestral de la casa Tarly;;;;;;;;;x
TOOLTIPKGNIGHTFALL;Ser [This.GetFirstName] wielded the Valyrian steel sword Nightfall, the ancestral blade of House Harlaw;Ser [This.GetFirstName] maniait l'épée d'acier valyrien Crépuscule, la lame ancestrale de la maison Harloi;;;Don [This.GetFirstName] empuñó la espada de acero valyrio, Anochecer, hoja ancestral de la casa Harlaw;;;;;;;;;x
EVTDESCkingsguard.16;The Kingsguard, also known poetically as the 'White Swords' or 'White Cloaks', are the royal bodyguards of the Iron Throne. Supposedly the finest knights in the Seven Kingdoms, they are sworn to protect their king and his family with their own lives, to obey his commands, and to keep his secrets. They are sworn for life and are forbidden from owning land, taking a wife, or fathering children.;La Garde Royale parfois appellée la Blanche Epée ou la Blanche Garde et dont les membres sont surnommés les Manteaux Blancs, est la garde rapprochée du Souverain du Trône de Fer. Ses membres sont supposés être les plus fines lames des Sept Couronnes, ils jurent de protéger le roi et sa famille au mépris de leur vie, d'obéir à ses ordres et de garder ses secrets. Ils servent à vie et ne peuvent détenir de terres, prendre femme ou avoir des enfants. ;;;La Guardia Real, también conocida como las Espadas Blancas o las Capas Blancas, es la guardia del rey del Trono de Hierro. Supuestamente, está formada por los mejores caballeros de los Siete Reinos, quienes juran proteger al rey y su familia con sus propias vidas, obedeciendo sus órdenes y guardando sus secretos. Juran servir de por vida y renuncian a poseer tierras, tomar esposa o tener hijos.;;;;;;;;;x
EVTOPTAkingsguard.16;I will be a noble Lord Commander;Je serai un noble Lord Commandant;;;Seré un noble Lord Comandante;;;;;;;;;x
EVTDESCkingsguard.18;Lord Commander of the Kingsguard is the title held by the most senior officer of the Kingsguard. The Lord Commander is appointed by the king, generally from the existing pool of Kingsguard.;Lord Commandant de la Garde Royale est le titre porté par le plus ancien des Manteaux Blancs. Le Lord Commandant est nommé par le Roi, généralement au sein de la Garde Royale. ;;;Lord Comandante de la Guardia Real es el título en manos del capa blanca más antiguo. El Lord Comandante es nombrado por el Rey, por lo general dentro de la Guardia Real.;;;;;;;;;x
TOOLTIPKGLADYFORLORN;Ser [This.GetFirstName] wielded the Valyrian steel sword Lady Forlorn, the ancestral blade of House Corbray;Ser [This.GetFirstName] maniait l'épée d'acier valyrien Dame Affliction, la lame ancestrale de la maison Corbray ;;;Don [This.GetFirstName] empuñó la espada de acero valyrio Dama Desesperada, la hoja ancestral de la Casa Corbray;;;;;;;;;x
TOOLTIPKGREDRAIN;Ser [This.GetFirstName] wielded the Valyrian steel sword Red Rain, the ancestral blade of House Reyne, and later of House Drumm;Ser [This.GetFirstName] maniait l'épée d'acier valyrien Pluie Pourpre, la lame ancestrale de la maison Reyne, puis de la maison Timbal ;;;Don [This.GetFirstName] empuñó la espada de acero valyrio Lluvia Roja, la hoja ancestral de la Casa Reyne, y posteriormente de la Casa Drumm;;;;;;;;;x
TOOLTIPKGCRABSPINCER;Ser [This.GetFirstName] wielded the Valyrian steel axe Crab's Pincer, the ancestral weapon of House Celtigar;Ser [This.GetFirstName] maniait la hache en acier valyrien Pince-Crabe, l'arme ancestrale de la maison Celtigar;;;Don [This.GetFirstName] blandió el hacha de acero valyrio Pinza del Cangrejo, el hacha ancestral de la Casa Celtigar;;;;;;;;;x
TOOLTIPEVTOPTC20800002;[This.GetBestName] shall be designated as the next Lord Commander of the Kingsguard\n;[This.GetBestName] va être désigné comme le prochain Lord Commandant de la Garde Royale\n;;;[This.GetBestName] será designado como el próximo Lord Comandante de la Guardia Real\n;;;;;;;;;x
EVTOPTC20800002;Designate as next Lord Commander;Désigné comme prochain Lord Commandant;;;Designado como el próximo Lord Comandante;;;;;;;;;x
EVTDESCkingsguard.67;Protecting the King can be arduous and fairly tedious work, perhaps I should pursue a lover to liven things up?;Protéger le Roi peut-être une tâche fatigante et ennuyeuse, peut-être devrais-je entretenir une relation avec une femme pour égayer mes journées ? ;;;Proteger el Rey puede ser una tarea agotadora y aburrida, ¿quizá debería tener una relación con una mujer para alegrar mis días?;;;;;;;;;x
EVTOPTAkingsguard.67;Yes, the urge is too great!;Oui, cela devient urgent !;;;Sí, urgentemente;;;;;;;;;x
EVTOPTBkingsguard.67;I took a vow, I must resist;J'ai prononcé mes vœux, je dois résister;;;Pronuncié mis votos, debo resistir;;;;;;;;;x
EVTDESCkingsguard.68;Scandal! I was calling on one of my Sworn Brother [KG_has_the_lover.GetTitledFirstName] when I found [KG_has_the_lover.GetHerHim] entwined in a sordid embrace with a courtier. Surely this is a grave action which the [TopLiege.GetTitle] must be informed of? ;Scandale ! Je rendais visite à l'un de mes frères jurés lorsque je l'ai découvert en train d'enlacer et d'embrasser une courtisane. Voilà une affaire bien grave dont Sa Majesté mérite d'être informée !;;;¡Escándalo! Visité a uno de mis hermanos juramentados y lo descubrí tratando de abrazar y besar a una cortesana. ¡Es un asunto muy serio del que Su Majestad debe ser informado!;;;;;;;;;x
EVTOPTAkingsguard.68;Yes, I will inform the [TopLiege.GetTitle] at once!;Oui, je vais immédiatement en informer Sa Majesté !;;;Sí, informaré inmediatamente al Rey!;;;;;;;;;x
EVTOPTBkingsguard.68;It does no harm;Il n'y a pas mort d'homme;;;Yo no he visto nada;;;;;;;;;x
EVTDESCkingsguard.69;[Root.PrimaryTitle.GetFOA], it has come to my attention that, in direct contravention of [KG_has_the_lover.GetHerHis] vows to protect your person, [KG_has_the_lover.GetTitledFirstName] has been having a sordid affair with one of your courtiers. I trust [KG_has_the_lover.GetSheHe] will be dealt with accordingly.\n\nYours, [From.GetBestName];[Root.PrimaryTitle.GetFOA], j'ai appris qu'un de mes frères jurés avait eu une sordide relation avec l'une de vos courtisanes, brisant par là même ses voeux. Je crois qu'il doit être traité en conséquence de ses actes.\n\nVotre Serviteur, [From.GetBestName];;;[Root.PrimaryTitle.GetFOA], me he enterado de que uno de mis hermanos juramentados ha roto sus votos al tener una relación con una de las cortesanas. Considero que debe ser tratado en consecuencia de sus actos.\n\nAtentamente [From.GetBestName];;;;;;;;;x
EVTDESCkingsguard.69B;[Root.PrimaryTitle.GetFOA], it has come to the Small Council's attention that, in direct contravention of [KG_has_the_lover.GetHerHis] vows to protect your person, [KG_has_the_lover.GetTitledFirstName] has been having a sordid affair with one of your courtiers.;[Root.PrimaryTitle.GetFOA], le Conseil Restreint a appris que [KG_has_the_lover.GetTitledFirstName] avait eu une sordide relation avec une personne à votre cour, brisant par là-même ses vœux.;;;[Root.PrimaryTitle.GetFOA], el Consejo se ha enterado de que [KG_has_the_lover.GetTitledFirstName] tiene una relación con una persona de la corte, rompiendo con ello sus votos.;;;;;;;;;x
EVTOPTAkingsguard.69;Only death is sufficient for such actions;Seule la mort peut effacer une telle faute;;;Sólo la muerte puede borrar tales actos;;;;;;;;;x
EVTOPTDkingsguard.69;Imprion him and remove him from the Kingsguard;Emprisonnez-le et chassez le de la Garde Royale;;;Encarceladlo y echarlo de la Guardia Real;;;;;;;;;x
TOOLTIPkingsguard.75;Your [Root.GetHusbandWifeOpp] will be dealt with accordingly;Votre [Root.GetHusbandWifeOpp] sera traité(e) en conséquence;;;Tu [Root.GetHusbandWifeOpp] será tratada en consecuencia;;;;;;;;;x
EVTOPTBkingsguard.69;I shall have him gelded and sent to the Wall;Je vais le faire castrer avant de l'envoyer au Mur;;;Lo castraré antes de enviarlo al Muro;;;;;;;;;x
EVTDESCkingsguard.70;[Root.GetFirstName] [Root.GetOnlyDynastyName], The [From.GetTitle] has decreed that your sordid affair cannot go unpunished. Your actions are a gross contravention of your sworn vows to protect the [From.GetTitle]'s person. Hence [From.GetSheHe] has ordered your immediate beheading.\n\nThis is the judgment of [From.GetTitledFirstName], [From.GetTitle] of the Andals, the Rhoynar and the First Men, Lord of the Seven Kingdoms and Protector of the Realm;[Root.GetFirstName] [Root.GetOnlyDynastyName], le(a) [From.GetTitle] a décrété que votre sordide affaire ne pouvait rester impunie. Vos actes ont clairement souillé et brisé vos voeux de protéger la personne du(e la) [From.GetTitle]. En conséquence [From.GetSheHe] vous a condamné à mort, par décapitation.\n\nTel est le jugement de [From.GetTitledFirstName], [From.GetTitle] des Andals, des Rhoynar et des Premiers Hommes, Seigneur des Sept Couronnes et Protecteur du Royaume;;;[Root.GetFirstName] [Root.GetOnlyDynastyName], el [From.GetTitle] ha decretado que tu sórdida relación no puede quedar impune. Tus acciones han violado gravemente tus votos de proteger al [From.GetTitle]. Te ha condenado a muerte por decapitación. \n\nEsta es la sentencia de [From.GetTitledFirstName], [From.GetTitle] de los Ándalos, los Rhoynar y los Primeros Hombres, Señor de los Siete Reinos y Protector del Reino.;;;;;;;;;x
EVTDESCkingsguard.71;The [From.GetTitle] was most shocked at your revelations, and agreed it was a grave action which needed punishment. [From.GetSheHeCap] has ordered the immediate beheading of [KG_has_the_lover.GetTitledFirstName].;Le(a) [From.GetTitle] a été très choqué(e) par vos révélations et a décidé que ces actes graves ne pouvaient rester impunis. [From.GetSheHeCap] a ordonné la mise à mort immédiate de votre frère juré, par décapitation. ;;;El [From.GetTitle] quedó muy sorprendido por la revelación y decidió que estos graves hechos no podían quedar impunes. Ha ordenado la muerte inmediata de tu hermano juramentado por decapitación.;;;;;;;;;x
EVTDESCkingsguard.72;[Root.GetFirstName] [Root.GetOnlyDynastyName], The [From.GetTitle] has decreed that your sordid affair cannot go unpunished. Your actions are a gross contravention of your sworn vows to protect the [From.GetTitle]'s person. Hence [From.GetSheHe] has decided to have you gelded and sent to the Wall.\n\nThis is the judgment of [From.GetTitledFirstName], [From.GetTitle] of the Andals, the Rhoynar and the First Men, Lord of the Seven Kingdoms and Protector of the Realm;[Root.GetFirstName] [Root.GetOnlyDynastyName], le(a) [From.GetTitle] a décrété que votre sordide affaire ne pouvait rester impunie. Vos actes ont clairement souillé et brisé vos voeux de protéger la personne du(e la) [From.GetTitle]. En conséquence [From.GetSheHe] vous a condamné à la castration et au Mur.\n\nTel est le jugement de [From.GetTitledFirstName], [From.GetTitle] des Andals, des Rhoynar et des Premiers Hommes, Seigneur des Sept Couronnes et Protecteur du Royaume;;;[Root.GetFirstName] [Root.GetOnlyDynastyName], el [From.GetTitle] ha decretado que tu sórdida relación no puede quedar impune. Tus acciones han violado gravemente tus votos de proteger al [From.GetTitle]. Te ha condenado a la castración y a ser enviado al Muro.\n\nEsta es la sentencia de [From.GetTitledFirstName], [From.GetTitle] de los Ándalos, los Rhoynar y los Primeros Hombres, Señor de los Siete Reinos y Protector del Reino.;;;;;;;;;x
EVTDESCkingsguard.73;The [From.GetTitle] was most shocked at your revelations, and agreed it was a grave action which needed punishment. [From.GetSheHeCap] has ordered your Sworn Brother is to be gelded and sent to the Wall.;Le(a) [From.GetTitle] a été très choqué(e) par vos révélations et a décidé que ces actes graves ne pouvaient rester impunis. [From.GetSheHeCap] a ordonné la castration de votre frère juré avant de l'envoyer au Mur.;;;El [From.GetTitle] quedó muy sorprendido por la revelación y decidió que estos graves hechos no podían quedar impunes. Ha ordenado castrar a tu hermano juramentado y a ser enviado al Muro.;;;;;;;;;x
EVTOPTAkingsguard.71;A just punishment;Un juste châtiment;;;Un castigo justo;;;;;;;;;x
EVTDESCkingsguard.74;[From.GetHerHisCap] Grace was not concerned with your evidence of [KG_has_the_lover.GetTitledFirstName]'s sordid affair. [From.GetSheHeCap] dismissed it as natural, saying it was doing no harm.;Sa Grâce n'a pas été réellement dérangée par vos preuves quant aux sordides agissements de votre frère juré. [From.GetSheHeCap] a déclaré que ceci était naturel et ne faisait de mal à personne. ;;;Su Alteza no estaba realmente preocupado por tus evidencias sobre los actos de tu hermano juramentado. Dijo que era natural y que no hizo daño a nadie.;;;;;;;;;x
EVTOPTAkingsguard.74;But he swore a vow!;Mais il a prononcé ses vœux !;;;¡Pero hizo un juramento!;;;;;;;;;x
EVTDESCkingsguard.75;Your [Root.GetHusbandWifeOpp] [Root.Spouse.GetFirstName] has been caught having an affair with one of your sworn guards. You have had him punished, but now what to do with your unfaithful partner?;Votre épouse [Root.Spouse.GetFirstName] a été découverte en train de forniquer avec l'un de vos manteaux blancs. Vous l'avez puni, mais maintenant qu'allez vous faire de votre partenaire infidèle ? ;;;Tu mujer [Root.Spouse.GetFirstName] ha sido sorprendida teniendo una aventura con uno de tus capas blancas. A él lo has castigado, ¿Qué harás con tu pareja infiel?;;;;;;;;;x
EVTOPTAkingsguard.75;[Root.Spouse.GetSheHeCap] must be executed!;[Root.Spouse.GetSheHeCap] doit être exécuté(e) ! ;;;¡[Root.Spouse.GetSheHeCap] debe ser ejecutada!;;;;;;;;;x
EVTOPTBkingsguard.75;Put [Root.Spouse.GetHerHim] in the dungeon;Jetez-la au cachot;;;¡A las mazmorras!;;;;;;;;;x
EVTOPTCkingsguard.75;I forgive;Je lui pardonne;;;Lo perdono;;;;;;;;;x
EVTDESCkingsguard.7299;[Root.GetFirstName] [Root.GetOnlyDynastyName], The [From.GetTitle] has decreed that your sordid affair cannot go unpunished. Your actions are a gross contravention of your sworn vows to protect the [From.GetTitle]'s person. Hence [From.GetSheHe] has decided to have you removed from The Kingsguard and imprisoned in the dungeon.\n\nThis is the judgment of [From.GetTitledFirstName], [From.GetTitle] of the Andals, the Rhoynar and the First Men, Lord of the Seven Kingdoms and Protector of the Realm;[Root.GetFirstName] [Root.GetOnlyDynastyName], le(a) [From.GetTitle] a décrété que votre sordide affaire ne pouvait rester impunie. Vos actes ont clairement souillé et brisé vos voeux de protéger la personne du(e la) [From.GetTitle]. En conséquence [From.GetSheHe] vous a condamné à la castration et au Mur.\n\nTel est le jugement de [From.GetTitledFirstName], [From.GetTitle] des Andals, de Rhoynar et des Premiers Hommes, Seigneur des Sept Couronnes et Protecteur du Royaume;;;[Root.GetFirstName] [Root.GetOnlyDynastyName], el [From.GetTitle] ha decretado que vuestra sórdida relación no debe quedar impune. Vuestros actos os han mancillado y habéis roto los votos que jurásteis ante el [From.GetTitle]. En consecuencia seréis castrado y enviado al Muro. \n\nEsa es la sentencia de [From.GetTitledFirstName], [From.GetTitle] de los Ándalos , los Rhoynar y los Primeros Hombres, señor de los Siete Reinos y Protector del Reino;;;;;;;;;x
EVTOPTAkingsguard.7299;At least I live for now;Au moins, je suis encore en vie;;;Al menos sigo con vida;;;;;;;;;x
EVTDESCkingsguard.7399;The [From.GetTitle] was most shocked at your revelations, and agreed it was a grave action which needed punishment. [From.GetSheHeCap] has ordered your Sworn Brother is to be removed from The Kingsguard and imprisoned in the dungeon.;Le/la [From.GetTitle] était choqué par vos révélations et a reconnu que cette grave action nécessitait une châtiment. [From.GetSheHeCap] a ordonné que son frère juré soit démis de ces fonctions dans la Garde royale et emprisonné.has ordered your Sworn Brother is to be removed from The Kingsguard and imprisoned in the dungeon.;;;El [From.GetTitle] estaba muy sorprendido por la revelación y decidió que estos graves hechos no queden impunes. [From.GetSheHeCap] ordenó que tu hermano juramentado sea expulsado de la Guardia Real y encerrado en el calabozo.;;;;;;;;;x
TOOLTIPkingsguard.69;will hear of this and decide what to do;va en entendre parler et va décider quoi faire;;;hablará con ella y decidirá qué hacer;;;;;;;;;x
TOOLTIPkingsguard.70;will be beheaded;va être décapité;;;será decapitado;;;;;;;;;x
opinion_executed_lover;Executed my Lover;A exécuté mon amant;;;Ejecutó a mi amante;;;;;;;;;x
opinion_gelded_lover;Gelded my Lover;A castré mon amant;;;Castró a mi amante;;;;;;;;;x
TOOLTIPKGDARKSISTER;Ser [This.GetFirstName] wielded the Valyrian steel sword Dark Sister, one of the ancestral blades of House Targaryen;Ser [This.GetFirstName] maniait l'épée d'acier valyrien Noire Sœur, la lame ancestrale de la Maison Targaryen ;;;Don [This.GetFirstName] empuñó la hoja de acero valyrio Hermana Oscura, espada ancestral de la Casa Targaryen;;;;;;;;;x
TOOLTIPKGWIDOWSWAIL;Ser [This.GetFirstName] wielded the Valyrian steel sword Widow's Wail, a longsword forged on orders of Tywin Lannister from the blade Ice;Ser [This.GetFirstName] maniait l'épée d'acier valyrien Pleurs-de-Veuve, la lame ancestrale de la Maison Lannister ;;;Don [This.GetFirstName] empuñó la espada de acero valyrio Lamento de Viuda, hoja de la Casa Lannister;;;;;;;;;x
TOOLTIPKGOATHKEEPER;Ser [This.GetFirstName] wielded the Valyrian steel sword Oathkeeper, a longsword forged on orders of Tywin Lannister from the blade Ice;Ser [This.GetFirstName] maniait l'épée d'acier valyrien Féale, la lame ancestrale de la Maison Lannister ;;;Don [This.GetFirstName] empuñó la espada de acero valyrio Guardajuramentos, la hoja de la Casa Lannister;;;;;;;;;x
EVTOPTDkingsguard.3;None of these men should guard me;Aucun de ces hommes n'est digne de me protéger. ;;;Ninguno de estos hombres son dignos de protegerme.;;;;;;;;;x
TOOLTIPKGSTRANGERSMERCY;Ser [This.GetFirstName] wielded the Valyrian steel sword Stranger's Mercy;Ser [This.GetFirstName] maniait l'épée d'acier valyrien Mort-Merci;;;Don [This.GetFirstName] blandió la espada de acero valyrio Piedad del Extraño;;;;;;;;;x
EVTDESCkingsguard.37;Night had fallen when [FromFrom.GetBestName] struck, leaping from the shadows. For a moment you think all is lost, until [From.GetBestName] valiantly steps before you to defend you from this oathbreaker...;La nuit vient de tomber lorsque [FromFrom.GetBestName] se décide à frapper, surgissant des ombres. Pendant un instant vous pensez que tout est perdu. Jusqu'à ce que [From.GetBestName] surgisse derrière vous, prêt à vous défendre contre ce parjure... ;;;La noche había caido cuando [FromFrom.GetBestName] te alcanza, saliendo desde las sombras. Por un momento piensas que está todo perdido, hasta que [From.GetBestName] se coloca delante de ti valientemente para defenderte…;;;;;;;;;x
EVTDESCkingsguard.38;Night had fallen when [FromFrom.GetBestName] struck, leaping from the shadows. You cry for the guards, but no one is there. You will have to defend yourself from this oathbreaker...;La nuit vient de tomber lorsque [FromFrom.GetBestName] se décide à frapper, surgissant des ombres. Vous criez à la garde mais personne ne vient. Vous allez devoir vous défendre seul face à ce parjure…;;;La noche había caído cuando [FromFrom.GetBestName] te alcanza, saliendo desde las sombras. Llamas a los guardias, pero no acude nadie. Tendrás que defenderte tu solo ante el enemigo...;;;;;;;;;x
EVTDESCkingsguard.44;You struggled for your life against [FromFrom.GetTitledFirstName], but you managed to beat [FromFrom.GetHerHim] into submission.;Vous luttez pour votre vie face à [FromFrom.GetTitledFirstName], mais vous parvenez à le(a) soumettre. ;;;Luchaste por tu vida contra [FromFrom.GetTitledFirstName], pero te las arreglas para derrotarle.;;;;;;;;;x
TOOLTIPkingsguard.41;Will evade capture;Va éviter la capture;;;Evitará la captura;;;;;;;;;x
EVTDESCkingsguard.77;Your [GetFromRelation] [From.GetFirstName], as a member of the royal family, should be protected by a member of the Kingsguard. Who shall we send to [From.Capital.GetName] to fulfil this duty?;Votre [GetFromRelation] [From.GetFirstName], en tant que membre de la famille royale, devrait être protégé(e) par un membre de la Garde Royale. Qui devrions-nous envoyer à [From.Capital.GetName] pour remplir son devoir ?;;;Tu [GetFromRelation] [From.GetFirstName], como miembro de la familia Real, debe ser protegido por un miembro de la Guardia Real. ¿A quién debemos enviar a [From.Capital.GetName] a cumplir su deber?;;;;;;;;;x
EVTOPTAkingsguard.77;Send [loan_candidate_1.GetTitledFirstName] [loan_candidate_1.GetOnlyDynastyName];Envoyez-le lui.;;;Enviad a [loan_candidate_1.GetTitledFirstName] [loan_candidate_1.GetOnlyDynastyName];;;;;;;;;x
EVTOPTBkingsguard.77;[From.GetFirstName] shall be protected by [loan_candidate_2.GetTitledFirstName] [loan_candidate_2.GetOnlyDynastyName];[From.GetFirstName] sera protégé(e) par lui. ;;;[From.GetFirstName] será protegido por [loan_candidate_2.GetTitledFirstName] [loan_candidate_2.GetOnlyDynastyName];;;;;;;;;x
EVTOPTCkingsguard.77;[loan_candidate_3.GetTitledFirstName] [loan_candidate_3.GetOnlyDynastyName] will serve;Il servira.;;;[loan_candidate_3.GetTitledFirstName] [loan_candidate_3.GetOnlyDynastyName] servirá;;;;;;;;;x
EVTOPTDkingsguard.77;The Kingsguard protect the [Root.GetTitle];La Garde Royale protège le(a) [Root.GetTitle];;;La Guardia Real protege al [Root.GetTitle];;;;;;;;;x
opinion_withheld_kingsguard;Withheld Kingsguard Protection;A refusé la protection de la Garde Royale;;;Rechazó la proteccion de la Guardia Real;;;;;;;;;x
EVTOPTEkingsguard.77;I have a Kingsguard?;Ai-je une Garde Royale ?;;;¿Tengo un Guardia Real a mi servicio?;;;;;;;;;x
EVTDESCkingsguard.78;[Root.GetTitle] [Root.GetFirstName], as a member of the Royal [From.GetOnlyDynastyName] family you are entitled to the protection of the Kingsguard. As such, a member of the guard has been dispatched to [Root.Capital.GetName] to fulfil this duty.\n\n This is the decree of [From.GetFirstName] of House [From.GetOnlyDynastyName], [From.GetTitle] of [From.PrimaryTitle.GetName];[Root.GetTitle] [Root.GetFirstName], en tant que membre de la famille royale [From.GetOnlyDynastyName], votre protection se doit d'être assurée par la Garde Royale. Par conséquent, un membre de la garde a été envoyé à [Root.Capital.GetName] pour remplir son devoir.\n\n Telle est la volonté de [From.GetFirstName] de la maison [From.GetOnlyDynastyName], [From.GetTitle] de [From.PrimaryTitle.GetName];;;[Root.GetTitle] [Root.GetFirstName], como miembro de la familia Real, tienes derecho a la proteccion de la Guardia Real. Por lo tanto, un miembro de la Guardia Real ha sido enviado a [Root.Capital.GetName] para cumplir con su deber.\n\n Esta es la voluntad de [From.GetFirstName] de la Casa [From.GetOnlyDynastyName], [From.GetTitle] de [From.PrimaryTitle.GetName];;;;;;;;;x
EVTDESCkingsguard.79; As a member of the Royal [From.GetOnlyDynastyName] family you are traditionally entitled to protection from the Kingsguard. [From.GetTitle] [From.GetFirstName], however, has seen fit to keep all the white cloaks around [From.GetHerHis] own person, leaving you without the protection owed.;En tant que membre de la famille royale [From.GetOnlyDynastyName], votre protection se doit normalement d'être assurée par la Garde Royale. Cependant, le(a) [From.GetTitle] [From.GetFirstName], a décidé de que la garde devait se dévouer à la protection de sa propre personne, vous laissant sans manteau blanc pour vous protéger.;;; Como miembro de la familia Real, tienes derecho a la protección de la Guardia Real. Sin embargo, [From.GetTitle] [From.GetFirstName] ha decidido mantener a todas las capas blancas cerca, dejándote sin la proteccion adecuada..;;;;;;;;;x
EVTOPTAkingsguard.79;I am outraged!;Je suis outré !;;;¡Estoy indignado!;;;;;;;;;x
TOOLTIPKGVIGILANCE;Ser [This.GetFirstName] wielded the valyrian steel sword Vigilance, the ancestral blade of House Hightower;Ser [This.GetFirstName] maniait l'épée d'acier valyrien Vigilance, la lame ancestrale de la maison Hightower ;;;Don [This.GetFirstName] blande la espada de acero valyrio Vigilancia, la espada ancestral de la Casa Hightower ;;;;;;;;;x
TOOLTIPKGORPHANMAKER;Ser [This.GetFirstName] wielded the valyrian steel sword Orphan Maker, the ancestral blade of House Roxton;Ser [This.GetFirstName] maniait l'épée d'acier valyrien Faiseur-d'Orphelin, la lame ancestrale de la maison Roxton ;;;Don[This.GetFirstName] blande la espada de acero valyrio Hacedora de Huérfanos, la espada ancestral de la Casa Roxton;;;;;;;;;x
EVTOPTkingsguard.19MORE;Show more...;Montrez-moi plus...;;;Mostrar más…;;;;;;;;;x
d_kingsguard_dummy;The Kingsguard;La Garde Royale;;;La Guardia Real;;;;;;;;;x
EVTDESCkingsguard.19;A new Lord Commander of the Kingsguard is needed, and he is traditionally the most senior and able of the seven white cloaks. Who shall fulfil this venerable duty for their [Root.GetTitle]?;Il faut un nouveau lord commandant de la Garde Royale, et c'est traditionnellement le plus âgé et le plus talentueux des sept manteaux blancs qui est choisi. Qui devra remplir cet honorable devoir pour son(a) [Root.GetTitle]?;;;Se necesita un nuevo Comandante de la Guardia Real, y es tradicionalmente el más veterano y el más talentoso de las siete capas blancas. ¿Quién deberá cumplir este venerable deber para su [Root.GetTitle]?;;;;;;;;;x
EVTOPTAkingsguard.19;[kg_lc_candidate_1.GetTitledFirstName] [kg_lc_candidate_1.GetOnlyDynastyName], step forward!;[kg_lc_candidate_1.GetTitledFirstName] [kg_lc_candidate_1.GetOnlyDynastyName], un pas en avant !;;;[kg_lc_candidate_1.GetTitledFirstName] [kg_lc_candidate_1.GetOnlyDynastyName], un paso adelante!;;;;;;;;;x
EVTOPTAkingsguard.19B;[kg_lc_candidate_1.GetTitledFirstNameWithNick], step forward!;[kg_lc_candidate_1.GetTitledFirstNameWithNick], un pas en avant !;;;[kg_lc_candidate_1.GetTitledFirstNameWithNick], un paso adelante!;;;;;;;;;x
EVTOPTBkingsguard.19;[kg_lc_candidate_2.GetTitledFirstName] [kg_lc_candidate_2.GetOnlyDynastyName], step forward!;[kg_lc_candidate_2.GetTitledFirstName] [kg_lc_candidate_2.GetOnlyDynastyName], un pas en avant !;;;[kg_lc_candidate_2.GetTitledFirstName] [kg_lc_candidate_2.GetOnlyDynastyName], un paso adelante!;;;;;;;;;x
EVTOPTBkingsguard.19B;[kg_lc_candidate_2.GetTitledFirstNameWithNick], step forward!;[kg_lc_candidate_2.GetTitledFirstNameWithNick], un pas en avant !;;;[kg_lc_candidate_2.GetTitledFirstNameWithNick], un paso adelante!;;;;;;;;;x
EVTOPTCkingsguard.19;[kg_lc_candidate_3.GetTitledFirstName] [kg_lc_candidate_3.GetOnlyDynastyName], step forward!;[kg_lc_candidate_3.GetTitledFirstName] [kg_lc_candidate_3.GetOnlyDynastyName], un pas en avant !;;;[kg_lc_candidate_3.GetTitledFirstName] [kg_lc_candidate_3.GetOnlyDynastyName], un paso adelante!;;;;;;;;;x
EVTOPTCkingsguard.19B;[kg_lc_candidate_3.GetTitledFirstNameWithNick], step forward!;[kg_lc_candidate_3.GetTitledFirstNameWithNick], un pas en avant !;;;[kg_lc_candidate_3.GetTitledFirstNameWithNick], un paso adelante!;;;;;;;;;x
EVTOPTDkingsguard.19;[kg_lc_candidate_4.GetTitledFirstName] [kg_lc_candidate_4.GetOnlyDynastyName], step forward!;[kg_lc_candidate_4.GetTitledFirstName] [kg_lc_candidate_4.GetOnlyDynastyName], un pas en avant !;;;[kg_lc_candidate_4.GetTitledFirstName] [kg_lc_candidate_4.GetOnlyDynastyName], un paso adelante!;;;;;;;;;x
EVTOPTDkingsguard.19B;[kg_lc_candidate_4.GetTitledFirstNameWithNick], step forward!;[kg_lc_candidate_4.GetTitledFirstNameWithNick], un pas en avant !;;;[kg_lc_candidate_4.GetTitledFirstNameWithNick], un paso adelante!;;;;;;;;;x
EVTOPTEkingsguard.19;[kg_lc_candidate_5.GetTitledFirstName] [kg_lc_candidate_5.GetOnlyDynastyName], step forward!;[kg_lc_candidate_5.GetTitledFirstName] [kg_lc_candidate_5.GetOnlyDynastyName], un pas en avant !;;;[kg_lc_candidate_5.GetTitledFirstName] [kg_lc_candidate_5.GetOnlyDynastyName], un paso adelante!;;;;;;;;;x
EVTOPTEkingsguard.19B;[kg_lc_candidate_5.GetTitledFirstNameWithNick], step forward!;[kg_lc_candidate_5.GetTitledFirstNameWithNick], un pas en avant !;;;[kg_lc_candidate_5.GetTitledFirstNameWithNick], un paso adelante!;;;;;;;;;x
EVTOPTFkingsguard.19;[kg_lc_candidate_6.GetTitledFirstName] [kg_lc_candidate_6.GetOnlyDynastyName], step forward!;[kg_lc_candidate_6.GetTitledFirstName] [kg_lc_candidate_6.GetOnlyDynastyName], un pas en avant !;;;[kg_lc_candidate_6.GetTitledFirstName] [kg_lc_candidate_6.GetOnlyDynastyName], un paso adelante!;;;;;;;;;x
EVTOPTFkingsguard.19B;[kg_lc_candidate_6.GetTitledFirstNameWithNick], step forward!;[kg_lc_candidate_6.GetTitledFirstNameWithNick], un pas en avant !;;;[kg_lc_candidate_6.GetTitledFirstNameWithNick], un paso adelante!;;;;;;;;;x
EVTOPTGkingsguard.19;[kg_lc_candidate_7.GetTitledFirstName] [kg_lc_candidate_7.GetOnlyDynastyName], step forward!;[kg_lc_candidate_7.GetTitledFirstName] [kg_lc_candidate_7.GetOnlyDynastyName], un pas en avant !;;;[kg_lc_candidate_7.GetTitledFirstName] [kg_lc_candidate_7.GetOnlyDynastyName], un paso adelante!;;;;;;;;;x
EVTOPTGkingsguard.19B;[kg_lc_candidate_7.GetTitledFirstNameWithNick], step forward!;[kg_lc_candidate_7.GetTitledFirstNameWithNick], un pas en avant !;;;[kg_lc_candidate_7.GetTitledFirstNameWithNick], un paso adelante!;;;;;;;;;x
appointed_female_kingsguard;Appointed Female Kingsguard;A nommé une femme à la Garde Royale;;;Mujer nombrada Guardia Real;;;;;;;;;x
EVTDESCkingsguard.10B;[From.GetTitledFirstName] [From.GetOnlyDynastyName] looks at you with contempt. 'You must be joking,' [From.GetSheHe] says, 'I will never guard the likes of you.';[From.GetBestName] vous regarde avec mépris. 'Vous devez plaisanter,' dit-[From.GetSheHe], 'je ne protègerai jamais quelqu'un comme vous.';;;[From.GetTitledFirstName] [From.GetOnlyDynastyName] te mira con desprecio. 'Debes estar bromeando,' dice, 'Nunca protegeré a alguien como tú.';;;;;;;;;x
EVTDESCkingsguard.10BREGENT;[From.GetTitledFirstName] [From.GetOnlyDynastyName] looks at you with contempt. 'You must be joking,' [From.GetSheHe] says, 'I will never guard the the [Root.TopLiege.GetTitle] whilst the likes of you holds power.';[From.GetBestName] vous regarde avec mépris. 'Vous devez plaisanter,' dit-[From.GetSheHe], 'je ne protègerai jamais le(a) [Root.TopLiege.GetTitle] alors que quelqu'un comme vous est au pouvoir.';;;[From.GetTitledFirstName] [From.GetOnlyDynastyName] te mira con desprecio. 'Debes estar bromeando,' dice, 'No protegeré al [Root.TopLiege.GetTitle] mientras alguien como tu tenga el poder.';;;;;;;;;x
EVTDESCkingsguard.10C;[From.GetTitledFirstName] [From.GetOnlyDynastyName] looks confused. 'My apologies, [Root.PrimaryTitle.GetFOA],' [From.GetSheHe] says, 'I fear I would make a poor kingsguard, I bid you seek someone more worthy.';[From.GetBestName] semble confus. 'Pardonnez moi, [Root.PrimaryTitle.GetFOA],' dit-[From.GetSheHe], 'Je crains de n'être pas à la hauteur de la tâche, je vous implore de bien vouloir choisir quelqu'un de plus digne.';;;[From.GetTitledFirstName] [From.GetOnlyDynastyName] parece confundido. 'Mis disculpas, [Root.PrimaryTitle.GetFOA],' dice, 'Me temo que sería un pobre Guardia Real, debería ofrecérselo a alguien más digno que yo.';;;;;;;;;x
EVTDESCkingsguard.10D;[From.GetTitledFirstName] [From.GetOnlyDynastyName] kneels. '[Root.PrimaryTitle.GetFOA], I appreciate the offer' [From.GetSheHe] says, 'however I feel it would be improper for lady such as myself to be a kingsguard.';[From.GetBestName] s'agenouille. '[Root.PrimaryTitle.GetFOA], j'apprécie l'offre' dit-[From.GetSheHe], 'Cependant je pense qu'il serait inapproprié pour une dame telle que moi de devenir membre de la garde royale.';;;[From.GetTitledFirstName] [From.GetOnlyDynastyName] se arrodilla. '[Root.PrimaryTitle.GetFOA], aprecio la oferta' dice, 'sin embargo creo que sería impropio para una dama como yo ser Guardia Real.';;;;;;;;;x
EVTDESCkingsguard.10E;[From.GetTitledFirstName] [From.GetOnlyDynastyName] looks like [From.GetSheHe] is about to laugh. 'I am sure your Westerosi guard is a great honour for your kind' [From.GetSheHe] says, 'but a [From.Culture.GetName] such as me has no place guarding you.';[From.GetBestName] semble être à deux doigts d'éclater de rire. 'Je suis sûr que votre garde ouestrienne est un grand honneur pour les vôtres.' dit-[From.GetSheHe], 'mais un [From.Culture.GetName] tel que moi n'a pas sa place dans une telle confrérie.';;;[From.GetTitledFirstName] [From.GetOnlyDynastyName] parece a punto de reír. 'Estoy seguro que tu guardia de Poniente será un gran honor para los tuyos' dice, 'pero para mi cultura [From.Culture.GetName] no tiene ningún valor.';;;;;;;;;x
VTDESCkingsguard.10EREGENT;[From.GetTitledFirstName] [From.GetOnlyDynastyName] looks like [From.GetSheHe] is about to laugh. 'I am sure your Westerosi guard is a great honour for your kind' [From.GetSheHe] says, 'but a [From.Culture.GetName] such as me has no place guarding your [Root.TopLiege.GetTitle].';[From.GetBestName] semble être à deux doigts d'éclater de rire. 'Je suis sûr que votre garde ouestrienne est un grand honneur pour les vôtres.' dit-[From.GetSheHe], 'mais un [From.Culture.GetName] tel que moi n'a pas sa place dans une telle confrérie.';;;[From.GetTitledFirstName] [From.GetOnlyDynastyName] parece a punto de reír. 'Estoy seguro que tu guardia de Poniente será un gran honor para los tuyos' dice, 'pero para mi cultura [From.Culture.GetName] no tiene ningún valor proteger el [Root.TopLiege.GetTitle].';;;;;;;;;x
EVTDESCkingsguard.10F;[From.GetTitledFirstName] [From.GetOnlyDynastyName] is gingerly brought before you. 'My apologies, [Root.PrimaryTitle.GetFOA],' [From.GetSheHe] says, 'I am in no fit condition to walk, let alone guard your person.';Des personnes aident [From.GetBestName] à se présenter à vous. 'Veuillez me pardonner, [Root.PrimaryTitle.GetFOA],' dit-[From.GetSheHe], 'Je ne suis même pas capable de marcher, je ne peux donc pas vous protéger.';;;[From.GetTitledFirstName] [From.GetOnlyDynastyName] se acerca con cautela. 'Mis disculpas, [Root.PrimaryTitle.GetFOA],' dice, 'No estoy en condición de andar, mucho menos para proteger tu persona.';;;;;;;;;x
EVTDESCkingsguard.10FREGENT;[From.GetTitledFirstName] [From.GetOnlyDynastyName] is gingerly brought before you. 'My apologies, [Root.PrimaryTitle.GetFOA],' [From.GetSheHe] says, 'I am in no fit condition to walk, let alone guard the [Root.TopLiege.GetTitle].';Des personnes aident [From.GetBestName] à se présenter à vous. 'Veuillez me pardonner, [Root.PrimaryTitle.GetFOA],' dit-[From.GetSheHe], 'Je ne suis même pas capable de marcher, je ne peux donc pas protéger le(a)  [Root.TopLiege.GetTitle].';;;[From.GetTitledFirstName] [From.GetOnlyDynastyName]  se acerca con cautela. 'Mis disculpas, [Root.PrimaryTitle.GetFOA],' dice, 'No estoy en condición de andar, mucho menos para proteger al [Root.TopLiege.GetTitle].';;;;;;;;;x
EVTDESCkingsguard.10G;[From.GetTitledFirstName] [From.GetOnlyDynastyName] has a concerned look when [From.GetSheHe] receives your request. 'You do me a great honour [Root.PrimaryTitle.GetFOA],' [From.GetSheHe] says, 'but I fear I cannot give up the pleasures of women for a lifetime.';[From.GetBestName] semble embarassé en apprenant votre demande. 'Vous me faîtes un grand honneur [Root.PrimaryTitle.GetFOA],' dit-[From.GetSheHe], 'mais je crains de ne pas pouvoir me passer des femmes pour le restant de ma vie.';;;[From.GetTitledFirstName] [From.GetOnlyDynastyName] tiene una mirada de preocupación cuando recibe tu petición. 'Es un gran honor [Root.PrimaryTitle.GetFOA],' dice, 'pero no puedo renunciar a los placeres de las mujeres para toda la vida.';;;;;;;;;x
TOOLTIPKGDRAGONSLAYER; . [This.GetFirstName]'s most famous deed was the slaying of a dragon, an act which won [This.GetHerHim] great renown throughout the realm.; . L'acte le plus prestigieux de [This.GetFirstName] fut d'avoir tué un dragon, une action qui lui a valu une grande renommée à travers tout le royaume.;;; . El acto más famoso de [This.GetFirstName] fue la muerte de un dragón, un acto que le reportó un gran renombre en todo el Reino.;;;;;;;;;x
TOOLTIPKGTRUTH;Ser [This.GetFirstName] wielded the valyrian steel sword Truth, the ancestral blade of House Rogare;Ser [This.GetFirstName] maniait l'épée d'acier valyrien Vérité, la lame ancestrale de la maison Rogare ;;;Don [This.GetFirstName] blandió la espada de acero valyrio Verdad, la espada ancestral de la Casa Rogare;;;;;;;;;x
TOOLTIPKGLAMENTATION;Ser [This.GetFirstName] wielded the valyrian steel sword Lamentation, the ancestral blade of House Royce;Ser [This.GetFirstName] maniait l'épée d'acier valyrien Lamentation, la lame ancestrale de la maison Royce ;;;Don [This.GetFirstName] blandió la espada de acero valyrio Lamento, la espada ancestral de la Casa Royce;;;;;;;;;x
TOOLTIPKGPOISON;Ser [This.GetFirstName] wielded the valyrian steel sword Poison, the ancestral blade of House Vunatis;Ser [This.GetFirstName] maniait l'épée d'acier valyrien Poison, la lame ancestrale de la maison Vunatis ;;;Don [This.GetFirstName] blandió la espada de acero valyrio Veneno, la espada ancestral de la Casa Vunatis;;;;;;;;;x
opinion_refused_kingsguard;Refused Kingsuard;A refusé de servir dans la Garde Royale;;;Guardia Real rechazado;;;;;;;;;x
KG_duke;Lord Commander;Lord Commandant;Lord Commander;;Lord Comandante;;;;;;;;;x
KG_duke_foa;My Lord;Mon Seigneur;;;Mi Señor;;;;;;;;;x
KG_duke_female;Lady Commander;Lady Commandante;;;Lord Comandante;;;;;;;;;x
KG_duke_foa_female;My Lady;Ma Dame;My Lady;My Lady;Mi Señora;;;;;;;;;x
EVTDESCkingsguard.63;The White Sword Tower of The Red Keep contains the chambers of the Kingsguard. It is a slender structure of four stories built into an angle of the castle wall overlooking the bay. A circular white room, known as the Round Room, has whitewashed stone walls hung with white woolen tapestries, and forms the first floor and has a large white table with seven chairs to provide a meeting space for the order. The topmost floor is given over to the Lord Commander's apartments.;La  tour de la Blanche Épée du Donjon Rouge recèlent les appartements de la Garde Royale. Cette structure fine de trois étages est construite dans l'angle du mur du château, avec vue sur la baie. Au rez-de-chaussée, une pièce blanche circulaire, aux murs de pierre chaulée tendus de tapisseries de laine blanche, possède une grande table blanche et sept chaises et sert de salle de réunion pour la Garde. On trouve au premier et au deuxième étage des petites chambres d'appoint pour les six membres de la garde, le lord Commandant ayant l'exclusivité du troisième et dernier étage. ;;;La Torre de la Espada Blanca es la sede de la Guardia Real. Esta esbelta edificación de cuatro pisos se alza en un ángulo de la muralla exterior y desde la que se domina toda la bahía. En el primer piso está la Sala Circular, redonda, de paredes de piedra blanca, tapices de lana blanca y una mesa blanca donde se reúnen. L pisos segundo y tercero albergan las celdas austeras y pequeñas donde duermen los seis hermanos de la Guardia Real y el cuarto piso está ocupado por las espaciosas habitaciones del Lord Comandante.;;;;;;;;;x
EVTOPTAkingsguard.63;The Lord Commander must hold this tower;Le Lord Commandant doit détenir cette tour;;;El Lord Comandante debe poseer esta torre;;;;;;;;;x
EVTOPTBkingsguard.63;The Kingsguard is sworn to the Iron Throne;Un Garde Royal est lié par serment au Trône de fer;;;Un Guardia Real está unido por juramento al Trono de Hierro;;;;;;;;;x
EVTDESCkingsguard.64;The Kingsguard must hold no lands;Un Garde Royal ne peut détenir de terres;;;Un Guardia Real no puede poseer tierras;;;;;;;;;x
EVTDESCkingsguard.10H;[From.GetTitledFirstName] [From.GetOnlyDynastyName] kneels. '[Root.PrimaryTitle.GetFOA], I appreciate the offer' [From.GetSheHe] says, 'however I have ambitions that will not be served if I were to be sworn as a kingsguard.';[From.GetTitledFirstName] [From.GetOnlyDynastyName] ploie le genou. '[Root.PrimaryTitle.GetFOA], j’apprécie votre offre' dit-[From.GetSheHe], 'cependant, j’ai des ambitions qui ne peuvent pas être réalisées si je deviens un membre de la Garde Royale.';;;;;;;;;;;;x
opinion_added_kin_to_kingsguard_pos;Appointed My Kin to The Kingsguard;A nommé un membre de ma famille à la Garde Royale;;;;;;;;;;;;x
opinion_added_kin_to_kingsguard_neg;Appointed My Kin to The Kingsguard;A nommé un membre de ma famille à la Garde Royale;;;;;;;;;;;;x
appointed_non_faith_kingsguard;Appointed a Non-Faithful to The Kingsguard;A nommé un infidèle à la Garde Royale;;;;;;;;;;;;x
appointed_foreign_kingsguard;Appointed a Foreigner to The Kingsguard;A nommé un étranger à la Garde Royale;;;;;;;;;;;;x
appointed_lowborn_kingsguard;Appointed a Lowborn to The Kingsguard;A nommé un roturier à la Garde Royale;;;;;;;;;;;;x
TOOLTIPappointed_non_faith_kingsguard;Your §YFaith of The Seven§! vassals may be upset at you for appointing a §Y[From.Religion.GetName]§! kingsguard\n;Vos vassaux vénérant la §Yfoi des Sept§! peuvent mal prendre que vous nommiez un fidèle de §Y[From.Religion.GetName]§! Dans la Garde Royale\n;;;;;;;;;;;;x
TOOLTIPappointed_foreign_kingsguard;Your §Yhome and Andal§! vassals may be upset at you for appointing a §Y[From.Culture.GetName]§! kingsguard\n;Vos vassaux §Ysur vos terres et les Andals§! peuvent mal prendre que vous nommiez un §Y[From.Culture.GetName]§! comme Garde Royal\n;;;;;;;;;;;;x
TOOLTIPappointed_lowborn_kingsguard;Your vassals may be upset at you for appointing a §Ylowborn§! kingsguard\n;Vos vassaux peuvent mal prendre que vous nommiez un §Yroturier§! Comme Garde Royal\n;;;;;;;;;;;;x
EVTDESCkingsguard.10I;[From.GetTitledFirstName] [From.GetOnlyDynastyName] looks affronted. 'You must be jesting [Root.PrimaryTitle.GetFOA]' [From.GetSheHe] says, 'a [From.GetOnlyDynastyName] will never be sworn to protect a [From.TopLiege.GetOnlyDynastyName]!';[From.GetTitledFirstName] [From.GetOnlyDynastyName] a l’air énervé. 'Etes-vous en train de faire une farce, [Root.PrimaryTitle.GetFOA] ?' dit-il [From.GetSheHe], 'a [From.GetOnlyDynastyName] ne jurera jamais de protéger un [From.TopLiege.GetOnlyDynastyName] !';;;;;;;;;;;;x
