######Hightower Nicknames;;;;;;;;;;;;;;x
nick_the_black_tower;the Black Tower;la Tour Noire;;;La Torre Negra;;;;;;;;;x
nick_the_white_tower;the White Tower;la Tour Blanche;;;La Torre Blanca;;;;;;;;;x
nick_the_crazed_tower;the Demented Tower;la Tour Démente;;;La Torre Demente;;;;;;;;;x
nick_the_wild_tower;the Wild Tower;la Tour Sauvage;;;La Torre Salvaje;;;;;;;;;x
nick_the_harmless_tower;the Harmless Tower;Sans-Muraille;;;La Torre Indefensa;;;;;;;;;x
nick_the_big_tower;the Hightower;la Hautetour;;;Torrealta;;;;;;;;;x
nick_the_strong_tower;Strongtower;la Tour Terrible;;;Torrefuerte;;;;;;;;;x
nick_the_charming_tower;the Charming Tower;la Tour Charmante;;;La Torre Encantada;;;;;;;;;x
nick_the_grotesque_tower;the Broken Tower;la Tour Brisée;;;La Torre Rota;;;;;;;;;x
nick_the_little_tower;the Lowtower;la Tourette;;;Torrebaja;;;;;;;;;x
nick_the_wise_tower;the Wise Tower;la Tour Sage;;;La Torre Sabia;;;;;;;;;x
nick_the_simple_tower;the Simple Tower;la Tour Simplette;;;Torrecilla;;;;;;;;;x
nick_the_learned_tower;the Learned Tower;la Tour Érudite;;;La Torre Erudita;;;;;;;;;x
nick_the_delicate_tower;the Delicate Tower;la Tour Délicate;;;La Torre Delicada;;;;;;;;;x
nick_the_suspicious_tower;the Secure Tower;la Tour Sûre;;;Torresegura;;;;;;;;;x
nick_the_headstrong_tower;the Firm Tower;la Tour Ferme;;;Torrefirme;;;;;;;;;x
nick_the_tower_knight;the Towerknight;le Chevalier-Tour;;;El Caballero Torre;;;;;;;;;x
######Manderly Nicknames;;;;;;;;;;;;;;x
nick_the_black_merman;the Black Merman;le Triton Noir;;;El Tritón Negro;;;;;;;;;x
nick_the_white_merman;the White Merman;le Triton Blanc;;;El Tritón Blanco;;;;;;;;;x
nick_the_crazed_merman;the Crazed Merman;le Triton Fou;;;El Tritón Loco;;;;;;;;;x
nick_the_wild_merman;the Wild Merman;le Triton Sauvage;;;El Tritón Salvaje;;;;;;;;;x
nick_the_harmless_merman;the Harmless Merman;le Triton Inoffensif;;;El Tritón Inofensivo;;;;;;;;;x
nick_the_big_merman;the Big Merman;le Grand Triton;;;El Gran Tritón;;;;;;;;;x
nick_the_strong_merman;the Strong Merman;le Triton Invincible;;;El Tritón Invencible;;;;;;;;;x
nick_the_charming_merman;the Charming Merman;le Charmant Triton;;;El Tritón Encantado;;;;;;;;;x
nick_the_grotesque_merman;the Grotesque Merman;le Triton Grotesque;;;El Tritón Gotesco;;;;;;;;;x
nick_the_little_merman;the Little Merman;le Petit Triton;;;El Pequeño Tritón;;;;;;;;;x
nick_the_wise_merman;the Wise Merman;le Triton Sage;;;El Tritón Sabio;;;;;;;;;x
nick_the_simple_merman;the Simple merman;le Triton Simplet;;;El Tritón Simplón;;;;;;;;;x
nick_the_learned_merman;the Learned Merman;le Triton Érudit;;;El Tritón Erudito;;;;;;;;;x
nick_the_delicate_merman;the Delicate Merman;le Triton Délicat;;;El Tritón Delicado;;;;;;;;;x
nick_the_suspicious_merman;the Suspicious Merman;le Triton Suspicieux;;;El Tritón Suspicaz;;;;;;;;;x
nick_the_headstrong_merman;the Headstrong Merman;le Triton Inflexible;;;El Tritón Inflexible;;;;;;;;;x
####Shablone - Female;;;;;;;;;;;;;;x
nick_the_black_mermaid;the Black Mermaid;la Sirène Noire;;;La Sirena Negra;;;;;;;;;x
nick_the_white_mermaid;the White Mermaid;la Sirène Blanche;;;La Sirena Blanca;;;;;;;;;x
nick_the_crazed_mermaid;the Crazed Mermaid;la Sirène Folle;;;La Sirena Loca;;;;;;;;;x
nick_the_wild_mermaid;the Wild Mermaid;la Sirène Sauvage;;;La Sirena Salvaje;;;;;;;;;x
nick_the_harmless_mermaid;the Harmless Mermaid;la Sirène Inoffensive;;;La Sirena Inofensiva;;;;;;;;;x
nick_the_big_mermaid;the Big Mermaid;la Grande Sirène;;;La Gran Sirena;;;;;;;;;x
nick_the_strong_mermaid;the Strong Mermaid;la Sirène Invincible;;;La Sirena Invencible;;;;;;;;;x
nick_the_charming_mermaid;the Charming Mermaid;la Charmante Sirène;;;La Sirena Encantada;;;;;;;;;x
nick_the_grotesque_mermaid;the Grotesque Mermaid;la Sirène Grotesque;;;La Sirena Grotesca;;;;;;;;;x
nick_the_little_mermaid;the Little Mermaid;la Petite Sirène;;;La Pequeña Sirena;;;;;;;;;x
nick_the_wise_mermaid;the Wise Mermaid;la Sirène Sage;;;La Sirena Sabia;;;;;;;;;x
nick_the_simple_mermaid;the Simple Mermaid;la Sirène Simplette;;;La Sirenita;;;;;;;;;x
nick_the_learned_mermaid;the Learned Mermaid;la Sirène Savante;;;La Sirena Pensante;;;;;;;;;x
nick_the_delicate_mermaid;the Delicate Mermaid;la Sirène Délicate;;;La Sirena Delicada;;;;;;;;;x
nick_the_suspicious_mermaid;the Suspicious Mermaid;la Sirène Suspicieuse;;;La Sirena Recelosa;;;;;;;;;x
nick_the_headstrong_mermaid;the Headstrong Mermaid;la Sirène Inflexible;;;La Sirena Testaruda;;;;;;;;;
######Mormont Nicknames;;;;;;;;;;;;;;x
nick_the_black_bear;the Black Bear;l'Ours Noir;;;El Oso Negro;;;;;;;;;x
nick_the_white_bear;the White Bear;l'Ours Blanc;;;El Oso Blanco;;;;;;;;;x
nick_the_crazed_bear;the Mad Bear;l'Ours Fou;;;El Oso Loco;;;;;;;;;x
nick_the_wild_bear;the Wild Bear;l'Ours Sauvage;;;El Oso Salvaje;;;;;;;;;x
nick_the_harmless_bear;the Sleeping Bear;l'Ours Mollasson;;;El Oso Dormido;;;;;;;;;x
nick_the_big_bear;the Greatbear;le Grand Ours;;;El Gran Oso;;;;;;;;;x
nick_the_strong_bear;Strongbear;le Grizzli;;;Osofuerte;;;;;;;;;x
nick_the_charming_bear;the Charming Bear;l'Ours Charmant;;;El Oso Encantador;;;;;;;;;x
nick_the_grotesque_bear;the Deformed Bear;l'Ours Grotesque;;;El Oso Deforme;;;;;;;;;x
nick_the_little_bear;the Little Bear;le Petit Ours;;;El Pequeño Oso;;;;;;;;;x
nick_the_wise_bear;the Wise Bear;l'Ours Sage;;;El Oso Sabio;;;;;;;;;x
nick_the_simple_bear;the Simple Bear;l'Ours Simplet;;;Osito;;;;;;;;;x
nick_the_learned_bear;the Learned Bear;l'Ours Éclairé ;;;El Oso Erudito;;;;;;;;;x
nick_the_delicate_bear;the Delicate Bear;l'Ours Maniéré;;;El Oso Delicado;;;;;;;;;x
nick_the_suspicious_bear;the Foaming Bear;l'Ours Méfiant;;;El Oso Desconfiado;;;;;;;;;x
nick_the_headstrong_bear;the Headstrong Bear;l'Ours Têtu;;;El Oso Inflexible;;;;;;;;;x
nick_the_bear_knight;the Bearknight;le Chevalier Ours;;;El Caballero Oso;;;;;;;;;x
######Arryn Nicknames;;;;;;;;;;;;;;x
nick_the_black_falcon;the Black Falcon;le Faucon Noir;;;El Halcón Negro;;;;;;;;;x
nick_the_white_falcon;the White Falcon;le Gerfaut;;;El Halcón Blanco;;;;;;;;;x
nick_the_crazed_falcon;the Crazed Falcon;le Faucon Fou;;;El Halcón Loco;;;;;;;;;x
nick_the_wild_falcon;the Wild Falcon;le Faucon Sauvage;;;El Halcón Salvaje;;;;;;;;;x
nick_the_harmless_falcon;the Talonless;le Sans-Serres;;;El Halcón Sin Garras;;;;;;;;;x
nick_the_big_falcon;the Greathawk;le Grand Faucon;;;El Gran Halcón;;;;;;;;;x
nick_the_strong_falcon;the Strong Falcon;le Faucon Puissant;;;El Halcón Gerifalte;;;;;;;;;x
nick_the_charming_falcon;the Golden Falcon;le Faucon d'or;;;El Halcón Dorado;;;;;;;;;x
nick_the_grotesque_falcon;the Vulture;le Vautour;;;El Buitre;;;;;;;;;x
nick_the_little_falcon;the Smallhawk;le Fauconneau;;;El Falconete;;;;;;;;;x
nick_the_wise_falcon;the Wise Falcon;le Faucon Sage;;;El Halcón Sabio;;;;;;;;;x
nick_the_simple_falcon;the Simple Falcon;le Faucon Simplet;;;El Halcón Simplón;;;;;;;;;x
nick_the_learned_falcon;the Learned Falcon;le Faucon Savant;;;El Halcón Erudito;;;;;;;;;x
nick_the_delicate_falcon;the Delicate Falcon;le Faucon Gracieux;;;El Halcón Delicado;;;;;;;;;x
nick_the_suspicious_falcon;the Sharp Talon;Serres-Assérées;;;Garraserrada;;;;;;;;;x
nick_the_headstrong_falcon;the Peregrine;le Faucon Inflexible;;;El Halcón Inflexible;;;;;;;;;x
nick_the_laughing_falcon;the Laughing Falcon;le Faucon Rieur;;;El Halcón Sonriente;;;;;;;;;x
nick_the_falconknight;the Falconknight;le Chevalier-Faucon;;;El Caballero Halcón;;;;;;;;;x
######Florent Nicknames;;;;;;;;;;;;;;x
nick_the_black_fox;the Black Fox;le Renard Noir;;;El Zorro Negro;;;;;;;;;x
nick_the_white_fox;the White Fox;le Renard Blanc;;;El Zorro Blanco;;;;;;;;;x
nick_the_crazed_fox;the Crazed Fox;le Renard Fou;;;El Zorro Loco;;;;;;;;;x
nick_the_wild_fox;the Wild Fox;le Renard Sauvage;;;El Zorro Salvaje;;;;;;;;;x
nick_the_harmless_fox;the Harmless Fox;le Renard Inoffensif;;;El Zorro Inofensivo;;;;;;;;;x
nick_the_big_fox;the Big Fox;le Grand Renard;;;El Gran Zorro;;;;;;;;;x
nick_the_strong_fox;Strongfox;le Goupil;;;Zorrón;;;;;;;;;x
nick_the_charming_fox;the Charming Fox;le Charmant Renard;;;El Zorro Encantador;;;;;;;;;x
nick_the_grotesque_fox;the Grotesque Fox;le Renard Risible;;;El Zorro Grotesco;;;;;;;;;x
nick_the_little_fox;the Little Fox;le Renardeau;;;Zorrito;;;;;;;;;x
nick_the_wise_fox;the Cunning;le Renard Sage;;;El Zorro Astuto;;;;;;;;;x
nick_the_simple_fox;the Outfoxed;le Renard Simplet;;;El Raposo;;;;;;;;;x
nick_the_learned_fox;the Learned Fox;le Renard Érudit;;;El Zorro Listo;;;;;;;;;x
nick_the_delicate_fox;the Delicate Fox;le Renard Délicat;;;El Zorro Delicado;;;;;;;;;x
nick_the_suspicious_fox;the Suspicious Fox;le Renard Méfiant;;;El Zorro Desconfiado;;;;;;;;;x
nick_the_headstrong_fox;the Headstrong Fox;le Renard Inflexible;;;El Zorro Inflexible;;;;;;;;;x
nick_the_fox_knight;the Foxknight;le Chevalier-Renard;;;El Caballero Zorro;;;;;;;;;x
######Greyjoy Nicknames;;;;;;;;;;;;;;x
nick_the_black_cracken;the Black Kraken;la Seiche Noire;;;El Kraken Negro;;;;;;;;;x
nick_the_white_cracken;the White Kraken;la Seiche Blanche;;;El Kraken Blanco;;;;;;;;;x
nick_the_crazed_cracken;Seawind;la Seiche Folle;;;El Kraken Loco;;;;;;;;;x
nick_the_wild_cracken;the Wild Kraken;la Seiche Sauvage;;;El Kraken Salvaje;;;;;;;;;x
nick_the_harmless_cracken;Calmsea;la Seiche Inoffensive;;;El kraken Calmado;;;;;;;;;x
nick_the_big_cracken;the Kraken;la Grande Seiche;;;El Gran Kraken;;;;;;;;;x
nick_the_strong_cracken;the Strong Kraken;le Kraken ;;;El Kraken Colosal;;;;;;;;;x
nick_the_charming_cracken;the Charming Kraken;la Charmante Seiche;;;El Kraken Encantador;;;;;;;;;x
nick_the_grotesque_cracken;Copperborn;le Cuivre-Né;;;Hijo del Cobre;;;;;;;;;x
nick_the_little_cracken;the Iron Ingot;la Petite Seiche;;;Lingote de Hierro;;;;;;;;;x
nick_the_wise_cracken;the Wise Kraken;la Pieuvre;;;El Pulpo;;;;;;;;;x
nick_the_simple_cracken;Saltsea;la Seiche Simplette;;;El Calamar;;;;;;;;;x
nick_the_learned_cracken;the Reader;la Seiche des Livres;;;El Kraken Lector;;;;;;;;;x
nick_the_delicate_cracken;Softiron;Dolcefer;;;Dulcehierro;;;;;;;;;x
nick_the_suspicious_cracken;the Iron Storm;la Seiche Méfiante;;;El Kraken Suspicaz;;;;;;;;;x
nick_the_headstrong_cracken;Ironhead;Fer-Tête;;;Cabeza de Hierro;;;;;;;;;x
nick_the_laughing_cracken;the Laughing Kraken;la Seiche Rieuse;;;El Kraken Sonriente;;;;;;;;;x
######Tully Nicknames;;;;;;;;;;;;;;x
nick_the_black_fish;Blackfish;le Poisson Noir;;;El Pez Negro;;;;;;;;;x
nick_the_white_fish;the White River;le Poisson Blanc;;;El Pez Blanco;;;;;;;;;x
nick_the_crazed_fish;Madfish;le Poisson Fou;;;El Pez Loco;;;;;;;;;x
nick_the_wild_fish;Wildfish;le Poisson Sauvage;;;El Pez Salvaje;;;;;;;;;x
nick_the_harmless_fish;Calmriver;la Paisible Truite;;;La Trucha Pacífica;;;;;;;;;x
nick_the_big_fish;the Pike;le Grand Poisson;;;El Esturión;;;;;;;;;x
nick_the_strong_fish;the Strong Fish;le Brochet;;;El Lucio;;;;;;;;;x
nick_the_charming_fish;Goldfish;le Poisson d'Or;;;El Pez Dorado;;;;;;;;;x
nick_the_grotesque_fish;Troutface;Tête-d'Ecaille;;;Caratrucha;;;;;;;;;x
nick_the_little_fish;the Minnow;le Gardon;;;El Pezqueñín;;;;;;;;;x
nick_the_wise_fish;the Wise Fish;le Poisson Sage;;;El Pez Sabio;;;;;;;;;x
nick_the_simple_fish;the Trout;le Poisson Simplet;;;El Pececillo;;;;;;;;;x
nick_the_learned_fish;the Learned Fish;le Poisson Érudit;;;El Pez Erudito;;;;;;;;;x
nick_the_delicate_fish;the Delicate Fish;le Poisson Tendre;;;El Pez Tierno;;;;;;;;;x
nick_the_suspicious_fish;the Foaming River;le Poisson Méfiant;;;El Pez Desconfiado;;;;;;;;;x
nick_the_headstrong_fish;the River Mule;le Poisson Inflexible;;;El Pez Inflexible;;;;;;;;;x
nick_the_laughing_fish;the Laughing Fish;le Poisson Clown;;;El Pez Payaso;;;;;;;;;x
nick_the_fish_knight;the Riverknight;le Chevalier-Poisson;;;El Caballero del Río;;;;;;;;;x
######Tyrell Nicknames;;;;;;;;;;;;;;x
nick_the_black_rose;the Black Rose;la Rose Noire;;;La Rosa Negra;;;;;;;;;x
nick_the_white_rose;the White Rose;la Rose Blanche;;;La Rosa Blanca;;;;;;;;;x
nick_the_crazed_rose;the Crazed Rose;la Rose Folle;;;La Rosa Loca;;;;;;;;;x
nick_the_wild_rose;the Wild Rose;la Rose Sauvage;;;La Rosa Salvaje;;;;;;;;;x
nick_the_harmless_rose;the Violet;Sans-Epine;;;La Rosa Sin Espinas;;;;;;;;;x
nick_the_big_rose;the Big Rose;la Grande Rose;;;La Gran Rosa;;;;;;;;;x
nick_the_strong_rose;Strongrose;la Rose Invincible;;;La Rosa Invencible;;;;;;;;;x
nick_the_charming_rose;the Summer Rose;la Rose d'été;;;La Rosa Estival;;;;;;;;;x
nick_the_grotesque_rose;the Winter Rose;la Rose d'hiver;;;La Ortiga;;;;;;;;;x
nick_the_little_rose;Smallrose;la Petite Rose;;;La Pequeña Rosa;;;;;;;;;x
nick_the_wise_rose;Wiserose;la Rose Sage;;;La Rosa Astuta;;;;;;;;;x
nick_the_simple_rose;the Simple Rose;la Rose Simplette;;;La Rosita;;;;;;;;;x
nick_the_learned_rose;the Learned Rose;la Rose Savante;;;La Rosa Sabia;;;;;;;;;x
nick_the_delicate_rose;the Lily;la Rose Délicate;;;El Lirio;;;;;;;;;x
nick_the_suspicious_rose;the Thorn;la Rose Méfiante;;;El Espino;;;;;;;;;x
nick_the_headstrong_rose;the Headstrong Rose;la Rose Inflexible;;;El Rosón;;;;;;;;;x
nick_the_rose_knight;the Roseknight;le Chevalier aux Roses;;;El Caballero de la Rosa;;;;;;;;;x
######Martel Nicknames;;;;;;;;;;;;;;x
nick_the_black_spear;the Black Sun;la Lance Noire;;;La Lanza Negra;;;;;;;;;x
nick_the_white_spear;the White Sun;la Lance Blanche;;;La Lanza Blanca;;;;;;;;;x
nick_the_crazed_spear;the Madspear;le Lance Folle;;;La Lanza Loca;;;;;;;;;x
nick_the_wild_spear;Wildspear;la Lance Sauvage;;;Lanzasalvaje;;;;;;;;;x
nick_the_harmless_spear;the Harmless Spear;la Lance Émoussée;;;La Lanza Sin Punta;;;;;;;;;x
nick_the_big_spear;Longspear;la Longue Pique;;;Lanzalarga;;;;;;;;;x
nick_the_strong_spear;Strongspear;la Lance Imbrisable;;;El Lanzón;;;;;;;;;x
nick_the_charming_spear;the Splendid;la Charmante Lance;;;El Espléndido;;;;;;;;;x
nick_the_grotesque_spear;the Broken Spear;la Hallebarde;;;Lanzarrota;;;;;;;;;x
nick_the_little_spear;Shortspear;la Petite Lance;;;Lanzacorta;;;;;;;;;x
nick_the_wise_spear;the Wise Spear;la Lance Sage;;;La Lanza Sabia;;;;;;;;;x
nick_the_simple_spear;Dullspear;la Lance Sans-Tête;;;Lanzatorpe;;;;;;;;;x
nick_the_learned_spear;the Learned Spear;la Lance Savante;;;La Lanza Lectora;;;;;;;;;x
nick_the_delicate_spear;the Delicate Spear;la Lance Délicate;;;La Lanza Delicada;;;;;;;;;x
nick_the_suspicious_spear;the Poisonous Spear;la Lance Empoisonnée;;;La Lanza Emponzoñada;;;;;;;;;x
nick_the_headstrong_spear;the Unbending Spear;la Lance Inflexible;;;La Lanza Inflexible;;;;;;;;;x
nick_spear_knight;the Knight of Spears;le Chevalier des Lances;;;El Caballero de las Lanzas;;;;;;;;;x
######Lannister Nicknames;;;;;;;;;;;;;;x
nick_the_black_lion;the Black Lion;le Lion Noir;;;El León Negro;;;;;;;;;x
nick_the_white_lion;the White Lion;le Lion Blanc;;;El León Blanco;;;;;;;;;x
nick_the_crazed_lion;the Mad Lion;le Lion Fou;;;El León Loco;;;;;;;;;x
nick_the_wild_lion;the Wild Lion;le Lion Sauvage;;;El León Salvaje;;;;;;;;;x
nick_the_harmless_lion;the Lazy Lion;le Lion Endormi;;;El León Durmiente;;;;;;;;;x
nick_the_big_lion;the Greatlion;le Grand Lion;;;El Gran León;;;;;;;;;x
nick_the_strong_lion;the Strong Lion;le Lion Invincible;;;El León Invencible;;;;;;;;;x
nick_the_charming_lion;the Golden Lion;le Lion Charmant;;;El León Dorado;;;;;;;;;x
nick_the_grotesque_lion;the Grotesque Lion;Sans-Crinière;;;El León Calvo;;;;;;;;;x
nick_the_little_lion;the Little Lion;le Petit Lion;;;El Pequeño León;;;;;;;;;x
nick_the_wise_lion;the Wise Lion;le Lion Sage;;;El León Sabio;;;;;;;;;x
nick_the_simple_lion;the Simple Lion;le Lion Simplet;;;El Leoncillo;;;;;;;;;x
nick_the_learned_lion;the Learned Lion;le Lion Érudit;;;El León Erudito;;;;;;;;;x
nick_the_delicate_lion;the Delicate Lion;le Lion Délicat;;;El León Delicado;;;;;;;;;x
nick_the_suspicious_lion;the Suspicious Lion;le Lion Méfiant;;;El León Suspicaz;;;;;;;;;x
nick_the_headstrong_lion;the Headstrong Lion;le Lion Inflexible;;;El León Inflexible;;;;;;;;;x
nick_the_lion_knight;the Lionknight;le Chevalier-Lion;;;El Caballero León;;;;;;;;;x
nick_the_toothless_lion;the Toothless Lion;le Lion Sans-Dent;;;El León Mellado;;;;;;;;;x
######Targaryan Nicknames;;;;;;;;;;;;;;x
nick_the_black_dragon;the Black Dragon;le Dragon Noir;;;El Dragón Negro;;;;;;;;;x
nick_the_white_dragon;the White Dragon;le Dragon Blanc;;;El Dragón Blanco;;;;;;;;;x
nick_the_crazed_dragon;the Mad Dragon;le Dragon Fou;;;El Dragón Loco;;;;;;;;;x
nick_the_wild_dragon;Wildfire;le Dragon Sauvage;;;El Dragón Salvaje;;;;;;;;;x
nick_the_harmless_dragon;the Dragonfly;le Dragonneau;;;Llamaapagada;;;;;;;;;x
nick_the_big_dragon;the Great Dragon;le Grand Dragon;;;El Gran Dragón;;;;;;;;;x
nick_the_strong_dragon;Strongfire;Feufort;;;Fuegofuerte;;;;;;;;;x
nick_the_strong_dragon2;Strongdragon;Dragonfort;;;Dragónfuerte;;;;;;;;;x
nick_the_charming_dragon;the Smiling Dragon;le Charmant Dragon;;;El Dragón Sonriente;;;;;;;;;x
nick_the_grotesque_dragon;the Hatchling;la Salamandre;;;La Salamandra;;;;;;;;;x
nick_the_little_dragon;Smalldragon;le Petit Dragon;;;El Pequeño Dragón;;;;;;;;;x
nick_the_wise_dragon;the Wise Dragon;le Dragon Sage;;;El Dragón Sabio;;;;;;;;;x
nick_the_simple_dragon;Dimflame;le Dragon Simplet;;;El Dragoncete;;;;;;;;;x
nick_the_learned_dragon;the Bookwyvryn;le Dragon Érudit;;;El Dragón Erudito;;;;;;;;;x
nick_the_delicate_dragon;the Noble Dragon;le Noble Dragon;;;El Dragón Noble;;;;;;;;;x
nick_the_suspicious_dragon;the Suspicious Dragon;Le Dragon Suspicieux;;;El Dragón Suspicaz;;;;;;;;;x
nick_the_headstrong_dragon;the Raging Dragon;le Dragon Têtu;;;El Dragón Furioso;;;;;;;;;x
nick_the_laughing_dragon;the Laughing Dragon;le Dragon Rieur;;;El Dragón Bromista;;;;;;;;;x
nick_the_dragon_knight;the Dragonknight;le Chevalier-Dragon;;;El Caballero Dragón;;;;;;;;;x
######Stark Nicknames;;;;;;;;;;;;;;x
nick_the_black_wolf;the Black Wolf;le Loup Noir;;;El Lobo Negro;;;;;;;;;x
nick_the_white_wolf;the White Wolf;le Loup Blanc;;;El Lobo Blanco;;;;;;;;;x
nick_the_crazed_wolf;the Rabid Wolf;le Loup Enragé;;;El Lobo Loco;;;;;;;;;x
nick_the_wild_wolf;the Wild Wolf;le Loup Sauvage;;;El Lobo Salvaje;;;;;;;;;x
nick_the_harmless_wolf;the Quiet Wolf;le Loup Calme;;;El Lobo Mellado;;;;;;;;;x
nick_the_big_wolf;the Direwolf;le Loup-Garou;;;El Lobo Huargo;;;;;;;;;x
nick_the_strong_wolf;Strongwolf;le Loup Terrible;;;El Lobo Terrible;;;;;;;;;x
nick_the_charming_wolf;the Charming Wolf;le Loup Charmant;;;El Lobo Encantador;;;;;;;;;x
nick_the_grotesque_wolf;the Grotesque Wolf;le Chien Loup;;;El Perro Lobo;;;;;;;;;x
nick_the_little_wolf;the Runt;le Louveteau;;;El Lobezno;;;;;;;;;x
nick_the_wise_wolf;the Wise Wolf;le Loup Sage;;;El Lobo Sabio;;;;;;;;;x
nick_the_simple_wolf;the Simple Wolf;le Loup Simplet;;;El Lobito;;;;;;;;;x
nick_the_learned_wolf;the Learned Wolf;le Loup Avisé;;;El Lobo Erudito;;;;;;;;;x
nick_the_delicate_wolf;the Lone Wolf;le Loup Délicat;;;El Lobo Delicado;;;;;;;;;x
nick_the_suspicious_wolf;the Fang;le Croc;;;El Lobo Erizado;;;;;;;;;x
nick_the_headstrong_wolf;Frostheart;Coeur-Glacé;;;El Lobo Helado;;;;;;;;;x
nick_the_laughing_wolf;the Howling;le Loup Hurleur;;;El Lobo Aullador;;;;;;;;;x
nick_the_wolf_knight;the Wolfknight;le Chevalier-Loup;;;El Caballero Lobo;;;;;;;;;x
######Baratheon Nicknames;;;;;;;;;;;;;;x
nick_the_black_stag;the Black Stag;le Cerf Noir;;;El Ciervo Negro;;;;;;;;;x
nick_the_white_stag;the White Stag;le Cerf Blanc;;;El Ciervo Blanco;;;;;;;;;x
nick_the_crazed_stag;the Mad Stag;le Cerf Fou;;;El Ciervo Loco;;;;;;;;;x
nick_the_wild_stag;the Wild Stag;le Cerf Indomptable;;;El Ciervo Salvaje;;;;;;;;;x
nick_the_harmless_stag;the Calm;le Cerf Calme;;;El Ciervo Durmiente;;;;;;;;;x
nick_the_big_stag;the Greatstag;le Grand Cerf;;;El Gran Ciervo;;;;;;;;;x
nick_the_strong_stag;the Strong Stag;Bois-Durs;;;El Venado Astado;;;;;;;;;x
nick_the_charming_stag;the Charming Stag;le Cerf Charmant;;;El Ciervo Amable;;;;;;;;;x
nick_the_grotesque_stag;the Grotesque Stag;Bois-Tordus;;;El Venado Retorcido;;;;;;;;;x
nick_the_little_stag;the Little Stag;le Petit Cerf;;;El Cervatillo;;;;;;;;;x
nick_the_wise_stag;the Wise Stag;le Cerf Sage;;;El Ciervo Sabio;;;;;;;;;x
nick_the_simple_stag;the Simple Stag;le Cerf Simplet;;;El Cervato;;;;;;;;;x
nick_the_learned_stag;the Learned Stag;le Cerf Érudit;;;El Ciervo Erudito;;;;;;;;;x
nick_the_delicate_stag;the Delicate Stag;le Cerf Délicat;;;El Ciervo Delicado;;;;;;;;;x
nick_the_suspicious_stag;the Suspicious Stag;le Cerf Méfiant;;;El Ciervo Desconfiado;;;;;;;;;x
nick_the_headstrong_stag;the Headstrong Stag;le Cerf Inflexible;;;El Ciervo Inflexible;;;;;;;;;x
nick_the_stag_knight;the Stormknight;le Chevalier-Cerf;;;El Caballero Astado;;;;;;;;;x
######Grifindor (aka Connington) Nicknames;;;;;;;;;;;;;;x
nick_the_black_griffin;the Black Griffin;le Griffon Noir;;;El Grifo Negro;;;;;;;;;x
nick_the_white_griffin;the White Griffin;le Griffon Blanc;;;El Grifo Blanco;;;;;;;;;x
nick_the_crazed_griffin;the Crazed Griffin;le Griffon Fou;;;El Grifo Loco;;;;;;;;;x
nick_the_wild_griffin;the Wild Griffin;le Griffon Sauvage;;;El Grifo Salvaje;;;;;;;;;x
nick_the_harmless_griffin;the Harmless Griffin;le Griffon Faible;;;El Grifo Débil;;;;;;;;;x
nick_the_big_griffin;the Big Griffin;le Grand Griffon;;;El Gran Grifo;;;;;;;;;x
nick_the_strong_griffin;the Strong Griffin;le Griffon Invincible;;;El Grifo Invencible;;;;;;;;;x
nick_the_charming_griffin;the Charming Griffin;le Charmant Griffon;;;El Grifo Encantador;;;;;;;;;x
nick_the_grotesque_griffin;the Grotesque Griffin;la Chimère;;;La Gárgola;;;;;;;;;x
nick_the_little_griffin;the Little Griffin;le Petit Griffon;;;El Pequeño Grifo;;;;;;;;;x
nick_the_wise_griffin;the Wise Griffin;le Griffon Sage;;;El Grifo Sabio;;;;;;;;;x
nick_the_simple_griffin;the Simple Griffin;le Griffon Simplet;;;El Grifo Simple;;;;;;;;;x
nick_the_learned_griffin;the Learned Griffin;le Griffon Érudit;;;El Grifo Erudito;;;;;;;;;x
nick_the_delicate_griffin;the Delicate Griffin;le Griffon Délicat;;;El Grifo Delicado;;;;;;;;;x
nick_the_suspicious_griffin;the Suspicious Griffin;le Griffon Méfiant;;;El Grifo Desconfiado;;;;;;;;;x
nick_the_headstrong_griffin;the Headstrong Griffin;le Griffon Inflexible;;;El Grifo Inflexible;;;;;;;;;x
nick_the_griffin_knight;the Griffinknight;le Chevalier-Griffon;;;El Caballero Grifo;;;;;;;;;x
######Oakheart Nicknames;;;;;;;;;;;;;;x
nick_the_black_oak;the Black Oak;le Rouvre Noir;;;El Roble Negro;;;;;;;;;x
nick_the_white_oak;the White Oak;le Rouvre Blanc;;;El Roble Blanco;;;;;;;;;x
nick_the_crazed_oak;the Crazed Oak;le Rouvre Fou;;;El Roble Loco;;;;;;;;;x
nick_the_wild_oak;the Wild Oak;le Rouvre Sauvage;;;El Roble Salvaje;;;;;;;;;x
nick_the_harmless_oak;the Harmless Oak;l’Arbrisseau;;;El Arbusto;;;;;;;;;x
nick_the_big_oak;the Big Oak;le Grand Rouvre;;;El Gran Roble;;;;;;;;;x
nick_the_strong_oak;the Strong Oak;le Rouvre Invincible;;;El Roble Indestructible;;;;;;;;;x
nick_the_charming_oak;the Charming Oak;le Charmant Rouvre;;;El Roble Amable;;;;;;;;;x
nick_the_grotesque_oak;the Grotesque Oak;le Rouvre Pourri;;;El Roble Podrido;;;;;;;;;x
nick_the_little_oak;the Acorn;le Petit Rouvre;;;El Pequeño Roble;;;;;;;;;x
nick_the_wise_oak;the Wise Oak;le Rouvre Sage;;;El Roble Sabio;;;;;;;;;x
nick_the_simple_oak;the Simple Oak;le Rouvre Simplet;;;El Roble Simple;;;;;;;;;x
nick_the_learned_oak;the Learned Oak;le Rouvre Érudit;;;El Roble Erudito;;;;;;;;;x
nick_the_delicate_oak;the Delicate Oak;le Rouvre Délicat;;;El Roble Delicado;;;;;;;;;x
nick_the_suspicious_oak;the Suspicious Oak;le Rouvre Méfiant;;;El Roble Desconfiado;;;;;;;;;x
nick_the_headstrong_oak;the Headstrong Oak;le Rouvre Inflexible;;;El Roble Inflexible;;;;;;;;;x
nick_the_oak_knight;the Oakknight;le Chevalier-Rouvre;;;El Caballero Roble;;;;;;;;;x
######Both Fossoways Nicknames;;;;;;;;;;;;;;x
nick_the_black_apple;the Rotten Apple;la Pomme Pourrie;;;La Manzana Podrida;;;;;;;;;x
nick_the_white_apple;the White Apple;la Pomme Blanche;;;La Manzana Blanca;;;;;;;;;x
nick_the_crazed_apple;the Crazed Apple;la Pomme Folle;;;La Manzana Loca;;;;;;;;;x
nick_the_wild_apple;the Wild Apple;la Pomme Sauvage;;;La Manzana Salvaje;;;;;;;;;x
nick_the_harmless_apple;the Harmless Apple;la Pomme Blette;;;La Manzana Madura;;;;;;;;;x
nick_the_big_apple;the Big Apple;la Grande Pomme;;;La Gran Manzana;;;;;;;;;x
nick_the_strong_apple;the Strong Apple;la Pomme Forte;;;La Manzana Fuerte;;;;;;;;;x
nick_the_charming_apple;the Charming Apple;la Charmante Pomme;;;La Manzana Amable;;;;;;;;;x
nick_the_grotesque_apple;the Worm;la Pomme Pourrie;;;La Manzana Pocha;;;;;;;;;x
nick_the_little_apple;the Crabapple;la Petite Pomme;;;La Pequeña Manzana;;;;;;;;;x
nick_the_wise_apple;the Wise Apple;la Pomme Sage;;;La Manzana Sabia;;;;;;;;;x
nick_the_simple_apple;the Simple Apple;la Pomme Simplette;;;La Manzanilla;;;;;;;;;x
nick_the_learned_apple;the Learned Apple;la Pomme Savante;;;La Manzalla Erudita;;;;;;;;;x
nick_the_delicate_apple;the Delicate Apple;la Pomme Délicate;;;La Manzana Delicada;;;;;;;;;x
nick_the_suspicious_apple;the Suspicious Apple;la Pomme Méfiante;;;La Manzana Suspicaz;;;;;;;;;x
nick_the_headstrong_apple;the Headstrong Apple;la Pomme Inflexible;;;La Manzana Inflexible;;;;;;;;;x
nick_the_apple_knight;the Appleknight;le Chevalier des Pommes;;;El Caballero de las Manzanas;;;;;;;;;x
######Crackhall Nicknames;;;;;;;;;;;;;;x
nick_the_black_boar;the Black Boar;le Sanglier Noir;;;El Jabalí Negro;;;;;;;;;x
nick_the_white_boar;the White Boar;le Sanglier Blanc;;;El Jabalí Blanco;;;;;;;;;x
nick_the_crazed_boar;the Mad Boar;le Sanglier Fou;;;El Jabalí Loco;;;;;;;;;x
nick_the_wild_boar;the Wild Boar;le Sanglier Sauvage;;;El Jabalí Salvaje;;;;;;;;;x
nick_the_harmless_boar;the Harmless Boar;le Marcassin;;;El Jabato;;;;;;;;;x
nick_the_big_boar;the Big Boar;le Grand Sanglier;;;El Gran Jabalí;;;;;;;;;x
nick_the_strong_boar;the Strong Boar;le Sanglier Invincible;;;El Jabalí Invencible;;;;;;;;;x
nick_the_charming_boar;the Charming Boar;le Charmant Sanglier;;;El Jabalí Amable;;;;;;;;;x
nick_the_grotesque_boar;the Grotesque Boar;le Cochon Sauvage;;;El Cerdo Salvaje;;;;;;;;;x
nick_the_little_boar;the Little Boar;le Petit Sanglier;;;El Pequeño Jabalí;;;;;;;;;x
nick_the_wise_boar;the Wise Boar;le Sanglier Sage;;;El Jabalí Sabio;;;;;;;;;x
nick_the_simple_boar;the Simple Boar;le Sanglier Simplet;;;El Marrano;;;;;;;;;x
nick_the_learned_boar;the Learned Boar;le Sanglier Érudit;;;El Jabalí Erudito;;;;;;;;;x
nick_the_delicate_boar;the Delicate Boar;le Sanglier Délicat;;;El Jabalí Delicado;;;;;;;;;x
nick_the_suspicious_boar;the Suspicious Boar;le Sanglier Méfiant;;;El Jabalí Desconfiado;;;;;;;;;x
nick_the_headstrong_boar;the Headstrong Boar;le Sanglier Inflexible;;;El Jabalí Terco;;;;;;;;;x
nick_the_boar_knight;the Boarknight;le Chevalier-Sanglier;;;El Caballero Jabalí;;;;;;;;;x
######Clegane Nicknames;;;;;;;;;;;;;;x
nick_the_black_hound;the Black Hound;le Chien Noir;;;El Perro Negro;;;;;;;;;x
nick_the_white_hound;the White Hound;le Chien Blanc;;;El Perro Blanco;;;;;;;;;x
nick_the_crazed_hound;the Crazed Hound;le Chien Fou;;;El Perro Loco;;;;;;;;;x
nick_the_wild_hound;the Wild Hound;le Chien Sauvage;;;El Perro Salvaje;;;;;;;;;x
nick_the_harmless_hound;the Hound;le Chiot;;;El Cachorro;;;;;;;;;x
nick_the_big_hound;the Big Hound;le Grand Chien;;;El Gran Perro;;;;;;;;;x
nick_the_strong_hound;the Strong Hound;le Chien Invincible;;;El Perro Invencible;;;;;;;;;x
nick_the_charming_hound;the Charming Hound;le Chien Charmant;;;El Perro Amable;;;;;;;;;x
nick_the_grotesque_hound;the Grotesque Hound;le Clébard;;;El Chucho;;;;;;;;;x
nick_the_little_hound;the Little Hound;le Petit Chien;;;El Pequeño Perro;;;;;;;;;x
nick_the_wise_hound;the Wise Hound;le Chien Sage;;;El Perro Sabio;;;;;;;;;x
nick_the_simple_hound;the Simple Hound;le Chien Simplet;;;El Perrillo;;;;;;;;;x
nick_the_learned_hound;the Learned Hound;le Chien Érudit;;;El Perro Erudito;;;;;;;;;x
nick_the_delicate_hound;the Delicate Hound;le Chien Délicat;;;El Perro Delicado;;;;;;;;;x
nick_the_suspicious_hound;the Watchdog;le Chien de Garde;;;Cancerbero;;;;;;;;;x
nick_the_headstrong_hound;the Headstrong Hound;le Chien Inflexible;;;El Perro Inflexible;;;;;;;;;x
nick_the_hound_knight;the Dogknight;le Chevalier-Chien;;;El Caballero Perro;;;;;;;;;x
######Redwyne Nicknames;;;;;;;;;;;;;;x
nick_the_black_thorn;the Black Thorn;le Pampre Noir;;;La Espina Negra;;;;;;;;;x
nick_the_white_thorn;the White Thorn;le Pampre Blanc;;;La Espina Blanca;;;;;;;;;x
nick_the_crazed_thorn;the Crazed Thorn;le Pampre Fou;;;La Espina Loca;;;;;;;;;x
nick_the_wild_thorn;the Wild Thorn;le Pampre Sauvage;;;La Espina Salvaje;;;;;;;;;x
nick_the_harmless_thorn;the Thornless;le Pampre Inoffensif;;;La Espina Inofensiva;;;;;;;;;x
nick_the_big_thorn;the Big Thorn;le Grand Pampre;;;La Gran Espina;;;;;;;;;x
nick_the_strong_thorn;the Strong Thorn;le Pampre Invincible;;;La Espina Indestructible;;;;;;;;;x
nick_the_charming_thorn;the Rose;le Charmant Pampre;;;La Espina Alegre;;;;;;;;;x
nick_the_grotesque_thorn;the Grotesque Thorn;le Pampre Grotesque;;;La Espina Grotesca;;;;;;;;;x
nick_the_little_thorn;the Little Thorn;le Petit Pampre;;;La Pequeña Espina;;;;;;;;;x
nick_the_wise_thorn;the Wise Thorn;le Pampre Sage;;;La Espina Sabia;;;;;;;;;x
nick_the_simple_thorn;the Simple Thorn;le Pampre Simplet;;;La Espinilla;;;;;;;;;x
nick_the_learned_thorn;the Learned Thorn;le Pampre Érudit;;;La Espina  Erudita;;;;;;;;;x
nick_the_delicate_thorn;the Delicate Thorn;le Pampre Délicat;;;La Espina Delicada;;;;;;;;;x
nick_the_suspicious_thorn;the Suspicious Thorn;le Pampre Méfiant;;;La Espina Desconfiada;;;;;;;;;x
nick_the_headstrong_thorn;the Headstrong Thorn;le Pampre Inflexible;;;La Espina Inflexible;;;;;;;;;x
nick_the_thorn_knight;the Knight of Thorns;le Chevalier des Vignes;;;El Caballero de las Espinas;;;;;;;;;x
######Eastermont Nicknames;;;;;;;;;;;;;;x
nick_the_black_turtle;the Black Turtle;la Tortue Noire;;;La Tortuga Negra;;;;;;;;;x
nick_the_white_turtle;the White Turtle;la Tortue Blanche;;;La Tortuga Blanca;;;;;;;;;x
nick_the_crazed_turtle;the Crazed Turtle;la Tortue Folle;;;La Tortuga Loca;;;;;;;;;x
nick_the_wild_turtle;the Wild Turtle;la Tortue Sauvage;;;La Tortuga Salvaje;;;;;;;;;x
nick_the_harmless_turtle;the Harmless Turtle;la Tortue Inoffensive;;;La Tortuga Ciega;;;;;;;;;x
nick_the_big_turtle;the Big Turtle;la Grande Tortue;;;La Gran Tortuga;;;;;;;;;x
nick_the_strong_turtle;Hardshell;Carapace Dure;;;Durocaparazón;;;;;;;;;x
nick_the_charming_turtle;the Charming Turtle;la Charmante Tortue;;;La Tortuga Amable;;;;;;;;;x
nick_the_grotesque_turtle;the Grotesque Turtle;la Tortue Grotesque;;;La Tortuga Grotesca;;;;;;;;;x
nick_the_little_turtle;the Little Turtle;la Petite Tortue;;;La Pequeña Tortuga;;;;;;;;;x
nick_the_wise_turtle;the Wise Turtle;la Tortue Sage;;;La Tortuga Sabia;;;;;;;;;x
nick_the_simple_turtle;the Simple Turtle;la Tortue Simplette;;;La Tortuguita;;;;;;;;;x
nick_the_learned_turtle;the Learned Turtle;la Tortue Savante;;;La Tortuga Erudita;;;;;;;;;x
nick_the_delicate_turtle;Softshell;Carapace Molle;;;Blandocaparazón;;;;;;;;;x
nick_the_suspicious_turtle;the Suspicious Turtle;la Tortue Suspicieuse;;;La Tortuga Suspicaz;;;;;;;;;x
nick_the_headstrong_turtle;the Headstrong Turtle;la Tortue Têtue;;;La Tortuga Cabezona ;;;;;;;;;x
nick_the_turtle_knight;the Turtleknight;le Chevalier-Tortue;;;El Caballero Tortuga;;;;;;;;;x
######Swann Nicknames;;;;;;;;;;;;;;x
nick_the_black_swan;the Black Swan;le Cygne Noir;;;El Cisne Negro;;;;;;;;;x
nick_the_white_swan;the White Swan;le Cygne Blanc;;;El Cisne Blanco;;;;;;;;;x
nick_the_crazed_swan;the Crazed Swan;le Cygne Fou;;;El Cisne Loco;;;;;;;;;x
nick_the_wild_swan;the Wild Swan;le Cygne Sauvage;;;El Cisne Salvaje;;;;;;;;;x
nick_the_harmless_swan;the Harmless Swan;le Cygne Inoffensif;;;El Cisne Inofensivo;;;;;;;;;x
nick_the_big_swan;the Big Swan;le Gand Cygne;;;El Gran Cisne;;;;;;;;;x
nick_the_strong_swan;the Strong Swan;le Cygne Invincible;;;El Cisne Invencible;;;;;;;;;x
nick_the_charming_swan;the Charming Swan;le Charmant Cygne;;;El Cisne Amable;;;;;;;;;x
nick_the_grotesque_swan;the Duckling;le Vilain Petit Canard;;;El Patito Feo;;;;;;;;;x
nick_the_little_swan;the Little Swan;le Petit Cygne;;;El Pequeño Cisne;;;;;;;;;x
nick_the_wise_swan;the Wise Swan;le Cygne Sage;;;El Cisne Sabio;;;;;;;;;x
nick_the_simple_swan;the Simple Swan;le Cygne Simplet;;;El Cisnecillo;;;;;;;;;x
nick_the_learned_swan;the Learned Swan;le Cygne Érudit;;;El Cisne Erudito;;;;;;;;;x
nick_the_delicate_swan;the Delicate Swan;le Cygne Délicat;;;El Cisne Delicado;;;;;;;;;x
nick_the_suspicious_swan;the Suspicious Swan;le Cygne Méfiant;;;El Cisne Desconfiado;;;;;;;;;x
nick_the_headstrong_swan;the Headstrong Swan;le Cygne Inflexible;;;El Cisne Inflexible;;;;;;;;;x
nick_the_swan_knight;the Swanknight;le Chevalier-Cygne;;;El Caballero Cisne;;;;;;;;;x
######Cerwyn Nicknames;;;;;;;;;;;;;;x
nick_the_black_axe;Blackaxe;la Hache Noire;;;Hachanegra;;;;;;;;;x
nick_the_white_axe;the White Axe;la Hache Blanche;;;Hachablanca;;;;;;;;;x
nick_the_crazed_axe;the Mad Axe;la Hache Folle;;;El Hacha Loca;;;;;;;;;x
nick_the_wild_axe;the Wild Axe;la Hache Sauvage;;;El Hacha Salvaje;;;;;;;;;x
nick_the_harmless_axe;the Dull Axe;Sans-Tranchants;;;El Hacha Sin Filo;;;;;;;;;x
nick_the_big_axe;Bigaxe;la Grande Hache;;;La Gran Hacha;;;;;;;;;x
nick_the_strong_axe;Strongaxe;la Hache Tranchante;;;El Hacha Cortante;;;;;;;;;x
nick_the_charming_axe;the Regal Axe;la Hache Étincelante;;;La Hacha Luminosa;;;;;;;;;x
nick_the_grotesque_axe;the Broken Axe;la Hache Brisée;;;Hachamellada;;;;;;;;;x
nick_the_little_axe;the Hatchet;la Hachette;;;La Hachuela;;;;;;;;;x
nick_the_wise_axe;the Wise Axe;la Hache Sage;;;El Hacha Sabia;;;;;;;;;x
nick_the_simple_axe;Dullaxe;la Hache Fendue;;;Hachahendida;;;;;;;;;x
nick_the_learned_axe;the Learned Axe;la Hache Érudite;;;La Hacha Erudita;;;;;;;;;x
nick_the_delicate_axe;the Delicate Axe;la hache Délicate;;;La Hacha Delicada;;;;;;;;;x
nick_the_suspicious_axe;the Sharp Axe;la Hache Méfiante;;;La Hacha Desconfiada;;;;;;;;;x
nick_the_headstrong_axe;the Unbending Axe;la Hache Inflexible;;;El Hacha inflexible;;;;;;;;;x
nick_the_laughing_axe;the Laughing Axe;la hache Rieuse;;;El Hacha Riente;;;;;;;;;x
nick_the_axe_knight;Battleaxe;le Chevalier des Haches;;;El Caballero de las Hachas;;;;;;;;;x
######Goodbrother Nicknames;;;;;;;;;;;;;;x
nick_the_black_warhorn;Blackhorn;Noircorne;;;Cuernonegro;;;;;;;;;x
nick_the_white_warhorn;the White Horn;le Cor Blanc;;;El Cuerno Blanco;;;;;;;;;x
nick_the_crazed_warhorn;the Horned Demon;le Démon Cornu;;;El Demonio Cornudo;;;;;;;;;x
nick_the_wild_warhorn;Wildhorn;la Corne Sauvage;;;El Cuerno Salvaje;;;;;;;;;x
nick_the_harmless_warhorn;the Silent;l'Inaudible;;;El Inaudible;;;;;;;;;x
nick_the_big_warhorn;Bighorn;la Grande Corne;;;El Gran Cuerno;;;;;;;;;x
nick_the_strong_warhorn;Stronghorn;la Corne Assourdissante;;;El Cuerno Ensordecedor;;;;;;;;;x
nick_the_charming_warhorn;the Regal Horn;la Flûte;;;La Flauta;;;;;;;;;x
nick_the_grotesque_warhorn;the Broken Horn;la Corne Brisée;;;El Cuerno Roto;;;;;;;;;x
nick_the_little_warhorn;Smallhorn;la Petite Corne;;;El Pequeño Cuerno;;;;;;;;;x
nick_the_wise_warhorn;the Wise Horn;la Corne Sage;;;El Cuerno Sabio;;;;;;;;;x
nick_the_simple_warhorn;the Bent Horn;la Corne Bouchée;;;El Cuerno Atascado;;;;;;;;;x
nick_the_learned_warhorn;the Learned Horn;la Corne Érudite;;;El Cuerno Erudito;;;;;;;;;x
nick_the_delicate_warhorn;the Delicate Horn;la Corne Délicate;;;El Cuerno Delicado;;;;;;;;;x
nick_the_suspicious_warhorn;the Sharp Horn;la Corne qui Veille;;;El Cuerno que Vela;;;;;;;;;x
nick_the_headstrong_warhorn;the Unbending Horn;la Corne Inflexible;;;El Cuerno Inflexible;;;;;;;;;x
nick_the_laughing_warhorn;the Laughing Horn;le Cor Rieur;;;El Cuerno Sonriente;;;;;;;;;x
######Harlaw Nicknames;;;;;;;;;;;;;;x
nick_the_black_scythe;Blackscythe;la Faux Noire;;;La Guadaña Negra;;;;;;;;;x
nick_the_white_scythe;the White Scythe;la Faux Blanche;;;La Guadaña Blanca;;;;;;;;;x
nick_the_crazed_scythe;the Crazed Scythe;la Folle Faux;;;La Guadaña Loca;;;;;;;;;x
nick_the_wild_scythe;the Wild Scythe;la faux Sauvage;;;La Guadaña Salvaje;;;;;;;;;x
nick_the_harmless_scythe;the Dull Scythe;la Faux Émoussée;;;La Guadaña Mocha;;;;;;;;;x
nick_the_big_scythe;the Big Scythe;la Grande Faux;;;La Gran Guadaña;;;;;;;;;x
nick_the_strong_scythe;the Strong Scythe;la Faux Coupante;;;La Guadaña Cortante;;;;;;;;;x
nick_the_charming_scythe;the Reagal Scythe;la Faux Étincelante;;;La Guadana Luminosa;;;;;;;;;x
nick_the_grotesque_scythe;the Broken Scythe;la Faux Brisée;;;La Guadaña Rota;;;;;;;;;x
nick_the_little_scythe;the Small Scythe;la Petite Faux;;;La  Hoz;;;;;;;;;x
nick_the_wise_scythe;the Wise Scythe;la Sage Faux;;;La Guadaña Sabia;;;;;;;;;x
nick_the_simple_scythe;the Bent Scythe;la Serpe;;;La Podadera;;;;;;;;;x
nick_the_learned_scythe;the Learned Scythe;la faux Érudite;;;La Guadaña Erudita;;;;;;;;;x
nick_the_delicate_scythe;the Delicate Scythe;la Faux Délicate;;;La Guadaña Frágil;;;;;;;;;x
nick_the_suspicious_scythe;the Sharp Scythe;la Faux Aiguisée;;;La Guadaña Afilada;;;;;;;;;x
nick_the_headstrong_scythe;the Unbending Scythe;la Faux Inflexible;;;La Guadaña Inflexible;;;;;;;;;x
nick_the_laughing_scythe;the Laughing Scythe;la Faux Rieuse;;;La Guadaña Sonriente;;;;;;;;;x
######Saltcliffe Nicknames;;;;;;;;;;;;;;x
nick_the_black_snake;Blacksnake;le Serpent Noir;;;La Serpiente Negra;;;;;;;;;x
nick_the_white_snake;the White Snake;le Serpent Blanc;;;La Serpiente Blanca;;;;;;;;;x
nick_the_crazed_snake;the Crazed Snake;le Serpent Fou ;;;La Serpiente Loca;;;;;;;;;x
nick_the_wild_snake;the Wild Snake;le Serpent Sauvage;;;La Serpiente Salvaje;;;;;;;;;x
nick_the_harmless_snake;the Harmless Snake;la Couleuvre;;;La Culebra;;;;;;;;;x
nick_the_big_snake;the Big Snake;le Grand Serpent;;;La Gran Serpiente;;;;;;;;;x
nick_the_strong_snake;the Strong Snake;le Serpent Invincible;;;La Serpiente Invencible;;;;;;;;;x
nick_the_charming_snake;the Regal Snake;le Serpent Charmeur;;;La Serpiente Encantadora;;;;;;;;;x
nick_the_grotesque_snake;the Snakeworm;le Ver;;;La Lombriz;;;;;;;;;x
nick_the_little_snake;the Small Snake;le Petit Serpent;;;La Pequeña Serpiente;;;;;;;;;x
nick_the_wise_snake;the Wise Snake;le Serpent Sage;;;La Serpiente Sabia;;;;;;;;;x
nick_the_simple_snake;the Silly Snake;le Serpent Stupide;;;La Serpiente Estúpida;;;;;;;;;x
nick_the_learned_snake;the Learned Snake;le Serpent Érudit;;;La Serpiente Erudita;;;;;;;;;x
nick_the_delicate_snake;the Delicate Snake;le Serpent Délicat;;;La Serpiente Delicada;;;;;;;;;x
nick_the_suspicious_snake;the Snake;la Vipère;;;La Víbora;;;;;;;;;x
nick_the_headstrong_snake;the Unbending Snake;le Serpent Inflexible;;;La Serpiente Tozuda;;;;;;;;;x
nick_the_laughing_snake;the Laughing Snake;le Serpent Rieur;;;La Serpiente Sonriente;;;;;;;;;x
nick_the_snake_knight;the Snakeknight;le Chevalier-Serpent;;;El Caballero Serpiente;;;;;;;;;x
######Mooton Nicknames;;;;;;;;;;;;;;x
nick_the_black_salmon;the Black Salmon;le Saumon Noir;;;El Salmón Negro;;;;;;;;;x
nick_the_white_salmon;the White Salmon;le Saumon Blanc;;;El Salmón Blanco;;;;;;;;;x
nick_the_crazed_salmon;the Crazed Salmon;le Saumon Fou;;;El Salmón Loco;;;;;;;;;x
nick_the_wild_salmon;the Wild Salmon;le Saumon Sauvage;;;El Salmón Salvaje;;;;;;;;;x
nick_the_harmless_salmon;the Harmless Salmon;le Saumon Sans Défense;;;El Salmón Asfixiado;;;;;;;;;x
nick_the_big_salmon;the Big Salmon;le Grand Saumon;;;El Gran Salmón;;;;;;;;;x
nick_the_strong_salmon;the Strong Salmon;le Saumon Vigoureux;;;El Salmón Vigoroso;;;;;;;;;x
nick_the_charming_salmon;the Reagal Salmon;le Charmant Saumon;;;El Salmón Amable;;;;;;;;;x
nick_the_grotesque_salmon;the Grotesque Salmon;Sans-Écailles;;;El Salmonete;;;;;;;;;x
nick_the_little_salmon;the Small Salmon;le Petit Saumon;;;El Pequeño Salmón;;;;;;;;;x
nick_the_wise_salmon;the Wise Salmon;le Saumon Sage;;;El Salmón Sabio;;;;;;;;;x
nick_the_simple_salmon;the Simple Salmon;le Saumon Stupide;;;El Salmón Estúpido;;;;;;;;;x
nick_the_learned_salmon;the Learned Salmon;le Saumon Érudit;;;El Salmón Erudito;;;;;;;;;x
nick_the_delicate_salmon;the Delicate Salmon;le Saumon Délicat;;;El Salmón Delicado;;;;;;;;;x
nick_the_suspicious_salmon;the Salmon;le Saumon Méfiant;;;El Salmón Desconfiado;;;;;;;;;x
nick_the_headstrong_salmon;the Unbending Salmon;le Saumon Inflexible;;;El Salmón Inflexible;;;;;;;;;x
nick_the_laughing_salmon;the Laughing Salmon;le Saumon Rieur;;;El Salmón Sonriente;;;;;;;;;x
nick_the_salmon_knight;the Salmonknight;le Chevalier-Saumon;;;El Caballero Salmón;;;;;;;;;x
######Vypren Nicknames;;;;;;;;;;;;;;x
nick_the_black_frog;Blackfrog;la Grenouille Noire;;;La Rana Negra;;;;;;;;;x
nick_the_white_frog;Whitefrog;la Grenouille Blanche;;;La Rana Blanca;;;;;;;;;x
nick_the_crazed_frog;the Crazed Frog;la Grenouille Folle;;;La Rana Loca;;;;;;;;;x
nick_the_wild_frog;the Wild frog;la Grenouille Sauvage;;;La Rana Salvaje;;;;;;;;;x
nick_the_harmless_frog;the Harmless Frog;la Grenouille Paisible;;;La Rana Apacible;;;;;;;;;x
nick_the_big_frog;Bigfrog;le Crapeau;;;El Sapo;;;;;;;;;x
nick_the_strong_frog;Strongfrog;la Grenouille Vigoureuse;;;La Rana Vigorosa;;;;;;;;;x
nick_the_charming_frog;Prince Frog;Prince Grenouille;;;El Príncipe Rana;;;;;;;;;x
nick_the_grotesque_frog;the Grotesque frog;la Grenouille Difforme;;;La Rana Deforme;;;;;;;;;x
nick_the_little_frog;Smallfrog;la Petite Grenouille;;;La Pequeña Rana;;;;;;;;;x
nick_the_wise_frog;Wisefrog;la Grenouille Sage;;;La Rana Sabia;;;;;;;;;x
nick_the_simple_frog;the Simple Frog;la Grenouille Simplette;;;La Ranita;;;;;;;;;x
nick_the_learned_frog;the Learned Frog;la Grenouille Érudite;;;La Rana Erudita;;;;;;;;;x
nick_the_delicate_frog;the Delicate Frog;la Grenouille Délicate;;;La Rana Frágil;;;;;;;;;x
nick_the_suspicious_frog;the Leaping Frog;la Grenouille Bondissante;;;La Rana Saltarina;;;;;;;;;x
nick_the_headstrong_frog;Froghead;Tête-de-Grenouille;;;Cabezarana;;;;;;;;;x
nick_the_laughing_frog;the Laughing frog;la Grenouille Rieuse;;;La Rana Alegre;;;;;;;;;x
nick_the_frog_knight;the Frogknight;le Chevalier-Grenouille;;;El Caballero Rana;;;;;;;;;x
######Whent Nicknames;;;;;;;;;;;;;;x
nick_the_black_bat;the Black Bat;la Chauve-souris Noire;;;El Murciélago Negro;;;;;;;;;x
nick_the_white_bat;the White Bat;la Chauve-souris Blanche;;;El Murciélago Blanco;;;;;;;;;x
nick_the_crazed_bat;the Crazed Bat;la Chauve-souris Folle;;;El Murciélago Rabioso;;;;;;;;;x
nick_the_wild_bat;the Wild Bat;la Chauve-souris Sauvage;;;El Murciélago Salvaje;;;;;;;;;x
nick_the_harmless_bat;the Biteless Bat;la Chauve-souris Sans-Ailes;;;El Murciélago sin Alas ;;;;;;;;;x
nick_the_big_bat;the Greatbat;la Grande Chauve-souris;;;El Vampiro;;;;;;;;;x
nick_the_strong_bat;Strongbat;la Chauve-souris Vigoureuse;;;El Murciélago Vigoroso;;;;;;;;;x
nick_the_charming_bat;the Bat Prince;la Charmante Chauve-souris ;;;El Murciélago Brillante;;;;;;;;;x
nick_the_grotesque_bat;the Grotesque Bat;la Chauve-souris Grotesque;;;La Rata Alada;;;;;;;;;x
nick_the_little_bat;Smallbat;la Petite Chauve-souris;;;El Pequeño Murciélago;;;;;;;;;x
nick_the_wise_bat;Wisebat;la Chauve-souris Sage;;;El Murciélago Pensante;;;;;;;;;x
nick_the_simple_bat;the Simple Bat;la Chauve-souris Stupide;;;El Murciélago Estúpido;;;;;;;;;x
nick_the_learned_bat;the Learned Bat;la Chauve-souris Érudite;;;El Murciélago Erudito;;;;;;;;;x
nick_the_delicate_bat;the Delicate Bat;la Chauve-souris Délicate;;;El Murciélago Delicado;;;;;;;;;x
nick_the_suspicious_bat;the Shadow;la Chauve-souris Obscure;;;El Murciélago Oscuro;;;;;;;;;x
nick_the_headstrong_bat;the Headstrong Bat;la Chauve-souris Inflexible;;;El Murciélago Testarudo;;;;;;;;;x
nick_the_laughing_bat;the Laughing bat;la Chauve-souris Rieuse;;;El Murciélago Alegre;;;;;;;;;x
nick_the_bat_knight;the Dark Knight;le Sombre Chevalier;;;El Caballero Oscuro;;;;;;;;;x
######Belmore Nicknames;;;;;;;;;;;;;;x
nick_the_black_bell;the Black Bell;la Cloche Noire;;;La Campana Negra;;;;;;;;;x
nick_the_white_bell;the White Bell;la Cloche Blanche;;;La Campana Blanca;;;;;;;;;x
nick_the_crazed_bell;the Crazed Bell;la Cloche Folle;;;La Campana Loca;;;;;;;;;x
nick_the_wild_bell;the Wild Bell;la Cloche Sauvage;;;La Campana Salvaje;;;;;;;;;x
nick_the_harmless_bell;the Soundless Bell;la Cloche Inaudible;;;La Campana Inaudible;;;;;;;;;x
nick_the_big_bell;the Greatbell;le Bourdon;;;El Badajo;;;;;;;;;x
nick_the_strong_bell;Strongbell;la Cloche Bruyante;;;La Campana Ruidosa;;;;;;;;;x
nick_the_charming_bell;the Charming Bell;la Clochette;;;La Campana Brillante;;;;;;;;;x
nick_the_grotesque_bell;the Grotesque Bell;le Grelot;;;El Cascabel;;;;;;;;;x
nick_the_little_bell;Smallbell;la Petite Cloche;;;La Pequeña Campana;;;;;;;;;x
nick_the_wise_bell;Wisebell;la Cloche Sage;;;La Campana Sabia;;;;;;;;;x
nick_the_simple_bell;the Simple Bell;la Cloche Stupide;;;La Campana Estúpida;;;;;;;;;x
nick_the_learned_bell;the Learned Bell;la Cloche Érudite;;;La Campana Erudita;;;;;;;;;x
nick_the_delicate_bell;the Delicate Bell;la Cloche Délicate;;;La Campana Frágil;;;;;;;;;x
nick_the_suspicious_bell;the Shadows Bell;la Cloche Funèbre ;;;La Campana Fúnebre;;;;;;;;;x
nick_the_headstrong_bell;the Headstrong Bell;la Cloche Inflexible;;;La Campana Inflexible;;;;;;;;;x
nick_the_laughing_bell;the Laughing Bell;la Cloche Rieuse;;;La Campana Sonriente;;;;;;;;;x
nick_the_bell_knight;the Bellknight;le Chevalier aux Cloches;;;El Caballero de las Campanas;;;;;;;;;x
######Hunt Nicknames;;;;;;;;;;;;;;x
nick_the_black_arrow;the Black Arrow;la Flèche Noire;;;La Flecha Negra;;;;;;;;;x
nick_the_white_arrow;the White Arrow;la Flèche Blanche;;;La Flecha Blanca;;;;;;;;;x
nick_the_crazed_arrow;the Crazed Arrow;la Flèche Folle;;;La Flecha Loca;;;;;;;;;x
nick_the_wild_arrow;the Wild Arrow;la Flèche Sauvage;;;La Flecha Salvaje;;;;;;;;;x
nick_the_harmless_arrow;the Dull Arrow;la Flèche Sans-Pointe;;;La Flecha Sin Punta;;;;;;;;;x
nick_the_big_arrow;the Big Arrow;la Grande Flèche;;;La Gran Flecha;;;;;;;;;x
nick_the_strong_arrow;Strongarrow;la Flèche Vigoureuse;;;La Flecha Vigorosa;;;;;;;;;x
nick_the_charming_arrow;the Charming Arrow;la Charmante Flèche;;;La Flecha Llameante;;;;;;;;;x
nick_the_grotesque_arrow;the Bent Arrow;la Flèche Tordue;;;La Flecha Torcida;;;;;;;;;x
nick_the_little_arrow;Smallarrow;la Petite Flèche;;;La Pequeña Flecha;;;;;;;;;x
nick_the_wise_arrow;Wisearrow;la Flèche Sage;;;La Flecha Astuta;;;;;;;;;x
nick_the_simple_arrow;the Broken Arrow;la Flèche Brisée;;;La Flecha Quebrada;;;;;;;;;x
nick_the_learned_arrow;the Learned Arrow;la Flèche Érudite;;;La Fecha Erudita;;;;;;;;;x
nick_the_delicate_arrow;the Delicate Arrow;la Flèche Délicate;;;La Flecha Delicada;;;;;;;;;x
nick_the_suspicious_arrow;the Poisioned Arrow;la Flèche Empoisonnée;;;La Flecha Emponzoñada;;;;;;;;;x
nick_the_headstrong_arrow;Arrowhead;Pointe-de-Flèche;;;Puntadeflecha;;;;;;;;;x
nick_the_laughing_arrow;the Laughing Arrow;la Flèche Rieuse;;;La Flecha Sonriente;;;;;;;;;x
nick_the_arrow_knight;the Arrowknight;le Chevalier des Flèches;;;El Caballero de las Flechas;;;;;;;;;x
######Bar Emmon Nicknames;;;;;;;;;;;;;;x
nick_the_black_swordfish;the Black Swordfish;l'Espadon Noir;;;El Pez Espada Negro;;;;;;;;;x
nick_the_white_swordfish;the White Swordfish;l'Espadon Banc;;;El Pez Espada Blanco;;;;;;;;;x
nick_the_crazed_swordfish;the Crazed Swordfish;l'Espadon Fou;;;El Pez Espada Loco;;;;;;;;;x
nick_the_wild_swordfish;the Wild Swordfish;l'Espadon Sauvage;;;El Pez Espada Salvaje;;;;;;;;;x
nick_the_harmless_swordfish;the Dull Swordfish;le Sans-Rostre;;;El Pez Sin Espada;;;;;;;;;x
nick_the_big_swordfish;the Big Swordfish;le Grand Espadon;;;El Gran Emperador;;;;;;;;;x
nick_the_strong_swordfish;the Strong Swordfish;l'Espadon Vigoureux;;;El Emperador;;;;;;;;;x
nick_the_charming_swordfish;the Charming Swordfish;le Charmant Espadon;;;El Pez Espada brillante;;;;;;;;;x
nick_the_grotesque_swordfish;the Bent Swordfish;Rostre-Tordu;;;El Pez Cimitarra;;;;;;;;;x
nick_the_little_swordfish;the Small Swordfish;le Petit Espadon;;;El Pequeño Emperador;;;;;;;;;x
nick_the_wise_swordfish;the Wise Swordfish;l'Espadon Sage;;;El Emperador Sabio;;;;;;;;;x
nick_the_simple_swordfish;the Broken Swordfish;l'Espadon Simplet;;;El Pez Daga;;;;;;;;;x
nick_the_learned_swordfish;the Learned Swordfish;l'Espadon Érudit;;;El Emperador Erudito;;;;;;;;;x
nick_the_delicate_swordfish;the Delicate Swordfish;l'Espadon Délicat;;;El Pez Espada Frágil;;;;;;;;;x
nick_the_suspicious_swordfish;the Poisioned Swordfish;l'Espadon Vicieux;;;El Emperador Venenoso;;;;;;;;;x
nick_the_headstrong_swordfish;the Headstrong Swordfish;l'Espadon Inflexible;;;El Pez Espada Inflexible;;;;;;;;;x
nick_the_laughing_swordfish;the Laughing swordfish;l'Espadon Rieur;;;El Emperador Sonriente;;;;;;;;;x
nick_the_swordfish_knight;the Swordfishknight;le Chevalier-Espadon;;;El Caballero Pez Espada;;;;;;;;;x
######Stokeworth Nicknames;;;;;;;;;;;;;;x
nick_the_black_seahorse;the Black Seahorse;l'Hippocampe Noir;;;El Caballo de Mar Negro;;;;;;;;;x
nick_the_white_seahorse;the White Seahorse;l'Hippocampe Blanc;;;El Caballo de Mar Blanco;;;;;;;;;x
nick_the_crazed_seahorse;the Crazed Seahorse;l'Hippocampe Fou;;;El Caballo de Mar Loco;;;;;;;;;x
nick_the_wild_seahorse;the Wild Seahorse;l'Hippocampe Sauvage;;;El Caballo de Mar Salvaje;;;;;;;;;x
nick_the_harmless_seahorse;the Dull Seahorse;l'Hippocampe Inoffensif;;;El Caballo de Mar Inofensivo;;;;;;;;;x
nick_the_big_seahorse;the Big Seahorse;le Grand Hippocampe;;;El Gran Caballo de Mar;;;;;;;;;x
nick_the_strong_seahorse;the Strong Seahorse;l'Hippocampe Vigoureux;;;El Caballo de Mar Vigoroso;;;;;;;;;x
nick_the_charming_seahorse;the Charming Seahorse;le Charmant Hippocampe;;;El Amable Caballo de Mar;;;;;;;;;x
nick_the_grotesque_seahorse;the Bent Seahorse;L'Hippocampe Grotesque;;;La Mula de Mar;;;;;;;;;x
nick_the_little_seahorse;the Small Seahorse;le Petit Hippocampe;;;El Caballito de Mar;;;;;;;;;x
nick_the_wise_seahorse;the Wise Seahorse;l'Hippocampe Sage;;;El Caballo de Mar Sabio;;;;;;;;;x
nick_the_simple_seahorse;the Broken Seahorse;l'Hippocampe Stupide;;;El Asno de Mar;;;;;;;;;x
nick_the_learned_seahorse;the Learned Seahorse;l'Hippocampe Érudit;;;El Caballo de Mar Erudito;;;;;;;;;x
nick_the_delicate_seahorse;the Delicate Seahorse;l'Hippocampe Délicat;;;El Caballo de Mar Frágil;;;;;;;;;x
nick_the_suspicious_seahorse;the Poisioned Seahorse;l'Hippocampe Empoisonné;;;El Caballo de Mar Venenoso;;;;;;;;;x
nick_the_headstrong_seahorse;the Headstrong Seahorse;l'Hippocampe Inflexible;;;El Caballo de Mar Tozudo;;;;;;;;;x
nick_the_laughing_seahorse;the Laughing Seahorse;l'Hippocampe Rieur;;;El Caballo de Mar Alegre;;;;;;;;;x
nick_the_seahorse_knight;the Seahorseknight;le Chevalier-Hippocampe;;;El Caballero de Mar;;;;;;;;;x
######Brax Nicknames;;;;;;;;;;;;;;x
nick_the_black_unicorn;the Black Unicorn;l'Unicorne Noir;;;El Unicornio Negro;;;;;;;;;x
nick_the_white_unicorn;the White Unicorn;l'Unicorne Blanc;;;El Unicornio Blanco;;;;;;;;;x
nick_the_crazed_unicorn;the Crazed Unicorn;l'Unicorne Fou;;;El Unicornio Loco;;;;;;;;;x
nick_the_wild_unicorn;the Wild Unicorn;l'Unicorne Sauvage;;;El Unicornio Salvaje;;;;;;;;;x
nick_the_harmless_unicorn;the Whornless Unicorn;Sans-Corne;;;El Sin Cuerno;;;;;;;;;x
nick_the_big_unicorn;the Big Unicorn;le Grand Unicorne;;;El Gran Unicornio;;;;;;;;;x
nick_the_strong_unicorn;the Strong Unicorn;l'Unicorne Vigoureux;;;El Unicornio Vigoroso;;;;;;;;;x
nick_the_charming_unicorn;the Charming Unicorn;le Charmant Unicorne;;;El Unicornio Amable;;;;;;;;;x
nick_the_grotesque_unicorn;the Grotesque Unicorn;le Poney Cornu;;;El Unicornio Grotesco;;;;;;;;;x
nick_the_little_unicorn;the Small Unicorn;le Petit Unicorne;;;El Pequeño Unicornio;;;;;;;;;x
nick_the_wise_unicorn;the Wise Unicorn;l'Unicorne Sage;;;El Unicornio Sabio;;;;;;;;;x
nick_the_simple_unicorn;the Simple Unicorn;l'Unicorne Stupide;;;El Unicornio Estúpido;;;;;;;;;x
nick_the_learned_unicorn;the Learned Unicorn;l'Unicorne Érudit;;;El Unicornio Erudito;;;;;;;;;x
nick_the_delicate_unicorn;the Delicate Unicorn;l'Unicorne Délicat;;;El Unicornio Frágil;;;;;;;;;x
nick_the_suspicious_unicorn;the Poisioned Unicorn;l'Unicorne de Sang;;;El Unicornio Sangriento;;;;;;;;;x
nick_the_headstrong_unicorn;the Headstrong Unicorn;l'Unicorne Inflexible;;;El Unicornio Inflexible;;;;;;;;;x
nick_the_laughing_unicorn;the Laughing Unicorn;l'Unicorne Rieur;;;El Unicornio Sonriente;;;;;;;;;x
nick_the_unicorn_knight;the Unicornknight;le Chevalier-Unicorne;;;El Caballero Unicornio;;;;;;;;;x
######Lydden Nicknames;;;;;;;;;;;;;;x
nick_the_black_badger;Blackbadger;le Blaireau Noir;;;El Tejón Negro;;;;;;;;;x
nick_the_white_badger;the White Badger;le Blaireau Blanc;;;El Tejón Blanco;;;;;;;;;x
nick_the_crazed_badger;the Crazed Badger;le Blaireau Fou;;;El Tejón Loco;;;;;;;;;x
nick_the_wild_badger;Wildbadger;le Blaireau Sauvage;;;El Tejón Salvaje;;;;;;;;;x
nick_the_harmless_badger;the Toothless Badger;le Blaireau Édenté;;;El Tejón Mellado;;;;;;;;;x
nick_the_big_badger;Bigbadger;le Grand Blaireau;;;El Gran Tejón;;;;;;;;;x
nick_the_strong_badger;Strongbadger;le Blaireau Vigoureux;;;El Tejón Vigoroso;;;;;;;;;x
nick_the_charming_badger;the Charming Badger;le Charmant Blaireau;;;El Tejón Amable;;;;;;;;;x
nick_the_grotesque_badger;the Grotesque Badger;le Blaireau Grotesque;;;El Tejón Grotesco;;;;;;;;;x
nick_the_little_badger;Smallbadger;le Blaireautin;;;El Pequeño Tejón;;;;;;;;;x
nick_the_wise_badger;Wisebadger;le Blaireau Sage;;;El Tejón Astuto;;;;;;;;;x
nick_the_simple_badger;Simplebadger;le Blaireau Stupide;;;El Tejón Estúpido;;;;;;;;;x
nick_the_learned_badger;the Learned Badger;le Blaireau Érudit;;;El Tejón Erudito;;;;;;;;;x
nick_the_delicate_badger;the Delicate Badger;le Blaireau Délicat;;;El Tejón Delicado;;;;;;;;;x
nick_the_suspicious_badger;the Poisioned Badger;le Blaireau Empoisonné;;;El Tejón Venenoso;;;;;;;;;x
nick_the_headstrong_badger;the Headstrong Badger;le Blaireau Inflexible;;;El Tejón Inflexible;;;;;;;;;x
nick_the_laughing_badger;the Laughing Badger;le Blaireau Rieur;;;El Tejón Guasón;;;;;;;;;x
nick_the_badger_knight;the Badgernight;le Chevalier-Blaireau;;;El Caballero Tejón;;;;;;;;;x
######Westerling Nicknames;;;;;;;;;;;;;;x
nick_the_black_shell;Blackshell;le Coquillage Noir;;;La Concha Negra;;;;;;;;;x
nick_the_white_shell;the White Shell;le Coquillage Blanc;;;La Concha Blanca;;;;;;;;;x
nick_the_crazed_shell;the Crazed Shell;le Coquillage Fou;;;La Concha Loca;;;;;;;;;x
nick_the_wild_shell;Wildshell;le Coquillage Sauvage;;;La Concha Salvaje;;;;;;;;;x
nick_the_harmless_shell;the Harmless Shell;le Coquillage Paisible;;;La Concha Apacible;;;;;;;;;x
nick_the_big_shell;Bigshell;le Grand Coquillage;;;La Gran Concha;;;;;;;;;x
nick_the_strong_shell;Strongshell;le Coquillage Vigoureux;;;La Concha Indestructible;;;;;;;;;x
nick_the_charming_shell;the Pearl;le Charmant Coquillage;;;La Concha Brillante;;;;;;;;;x
nick_the_grotesque_shell;the Grotesque shell;le Coquillage Grotesque;;;El Mejillón;;;;;;;;;x
nick_the_little_shell;Smallshell;le Petit Coquillage;;;La Pequeña Concha;;;;;;;;;x
nick_the_wise_shell;Wiseshell;le Coquillage Sage;;;La Concha Astuta;;;;;;;;;x
nick_the_simple_shell;the Simple Shell;le Coquillage Brisé;;;La Concha Abierta;;;;;;;;;x
nick_the_learned_shell;the Learned Shell;le Coquillage Érudit;;;La Concha Erudita;;;;;;;;;x
nick_the_delicate_shell;the Delicate Shell;le Coquillage Délicat;;;La Concha Frágil;;;;;;;;;x
nick_the_suspicious_shell;the Poisioned Shell;le Coquillage Vicieux;;;La Concha Venenosa;;;;;;;;;x
nick_the_headstrong_shell;the Shell;le Coquillage Inflexible;;;La Concha Tozuda;;;;;;;;;x
nick_the_laughing_shell;the Laughing Shell;le Coquillage Rieur;;;La Concha Sonriente;;;;;;;;;x
nick_the_shell_knight;the Shellknight;le Chevalier-Coquillage;;;El Caballero de las Conchas;;;;;;;;;x
######Prester Nicknames;;;;;;;;;;;;;;x
nick_the_black_ox;Blackox;le Bœuf Noir;;;El Buey Negro;;;;;;;;;x
nick_the_white_ox;the White Ox;le Bœuf Blanc;;;El Buey Blanco;;;;;;;;;x
nick_the_crazed_ox;the Raging Ox;le Bœuf Fou;;;El Buey Loco;;;;;;;;;x
nick_the_wild_ox;Wildox;le Bœuf Sauvage;;;El Buey Salvaje;;;;;;;;;x
nick_the_harmless_ox;the Hornless Ox;le Bœuf Sans-Cornes;;;El Buey Sin Cuernos;;;;;;;;;x
nick_the_big_ox;Bigox;le Grand Bœuf;;;El Gran Buey;;;;;;;;;x
nick_the_strong_ox;Strongox;l'Auroch;;;El Uro;;;;;;;;;x
nick_the_charming_ox;the Charming Bull;le Bœuf Charmant;;;El Buey Tranquilo;;;;;;;;;x
nick_the_grotesque_ox;the Grotesque Ox;la Vachette;;;La Vaquilla;;;;;;;;;x
nick_the_little_ox;Smallox;le Petit Bœuf ;;;El Pequeño Buey;;;;;;;;;x
nick_the_wise_ox;Wiseox;le Bœuf Sage;;;El Buey Sabio;;;;;;;;;x
nick_the_simple_ox;the Simple Ox;le Bœuf Stupide;;;El Buey Estúpido;;;;;;;;;x
nick_the_learned_ox;the Learned Ox;le Bœuf Érudit;;;El Buey Erudito;;;;;;;;;x
nick_the_delicate_ox;the Delicate Ox;le Bœuf Délicat;;;El Buey Delicado;;;;;;;;;x
nick_the_suspicious_ox;the Poisioned Ox;le Bœuf Sanglant;;;El Buey Envenenado;;;;;;;;;x
nick_the_headstrong_ox;the Oxhead;le Bœuf Inflexible;;;El Buey Inflexible;;;;;;;;;x
nick_the_laughing_ox;the Laughing Ox;le Bœuf Rieur;;;El Buey Burlón;;;;;;;;;x
nick_the_ox_knight;the Oxknight;le Chevalier-Bœuf ;;;El Caballero Buey;;;;;;;;;x
######Serret Nicknames;;;;;;;;;;;;;;x
nick_the_black_peacock;the Black Peacock;le Paon Noir;;;El Pavo Negro;;;;;;;;;x
nick_the_white_peacock;the White Peacock;le Paon Blanc;;;El Pavo Blanco;;;;;;;;;x
nick_the_crazed_peacock;the Raging Peacock;le Paon Fou;;;El Pavo Loco;;;;;;;;;x
nick_the_wild_peacock;the Wild Peacock;le Paon Sauvage;;;El Pavo Salvaje;;;;;;;;;x
nick_the_harmless_peacock;the Hornless Peacock;le Paon Sans-Bec;;;El Pavo Desplumado;;;;;;;;;x
nick_the_big_peacock;the Big Peacock;le Grand Paon;;;El Gran Pavo;;;;;;;;;x
nick_the_strong_peacock;the Strong Peacock;le Paon Vigoureux;;;El Pavo Real;;;;;;;;;x
nick_the_charming_peacock;the Charming Peacock;le Charmant Paon;;;El Pavo Tranquilo;;;;;;;;;x
nick_the_grotesque_peacock;the Grotesque Peacock;le Dindon;;;El Pavo Tronchado;;;;;;;;;x
nick_the_little_peacock;the Small Peacock;le Petit Paon;;;El Pequeño Pavo;;;;;;;;;x
nick_the_wise_peacock;the Wise Peacock;le Paon Sage;;;El Pavo Astuto;;;;;;;;;x
nick_the_simple_peacock;the Simple Peacock;le Paon Simplet;;;El Pavito;;;;;;;;;x
nick_the_learned_peacock;the Learned Peacock;le Paon Érudit;;;El Pavo Erudito;;;;;;;;;x
nick_the_delicate_peacock;the Delicate Peacock;le Paon Délicat;;;El Pavo Delicado;;;;;;;;;x
nick_the_suspicious_peacock;the Poisioned Peacock;le Paon Vicieux;;;El Pavo Emponzoñado;;;;;;;;;x
nick_the_headstrong_peacock;the Headstrong Peacock;le Paon Inflexible;;;El Pavo Tozudo;;;;;;;;;x
nick_the_laughing_peacock;the Laughing Peacock;le Paon Rieur;;;El Pavo Colorido;;;;;;;;;x
nick_the_peacock_knight;the Peacockknight;le Chevalier-Paon;;;El Caballero Pavo Real;;;;;;;;;x
######Cafferen Nicknames;;;;;;;;;;;;;;x
nick_the_black_fawn;the Black Fawn;le Faon Noir;;;El Cervatillo Negro;;;;;;;;;x
nick_the_white_fawn;the White Fawn;le Faon Blanc;;;El Cervatillo Blanco;;;;;;;;;x
nick_the_crazed_fawn;the Raging Fawn;le Faon Fou;;;El Cervatillo Loco;;;;;;;;;x
nick_the_wild_fawn;the Wild Fawn;le Faon Sauvage;;;El Cervatillo Salvaje;;;;;;;;;x
nick_the_harmless_fawn;the Harmless Fawn;le Faon Inoffensif;;;El Cervatillo Inocente;;;;;;;;;x
nick_the_big_fawn;the Big Fawn;le Grand Faon;;;El Gran Cervato;;;;;;;;;x
nick_the_strong_fawn;the Strong Fawn;le Faon Invincible;;;El Cervato Invencible;;;;;;;;;x
nick_the_charming_fawn;the Charming Fawn;le Charmant Faon;;;El Cervatillo Saltador;;;;;;;;;x
nick_the_grotesque_fawn;the Grotesque Fawn;le Faon Grotesque;;;El Cervato Tullido;;;;;;;;;x
nick_the_little_fawn;the Small Fawn;le Petit Faon;;;El Pequeño Cervatillo;;;;;;;;;x
nick_the_wise_fawn;the Wise Fawn;le Faon Sage;;;El Cervatillo Astuto;;;;;;;;;x
nick_the_simple_fawn;the Simple Fawn;le Faon Simplet;;;El Cervatillo Despistado;;;;;;;;;x
nick_the_learned_fawn;the Learned Fawn;le Faon Érudit;;;El Cervatillo Erudito;;;;;;;;;x
nick_the_delicate_fawn;the Delicate Fawn;le Faon Délicat;;;El Cervatillo Delicado;;;;;;;;;x
nick_the_suspicious_fawn;the Poisioned Fawn;le Faon Empoisonné;;;El Cervatillo Emponzoñado;;;;;;;;;x
nick_the_headstrong_fawn;the Headstrong Fawn;le Faon Inflexible;;;El Cervatillo Inflexible;;;;;;;;;x
nick_the_laughing_fawn;the Laughing Fawn;le Faon Rieur;;;El Cervatillo Alegre;;;;;;;;;x
nick_the_fawn_knight;the Fawnknight;le Chevalier-Faon;;;El Caballero Cervato;;;;;;;;;x
######Dondarion Nicknames;;;;;;;;;;;;;;x
nick_the_black_lightning;the Black Lightning;l'Éclair Noir;;;El Rayo Negro;;;;;;;;;x
nick_the_white_lightning;the White Lightning;l'Éclair Blanc;;;El Rayo Blanco;;;;;;;;;x
nick_the_crazed_lightning;the Lightning Storm;l'Éclair Fou;;;El Rayo Loco;;;;;;;;;x
nick_the_wild_lightning;the Wild Lightning;l'Éclair Sauvage;;;El Rayo Silvestre;;;;;;;;;x
nick_the_harmless_lightning;the Harmless Lightning;Sans-Foudre;;;El Trueno;;;;;;;;;x
nick_the_big_lightning;the Lightning Bolt;le Grand Éclair;;;El Gran Rayo;;;;;;;;;x
nick_the_strong_lightning;the Striking Lightning;le Puissant Éclair;;;El Rayo Estruendoso;;;;;;;;;x
nick_the_charming_lightning;the Charming Lightning;le Charmant Éclair;;;El Rayo Brillante;;;;;;;;;x
nick_the_grotesque_lightning;the Stormcloud;Sans-Tonnerre;;;El Rayo Callado;;;;;;;;;x
nick_the_little_lightning;the Tiny Lightning;le Petit Éclair;;;El Pequeño Rayo;;;;;;;;;x
nick_the_wise_lightning;the Wise Lightning;l'Éclair Sage;;;El Rayo Astuto;;;;;;;;;x
nick_the_simple_lightning;the Simple Lightning;l'Éclair Brisé;;;El Rayo Apagado;;;;;;;;;x
nick_the_learned_lightning;the Learned Lightning;l'Éclairé;;;El Rayo Erudito;;;;;;;;;x
nick_the_delicate_lightning;the Delicate Lightning;l'Éclair Délicat;;;El Rayo Frágil;;;;;;;;;x
nick_the_suspicious_lightning;the Poisioned Lightning;l'Éclair Mortel;;;El Rayo Mortal;;;;;;;;;x
nick_the_headstrong_lightning;the Headstrong Lightning;l'Éclair Inflexible;;;El Rayo Inflexible;;;;;;;;;x
nick_the_laughing_lightning;the Laughing Lightning;l'Éclair Rieur;;;El Rayo Sonriente;;;;;;;;;x
nick_the_lightning_knight;the Lightning Lord;le Chevalier-Éclair;;;El Caballero del Rayo;;;;;;;;;x
######Ambrose Nicknames;;;;;;;;;;;;;;x
nick_the_black_ant;the Black Ant;la Fourmi Noir;;;La Hormiga Negra;;;;;;;;;x
nick_the_white_ant;the White Ant;la Fourmi Blanche;;;La Hormiga Blanca;;;;;;;;;x
nick_the_crazed_ant;the Raging Ant;la Fourmi Folle;;;la Hormiga Loca;;;;;;;;;x
nick_the_wild_ant;the Wild Ant;la Fourmi Sauvage;;;La Hormiga Salvaje;;;;;;;;;x
nick_the_harmless_ant;the Harmless Ant;la Fourmi Inoffensive;;;La Hormiga Inofensiva;;;;;;;;;x
nick_the_big_ant;the Anthill;la Grande Fourmi;;;La Gran Hormiga;;;;;;;;;x
nick_the_strong_ant;Strongant;la Fourmi Guerrière;;;La Hormiga Guerrera;;;;;;;;;x
nick_the_charming_ant;the Charming Ant;la Charmante Fourmi;;;La Hormiga Amable;;;;;;;;;x
nick_the_grotesque_ant;the Grotesque Ant;la Fourmi Grotesque;;;La Hormiga Grotesca;;;;;;;;;x
nick_the_little_ant;the Tiny Ant;la Petite Fourmi;;;La Pequeña Hormiga;;;;;;;;;x
nick_the_wise_ant;the Wise Ant;la Fourmi Sage;;;La Hormiga Recolectora;;;;;;;;;x
nick_the_simple_ant;the Simple Ant;l'Ouvrière;;;La Hormiga Obrera;;;;;;;;;x
nick_the_learned_ant;the Learned Ant;la Fourmi Érudite;;;La Hormiga Erudita;;;;;;;;;x
nick_the_delicate_ant;the Delicate Ant;la Fourmi Délicate;;;La Hormiga Frágil;;;;;;;;;x
nick_the_suspicious_ant;the Poisious Ant;la Fourmi Rouge;;;La Hormiga Roja;;;;;;;;;x
nick_the_headstrong_ant;the Headstrong Ant;la Fourmi Inflexible;;;La Hormiga Inflexible;;;;;;;;;x
nick_the_laughing_ant;the Laughing Ant;la Fourmi Rieuse;;;La Hormiga Alegre;;;;;;;;;x
nick_the_ant_knight;the Antknight;le Chevalier-Fourmi;;;El Caballero Hormiga;;;;;;;;;x
######Caswell Nicknames;;;;;;;;;;;;;;x
nick_the_black_centaur;the Black Centaur;le Centaure Noir;;;El Centauro Negro;;;;;;;;;x
nick_the_white_centaur;the White Centaur;le Centaure Blanc;;;El Centauro Blanco;;;;;;;;;x
nick_the_crazed_centaur;the Raging Centaur;le Centaure Fou;;;El Centauro Loco;;;;;;;;;x
nick_the_wild_centaur;the Wild Centaur;le Centaure Sauvage;;;El Centauro Salvaje;;;;;;;;;x
nick_the_harmless_centaur;the Harmless Centaur;le Centaure Paisible;;;El Centauro Apacible;;;;;;;;;x
nick_the_big_centaur;the Big Centaur;le Grand Centaure;;;El Gran Centauro;;;;;;;;;x
nick_the_strong_centaur;the Strong Centaur;le Puissant Centaure;;;El Centauro Poderoso;;;;;;;;;x
nick_the_charming_centaur;the Charming Centaur;le Charmant Centaure;;;El Centauro Amable;;;;;;;;;x
nick_the_grotesque_centaur;the Grotesque Centaur;l'Homme-Poney;;;El Centauro Grotesco;;;;;;;;;x
nick_the_little_centaur;the Small Centaur;le Petit Centaure;;;El Pequeño Centauro;;;;;;;;;x
nick_the_wise_centaur;the Wise Centaur;le Centaure Sage;;;El Centauro Sabio;;;;;;;;;x
nick_the_simple_centaur;the Simple Centaur;le Centaure Simplet;;;El Centauro Simple;;;;;;;;;x
nick_the_learned_centaur;the Learned Centaur;le Centaure Érudit;;;El Centauro Erudito;;;;;;;;;x
nick_the_delicate_centaur;the Delicate Centaur;le Centaure Délicat;;;El Centauro Delicado;;;;;;;;;x
nick_the_suspicious_centaur;the Suspicious Centaur;le Centaure Méfiant;;;El Centauro Desconfiado;;;;;;;;;x
nick_the_headstrong_centaur;the Headstrong Centaur;le Centaure Inflexible;;;El Centauro Inflexible;;;;;;;;;x
nick_the_laughing_centaur;the Laughing Centaur;le Centaure Rieur;;;El Centauro Burlón;;;;;;;;;x
nick_the_centaur_knight;the Centaurknight;le Chevalier-Centaure;;;El Caballero Centauro;;;;;;;;;x
######Beesbury Nicknames;;;;;;;;;;;;;;x
nick_the_black_bee;Blackbee;l'Abeille Noire;;;La Abeja Negra;;;;;;;;;x
nick_the_white_bee;Whitebee;l'Abeille Blanche;;;La Abeja Blanca;;;;;;;;;x
nick_the_crazed_bee;the Stinging Bee;l'Abeille Folle;;;La Abeja Loca;;;;;;;;;x
nick_the_wild_bee;Wildbee;l'Abeille Sauvage;;;La Abeja Salvaje;;;;;;;;;x
nick_the_harmless_bee;the Stingless Bee;le Bourdon;;;El Zángano;;;;;;;;;x
nick_the_big_bee;Bigbee;la Grande Abeille;;;El Abejorro;;;;;;;;;x
nick_the_strong_bee;Strongbee;la Guêpe;;;La Abeja Guardián;;;;;;;;;x
nick_the_charming_bee;the Charming Bee;la Charmante Abeille;;;La Abeja Brillante;;;;;;;;;x
nick_the_grotesque_bee;the Grotesque Bee;l'Abeille Grotesque;;;La Abeja Grotesca;;;;;;;;;x
nick_the_little_bee;Smallbee;la Petite Abeille;;;La Pequeña Abeja;;;;;;;;;x
nick_the_wise_bee;Wisebee;l'Abeille Sage;;;La Abeja Sabia;;;;;;;;;x
nick_the_simple_bee;the Simple Bee;l'Abeille Stupide;;;La Abeja Estúpida;;;;;;;;;x
nick_the_learned_bee;the Learned Bee;l'Abeille Érudite;;;La Abeja Erudita;;;;;;;;;x
nick_the_delicate_bee;the Delicate Bee;l'Abeille Délicate;;;La Abeja Delicada;;;;;;;;;x
nick_the_suspicious_bee;the Suspicious Bee;le Frelon;;;La Abeja Emponzoñada;;;;;;;;;x
nick_the_headstrong_bee;the Headstrong Bee;l'Abeille Inflexible;;;La Abeja Inflexible;;;;;;;;;x
nick_the_laughing_bee;the Laughing Bee;l'Abeille Rieuse;;;La Abeja Graciosa;;;;;;;;;x
nick_the_bee_knight;the Beeknight;le Chevalier-Abeille;;;El Caballero Abeja;;;;;;;;;x
######Mullendore Nicknames;;;;;;;;;;;;;;x
nick_the_black_butterfly;the Black Butterfly;le Papillon Noir;;;La Mariposa Negra;;;;;;;;;x
nick_the_white_butterfly;the White Butterfly;le Papillon Blanc;;;La Mariposa Blanca;;;;;;;;;x
nick_the_crazed_butterfly;the Stinging Butterfly;le Papillon Fou;;;La Mariposa Loca;;;;;;;;;x
nick_the_wild_butterfly;the Wild Butterfly;le Papillon Sauvage;;;La Mariposa Salvaje;;;;;;;;;x
nick_the_harmless_butterfly;the Harmless Butterfly;le Papillon Sans-Ailes;;;La Polilla;;;;;;;;;x
nick_the_big_butterfly;the Big Butterfly;le Grand Papillon;;;El Mariposón;;;;;;;;;x
nick_the_strong_butterfly;the Strong Butterfly;le Papillon Vigoureux;;;La Mariposa Vigorosa;;;;;;;;;x
nick_the_charming_butterfly;the Beautiful Butterfly;le Charmant Papillon;;;La Mariposa Bonita;;;;;;;;;x
nick_the_grotesque_butterfly;the Grotesque Butterfly;le Papillon Grotesque;;;El Pavón;;;;;;;;;x
nick_the_little_butterfly;the Small Butterfly;le Petit Papillon;;;La Pequeña Mariposa;;;;;;;;;x
nick_the_wise_butterfly;the Wise Butterfly;le Papillon Sage;;;La Mariposa Sabia;;;;;;;;;x
nick_the_simple_butterfly;the Simple Butterfly;le Papillon Simplet;;;La Oruga;;;;;;;;;x
nick_the_learned_butterfly;the Learned Butterfly;le Papillon Érudit;;;La Mariposa Erudita;;;;;;;;;x
nick_the_delicate_butterfly;the Delicate Butterfly;le Papillon Délicat;;;La Mariposa Frágil;;;;;;;;;x
nick_the_suspicious_butterfly;the Suspicious Butterfly;le Papillon de Nuit;;;La Mariposa Nocturna;;;;;;;;;x
nick_the_headstrong_butterfly;the Headstrong Butterfly;le Papillon Inflexible;;;La Mariposa Inflexible;;;;;;;;;x
nick_the_laughing_butterfly;the Laughing Butterfly;le Papillon Rieur;;;La Mariposa Guasona;;;;;;;;;x
nick_the_butterfly_knight;the Butterflyknight;le Chevalier-Papillon;;;El Caballero Mariposa;;;;;;;;;x
######Webber Nicknames;;;;;;;;;;;;;;x
nick_the_black_spider;the Black Spider;l'Araignée Noire;;;La Araña Negra;;;;;;;;;x
nick_the_white_spider;the White Spider;l'Araignée Blanche;;;La Araña Blanca;;;;;;;;;x
nick_the_crazed_spider;the Stinging Spider;l'Araignée Folle;;;La Araña Loca;;;;;;;;;x
nick_the_wild_spider;the Wild Spider;l'Araignée Sauvage;;;La Araña Salvaje;;;;;;;;;x
nick_the_harmless_spider;the Harmless Spider;l'Araignée Sans-Dard;;;La Araña Inofensiva;;;;;;;;;x
nick_the_big_spider;the Big Spider;la Grande Araignée;;;La Gran Araña;;;;;;;;;x
nick_the_strong_spider;the Strong Spider;la Tarentule;;;La Tarántula;;;;;;;;;x
nick_the_charming_spider;the Charming Spider;la Charmante Araignée;;;La Araña Amable;;;;;;;;;x
nick_the_grotesque_spider;the Grotesque Spider;l'Araignée Grotesque;;;La Araña Grotesca;;;;;;;;;x
nick_the_little_spider;the Small Spider;la Petite Araignée;;;La Pequeña Araña;;;;;;;;;x
nick_the_wise_spider;the Wise Spider;l'Araignée Sage;;;La Araña Sabia;;;;;;;;;x
nick_the_simple_spider;the Simple Spider;l'Araignée Stupide;;;La Araña Estúpida;;;;;;;;;x
nick_the_learned_spider;the Learned Spider;l'Araignée Érudite;;;La Araña Erudita;;;;;;;;;x
nick_the_delicate_spider;the Delicate Spider;l'Araignée Délicate;;;La Araña Delicada;;;;;;;;;x
nick_the_suspicious_spider;the Suspicious Spider;la Veuve Noire;;;La Viuda Negra;;;;;;;;;x
nick_the_headstrong_spider;the Headstrong Spider;l'Araignée Inflexible;;;La Araña Inflexible;;;;;;;;;x
nick_the_laughing_spider;the Laughing Spider;l'Araignée Rieuse;;;La Araña Sonriente;;;;;;;;;x
nick_the_spider_knight;the Spiderknight;le Chevalier-Araignée;;;El Caballero Araña;;;;;;;;;x
######Varner Nicknames;;;;;;;;;;;;;;x
nick_the_black_weasel;the Black Weasel;la Belette Noire;;;La Comadreja Negra;;;;;;;;;x
nick_the_white_weasel;the White Weasel;la Belette Blanche;;;La Comadreja Blanca;;;;;;;;;x
nick_the_crazed_weasel;the Stinging Weasel;la Belette Folle;;;La Comadreja Loca;;;;;;;;;x
nick_the_wild_weasel;the Wild Weasel;la Belette Sauvage;;;La Comadreja Salvaje;;;;;;;;;x
nick_the_harmless_weasel;the Harmless Weasel;la Belette Inoffensive;;;La Comadreja Inofensiva;;;;;;;;;x
nick_the_big_weasel;the Big Weasel;la Grande Belette;;;La Gran Comadreja;;;;;;;;;x
nick_the_strong_weasel;the Strong Weasel;la Belette Vigoureuse;;;La Comadreja Vigorosa;;;;;;;;;x
nick_the_charming_weasel;the Charming Weasel;la Charmante Belette;;;La Comadreja Amable;;;;;;;;;x
nick_the_grotesque_weasel;the Grotesque Weasel;la Belette Grotesque;;;La Comadreja Grotesca;;;;;;;;;x
nick_the_little_weasel;the Small Weasel;la Petite Belette;;;La Pequeña Comadreja;;;;;;;;;x
nick_the_wise_weasel;the Wise Weasel;la Belette Sage;;;La Comadreja Sabia;;;;;;;;;x
nick_the_simple_weasel;the Simple Weasel;la Belette Stupide;;;La Comadreja Estúpida;;;;;;;;;x
nick_the_learned_weasel;the Learned Weasel;la Belette Érudite;;;La Comadreja Erudita;;;;;;;;;x
nick_the_delicate_weasel;the Delicate Weasel;la Belette Délicate;;;La Comadreja Delicada ;;;;;;;;;x
nick_the_suspicious_weasel;the Suspicious Weasel;la Belette Méfiante;;;La Comadreja Desconfiada;;;;;;;;;x
nick_the_headstrong_weasel;the Headstrong Weasel;la Belette Inflexible;;;La Comadreja Inflexible;;;;;;;;;x
nick_the_laughing_weasel;the Laughing Weasel;la Belette Rieuse;;;La Comadreja Sonriente;;;;;;;;;x
nick_the_weasel_knight;the Weaselknight;le Chevalier-Belette;;;El Caballero Comadreja;;;;;;;;;x
######Qorgyle Nicknames;;;;;;;;;;;;;;x
nick_the_black_scorpion;the Black Scorpion;le Scorpion Noir;;;El Escorpión Negro;;;;;;;;;x
nick_the_white_scorpion;the White Scorpion;le Scorpion Blanc;;;El Escorpión Blanco;;;;;;;;;x
nick_the_crazed_scorpion;the Stinging Scorpion;le Scorpion Fou;;;El Escorpión Loco;;;;;;;;;x
nick_the_wild_scorpion;the Wild Scorpion;le Scorpion Sauvage;;;El Escorpión Salvaje;;;;;;;;;x
nick_the_harmless_scorpion;the Harmless Scorpion;le Scorpion Sans-Dard;;;El Escorpión Inofensivo;;;;;;;;;x
nick_the_big_scorpion;the Big Scorpion;le Grand Scorpion;;;El Gran Escorpión;;;;;;;;;x
nick_the_strong_scorpion;the Strong Scorpion;le Scorpion Dangereux;;;El Alacrán;;;;;;;;;x
nick_the_charming_scorpion;the Charming Scorpion;le Charmant Scorpion;;;El Escorpión Amable;;;;;;;;;x
nick_the_grotesque_scorpion;the Grotesque Scorpion;le Scorpion Grotesque;;;El Escorpión Grotesco;;;;;;;;;x
nick_the_little_scorpion;the Small Scorpion;le Petit Scorpion;;;El Pequeño Escorpión;;;;;;;;;x
nick_the_wise_scorpion;the Wise Scorpion;le Scorpion Sage;;;El Escorpión Sabio;;;;;;;;;x
nick_the_simple_scorpion;the Simple Scorpion;le Scorpion Simplet;;;El Escorpión Simplón;;;;;;;;;x
nick_the_learned_scorpion;the Learned Scorpion;le Scorpion Érudit;;;El Escorpión Erudito;;;;;;;;;x
nick_the_delicate_scorpion;the Delicate Scorpion;le Scorpion Délicat;;;El Escorpión Delicado;;;;;;;;;x
nick_the_suspicious_scorpion;the Suspicious Scorpion;le Scorpion Venimeux;;;El Escorpión Venenoso;;;;;;;;;x
nick_the_headstrong_scorpion;the Headstrong Scorpion;le Scorpion Inflexible;;;El Escorpión Inflexible;;;;;;;;;x
nick_the_laughing_scorpion;the Laughing Scorpion;le Scorpion Rieur;;;El Escorpión Sonriente;;;;;;;;;x
nick_the_scorpion_knight;the Scorpionknight;le Chevalier-Scorpion;;;El Caballero Escorpión;;;;;;;;;x
######Vaith Nicknames;;;;;;;;;;;;;;x
nick_the_black_leopard;the Black Leopard;le Léopard Noir;;;El Leopardo Negro;;;;;;;;;x
nick_the_white_leopard;the White Leopard;le Léopard Blanc;;;El Leopardo Blanco;;;;;;;;;x
nick_the_crazed_leopard;the Stinging Leopard;le Léopard Fou;;;El Leopardo Loco;;;;;;;;;x
nick_the_wild_leopard;the Wild Leopard;le Léopard Sauvage;;;El Leopardo Salvaje;;;;;;;;;x
nick_the_harmless_leopard;the Harmless Leopard;le Léopard Edenté;;;El Leopardo Mellado;;;;;;;;;x
nick_the_big_leopard;the Big Leopard;le Grand Léopard;;;El Gran Leopardo;;;;;;;;;x
nick_the_strong_leopard;the Strong Leopard;le Léopard Vigoureux;;;El Leopardo Vigoroso;;;;;;;;;x
nick_the_charming_leopard;the Charming Leopard;le Charmant Léopard;;;El Leopardo Amable;;;;;;;;;x
nick_the_grotesque_leopard;the Grotesque Leopard;le Chat Tâcheté;;;El Gato Manchado;;;;;;;;;x
nick_the_little_leopard;the Small Leopard;le Petit Léopard;;;El Pequeño Leopardo;;;;;;;;;x
nick_the_wise_leopard;the Wise Leopard;le Léopard Sage;;;El Leopardo Sabio;;;;;;;;;x
nick_the_simple_leopard;the Simple Leopard;le Léopard Simplet;;;El Leopardo Simplón;;;;;;;;;x
nick_the_learned_leopard;the Learned Leopard;le Léopard Érudit;;;El Leopardo Erudito;;;;;;;;;x
nick_the_delicate_leopard;the Delicate Leopard;le Léopard Délicat;;;El Leopardo Delicdo;;;;;;;;;x
nick_the_suspicious_leopard;the Suspicious Leopard;le Léopard Vicieux;;;El Leopardo Vicioso;;;;;;;;;x
nick_the_headstrong_leopard;the Headstrong Leopard;le Léopard Inflexible;;;El Leopardo Inflexible;;;;;;;;;x
nick_the_laughing_leopard;the Laughing Leopard;le Léopard Rieur;;;El Leopardo Sonriente;;;;;;;;;x
nick_the_leopard_knight;the Leopard-knight;le Chevalier-Léopard;;;El Caballero Leopardo;;;;;;;;;x
nick_the_lionknight;the Lionknight;le Chevalier-Lion;;;El Caballero León;;;;;;;;;x
nick_the_crimsonknight;the Crimsonknight;le Chevalier-Pourpre;;;El Caballero Púrpura;;;;;;;;;x
nick_the_wolfknight;the Wolfknight;le Chevalier-Loup;;;El Caballero Lobo;;;;;;;;;x
nick_the_fireknight;the Fireknight;le Chevalier-Feu;;;El Caballero Fuego;;;;;;;;;x
nick_the_stagknight;the Stormknight;le Chevalier-Orage;;;El Caballero Astado;;;;;;;;;x
nick_the_spearknight;the Knight of Spears;le Chevalier des Lances;;;El Caballero de las Lanzas;;;;;;;;;x
nick_the_sunknight;the Sunknight;le Chevalier-Soleil;;;El Caballero Sol;;;;;;;;;x
nick_the_roseknight;the Roseknight;le Chevalier des Roses;;;El Caballero de las Rosas;;;;;;;;;x
nick_the_fishknight;the Riverknight;le Chevalier-Poisson;;;El Caballero del Río;;;;;;;;;x
nick_the_krakenknight;the Ironknight;le Chevalier-Seiche;;;El Caballero ;;;;;;;;;x
nick_the_foxknight;the Foxknight;le Chevalier-Renard;;;El Caballero Zorro;;;;;;;;;x
nick_the_eagleknight;the Eagleknight;le Chevalier-Faucon;;;El Caballero Halcón;;;;;;;;;x
nick_the_bearknight;the Bearknight;le Chevalier-Ours;;;El Caballero Oso;;;;;;;;;x
nick_the_mermanknight;the Mermanknight;le Chevalier-Triton;;;El Caballero Tritón;;;;;;;;;x
nick_the_towerknight;the Towerknight;le Chevalier-Tour;;;El Caballero Torre;;;;;;;;;x
nick_the_griffinknight;the Griffinknight;le Chevalier-Griffon;;;El Caballero Grifo;;;;;;;;;x
nick_the_oakenknight;the Oakenknight;le Chevalier-Rouvre;;;El Caballero Roble;;;;;;;;;x
nick_the_appleknight;the Appleknight;le Chevalier des Pommes;;;El Caballero de las Manzanas;;;;;;;;;x
nick_the_boarknight;the Boarknight;le Chevalier-Sanglier;;;El Caballero Jabalí;;;;;;;;;x
nick_the_houndknight;the Houndknight;le Chevalier-Chien;;;El Caballero Perro;;;;;;;;;x
nick_the_thornknight;the Knight of Thorns;le Chevalier des Épines;;;El Caballero de las Espinas;;;;;;;;;x
nick_the_turtleknight;the Turtleknight;le Chevalier-Tortue;;;El Caballero Tortuga;;;;;;;;;x
nick_the_swanknight;the Swanknight;le Chevalier-Cygne;;;El Caballero Cisno;;;;;;;;;x
######Mallister Nicknames;;;;;;;;;;;;;;x
nick_the_black_eagle;the Black Falcon;le Faucon Noir;;;El Águila Negra;;;;;;;;;x
nick_the_white_eagle;the White Falcon;le Faucon Blanc;;;El Águila Blanca;;;;;;;;;x
nick_the_crazed_eagle;the Crazed Falcon;le Faucon Fou;;;El Águila Blanca;;;;;;;;;x
nick_the_wild_eagle;the Wild Falcon;le Faucon Sauvage;;;El Águila Salvaje;;;;;;;;;x
nick_the_harmless_eagle;the Talonless;le Sans-Serres;;;El Águila Sin Garras;;;;;;;;;x
nick_the_big_eagle;the Greathawk;le Grand Faucon;;;El Gran Águila;;;;;;;;;x
nick_the_strong_eagle;the Strong Falcon;l'Aigle;;;El Águila Imperial;;;;;;;;;x
nick_the_charming_eagle;the Golden Falcon;le Charmant Faucon;;;El Águila amable;;;;;;;;;x
nick_the_grotesque_eagle;the Vulture;la Buse;;;El Águila Inofensiva;;;;;;;;;x
nick_the_little_eagle;the Smallhawk;le Fauconneau;;;El Aguilucho;;;;;;;;;x
nick_the_wise_eagle;the Wise Falcon;le Faucon Sage;;;El Águila Sabia;;;;;;;;;x
nick_the_simple_eagle;the Simple Falcon;le Faucon Simplet;;;El Águila Simplona;;;;;;;;;x
nick_the_learned_eagle;the Learned Falcon;le Faucon Érudit;;;El Águila Erudita;;;;;;;;;x
nick_the_delicate_eagle;the Delicate Falcon;le Faucon Délicat;;;El Águila Delicada;;;;;;;;;x
nick_the_suspicious_eagle;the Sharp Talon;Serres-Assérées;;;Garraserrada;;;;;;;;;x
nick_the_headstrong_eagle;the Peregrine;le Faucon Inflexible;;;El Águila Inflexible;;;;;;;;;x
nick_the_laughing_eagle;the Laughing Falcon;le Faucon Rieur;;;El Águila Sonriente;;;;;;;;;x
nick_the_falcon_knight;the Falconknight;le Chevalier-Faucon;;;El Caballero Águila;;;;;;;;;x
######Deddings Nicknames;;;;;;;;;;;;;;x
nick_the_black_ram;the Black Ram;le Bélier Noir;;;El Carnero Negro;;;;;;;;;x
nick_the_white_ram;the White Ram;le Bélier Blanc;;;El Carnero Blanco;;;;;;;;;x
nick_the_crazed_ram;the Rabid Ram;le Bélier Enragé;;;El Carnero Rabioso;;;;;;;;;x
nick_the_wild_ram;the Wild Ram;le Bélier Sauvage;;;El Carnero Salvaje;;;;;;;;;x
nick_the_harmless_ram;the Harmless Ram;le Bélier Sans-Cornes;;;El Carnero Sin Cuernos;;;;;;;;x;
nick_the_big_ram;the Big Ram;le Grand Bélier;;;El Gran Carnero;;;;;;;;;x
nick_the_strong_ram;the Battering Ram;le Bélier de Fer;;;El Carnero de Hierro;;;;;;;;;x
nick_the_charming_ram;the Gentle Ram;le Beau Bélier;;;El Carnero Elegante;;;;;;;;;x
nick_the_grotesque_ram;the Grotesque Ram;la Biquette;;;El Cabrito;;;;;;;;x;
nick_the_little_ram;Little-Ram;le Petit Bélier;;;El Pequeño Carnero;;;;;;;;;x
nick_the_wise_ram;the Wise Ram;le Bélier Sage;;;El Carnero Sabio;;;;;;;;;x
nick_the_simple_ram;the Broken Ram;Corne Brisée;;;El Carnero Lisiado;;;;;;;;;x
nick_the_learned_ram;the Reading Ram;le Bélier Érudit;;;El Carnero Erudito;;;;;;;;;x
nick_the_delicate_ram;the Lone Ram;le Bélier Solitaire;;;El Carnero Solitario;;;;;;;;;x
nick_the_suspicious_ram;the Vigilent Ram;le Bélier Vigilant;;;El Carnero Vigilante;;;;;;;;;x
nick_the_headstrong_ram;the Ramming Ram;le Bélier de Siège;;;El Carnero Guardián;;;;;;;;;x
nick_the_laughing_ram;the Howling Ram;le Bélier Rieur;;;El Carnero Sonriente;;;;;;;;;x
nick_the_ram_knight;the Ramknight;le Chevalier-Bélier;;;El Caballero Carnero;;;;;;;;;x
######Lolliston Nicknames;;;;;;;;;;;;;;x
nick_the_black_barrel;the Black Barrel;le Baril Noir;;;El Barril Negro;;;;;;;;;x
nick_the_white_barrel;the White Barrel;le Baril Blanc;;;El Barril Blanco;;;;;;;;;x
nick_the_crazed_barrel;Mad-Barrel;le Baril Fou;;;El Barril Loco;;;;;;;;;x
nick_the_wild_barrel;the Wild Barrel;le Baril Sauvage;;;El Barril Salvaje;;;;;;;;;x
nick_the_harmless_barrel;the Empty Barrel;le Baril Vide;;;El Barril Vacío;;;;;;;;x;
nick_the_big_barrel;the Full Barrel;le Baril Plein;;;El Barril Lleno;;;;;;;;;x
nick_the_strong_barrel;the Battering Barrel;le Tonneau;;;El Tonel;;;;;;;;;x
nick_the_charming_barrel;the Wine Barrel;le Baril de Vin;;;El Barril de Vino;;;;;;;;;x
nick_the_grotesque_barrel;the Grotesque Barrel;le Baril Percé;;;El Barril Horadado;;;;;;;;x;
nick_the_little_barrel;Little-Barrel;le Petit Baril;;;El Pequeño Barril;;;;;;;;;x
nick_the_wise_barrel;the Wise Barrel;le Baril Sage;;;El Barril Sabio;;;;;;;;;x
nick_the_simple_barrel;the Broken Barrel;le Baril Brisé;;;El Barril Quebrado;;;;;;;;;x
nick_the_learned_barrel;the Reading Barrel;le Baril Érudit;;;El Barril Erudito;;;;;;;;;x
nick_the_delicate_barrel;the Lone Barrel;le Baril Solitaire;;;El Barril Solitario;;;;;;;;;x
nick_the_suspicious_barrel;the Vigilent Barrel;le Baril Vigilant;;;El Barril Vigilante;;;;;;;;;x
nick_the_headstrong_barrel;the Stuck Barrel;le Bélier Étroit;;;El Barril Angosto;;;;;;;;;x
nick_the_laughing_barrel;the Rolling Barrel;le Bélier Roulant;;;El Barril Rodante;;;;;;;;;x
nick_the_barrel_knight;the Barrelknight;le Chevalier-Baril;;;El Caballero Barril;;;;;;;;;x
######Piper Nicknames;;;;;;;;;;;;;;x
nick_the_black_pipe;the Black Pipe;la Vierge Noire;;;La Doncella Negra;;;;;;;;;x
nick_the_white_pipe;the White Pipe;la Vierge Blanche;;;La Doncella Negra;;;;;;;;;x
nick_the_crazed_pipe;Mad-Pipe;la Vierge Folle;;;La Doncella Loca;;;;;;;;;x
nick_the_wild_pipe;the Wild Pipe;la Vierge Sauvage;;;La Doncella Salvaje;;;;;;;;;x
nick_the_harmless_pipe;the Empty Pipe;la Vierge Sans Défense;;;La Doncella Indefensa;;;;;;;;x;
nick_the_big_pipe;the Full Pipe;la Grande Vierge;;;La Gran Doncella;;;;;;;;;x
nick_the_strong_pipe;Strong-Pipe;la Vierge Forte;;;La Doncella Fuerte;;;;;;;;;x
nick_the_charming_pipe;the Charming Piper;la Belle Vierge;;;La Doncella Preciosa;;;;;;;;;x
nick_the_grotesque_pipe;the Smoked Pipe;la Vierge Repoussante;;;La Doncella Retirada;;;;;;;;x;
nick_the_little_pipe;Little-Pipe;Petite-Vierge;;;La Pequeña Doncella;;;;;;;;;x
nick_the_wise_pipe;the Wise Pipe;la Vierge Sage;;;La Doncella Sabia;;;;;;;;;x
nick_the_simple_pipe;the Broken Pipe;la Vierge Brisée;;;La Doncella Quebrada;;;;;;;;;x
nick_the_learned_pipe;the Reading Pipe;Vierge Érudite;;;La Doncella Erudita;;;;;;;;;x
nick_the_delicate_pipe;the Lone Pipe;la Vierge Solitaire;;;La Doncella Solitaria;;;;;;;;;x
nick_the_suspicious_pipe;the Smoking Pipe;la Vierge Vigilante;;;La Doncella Vigilante;;;;;;;;;x
nick_the_headstrong_pipe;the Smoked Pipe;la Vierge Inflexible;;;La Doncella Inflexible;;;;;;;;;x
nick_the_laughing_pipe;the Happy Pipe;la Vierge Rieuse;;;La Doncella Sonriente;;;;;;;;;x
nick_the_pipe_knight;the Smoking Knight;le Chevalier-à-la-Vierge;;;El Caballero Doncella;;;;;;;;;x
######Brune Nicknames;;;;;;;;;;;;;;x
nick_the_black_paw;the Black Paw;la Patte Noire;;;La Garra Negra;;;;;;;;;x
nick_the_white_paw;the White Paw;la Patte Blanche;;;La Garra Blanca;;;;;;;;;x
nick_the_crazed_paw;Mad-Paw;Patte-Folle;;;La Garra Loca;;;;;;;;;x
nick_the_wild_paw;the Wild Paw;la Patte Sauvage;;;La Garra Salvaje;;;;;;;;;x
nick_the_harmless_paw;the Gentle Paw;la Belle Patte;;;La Garra Elegante;;;;;;;;x;
nick_the_big_paw;Big-Paw;la Grande Patte;;;La Gran Garra;;;;;;;;;x
nick_the_strong_paw;Strong Paw;Patte-Forte;;;La Garra Fuerte;;;;;;;;;x
nick_the_charming_paw;the Charming Paw;la Charmante Patte;;;La Garra Amable;;;;;;;;;x
nick_the_grotesque_paw;the Smoked Paw;la Patte Molle;;;La Garra Mocha;;;;;;;;x;
nick_the_little_paw;Little-Paw;la Petite Patte;;;La Pequeña Garra;;;;;;;;;x
nick_the_wise_paw;the Wise Paw;la Patte Sage;;;La Garra Sabia;;;;;;;;;x
nick_the_simple_paw;the Broken Paw;la Patte Cassée;;;La Garra Quebrada;;;;;;;;;x
nick_the_learned_paw;the Reading Paw;la Patte Érudite;;;La Garra Erudita;;;;;;;;;x
nick_the_delicate_paw;the Lone Paw;la Patte Solitaire;;;La Garra Solitaria;;;;;;;;;x
nick_the_suspicious_paw;the Ready Paw;la Patte Vigilante;;;La Garra Vigilante;;;;;;;;;x
nick_the_headstrong_paw;the Clenched Paw;la Patte Inflexible;;;La Garra Inflexible;;;;;;;;;x
nick_the_laughing_paw;the Happy Paw;la Patte Joyeuse;;;La Garra Alegre;;;;;;;;;x
nick_the_pawknight;the Paw Knight;le Chevalier-à-la-Patte;;;El Caballero de la Garra;;;;;;;;;x
