#CODE;ENGLISH;FRENCH;GERMAN;;SPANISH;;;;;;;;;x
obj_become_regent_title;Become Regent;Devenir régent(e);;;Convertirse en Regente;;;;;;;;;x
obj_become_regent_desc;[This.GetTitledFirstName] desires to become the Regent of [This.GetPossPronoun] liege.;[This.GetTitledFirstName] désir devenir le(a) régent(e) de son(a) suzerain(e).;;;[This.GetTitledFirstName] desea convertirse en el regente de su Señor.;;;;;;;;;x
plot_replace_regent_title;Replace [Root.GetTitledFirstName] and become Regent;Remplacer [Root.GetTitledFirstName] et devenir régent(e);;;Reemplazar a [Root.GetTitledFirstName] y convertirse en Regente;;;;;;;;;x
plot_replace_regent_desc;[From.GetBestName] believes that [From.GetSheHe] would be a better ruler than [Root.PlotTarget.GetBestName], and so should be made [From.GetTitle] Regent of [From.Liege.PrimaryTitle.GetName];[From.GetBestName] pense qu'[From.GetSheHe] serait un(e) meilleur(e) dirigeant(e) que [Root.PlotTarget.GetBestName], et donc devrait être nommé(e) [From.GetTitle] régent de [From.Liege.PrimaryTitle.GetName];;;[From.GetBestName] piensa que sería mejor dirigente que [Root.PlotTarget.GetBestName], y por lo tanto debería ser nombrado [From.GetTitle] regente de [From.Liege.PrimaryTitle.GetName];;;;;;;;;x
plot_replace_regent_decision;Demand to be Made Regent;Exige d'être nommé régent(e);;;Exige ser nombrado regente;;;;;;;;;x
plot_replace_regent_decision_desc;The time has come to demand that [Root.Liege.GetTitle] [Root.Liege.GetFirstName] name you as [Root.Liege.GetHerHis] designated regent in place of [Root.PlotTarget.GetTitledFirstName].;Le temps est venu d'exiger de [Root.Liege.GetTitle] [Root.Liege.GetFirstName] qu'on vous nomme régent(e) désigné(e) à la place de [Root.PlotTarget.GetTitledFirstName].;;;Es el momento de pedir a [Root.Liege.GetTitle] [Root.Liege.GetFirstName] que te nombre regente en lugar de [Root.PlotTarget.GetTitledFirstName].;;;;;;;;;x
ambition_nominate_regent_decision;Petition to be Made Regent;Pétition pour devenir régent(e);;;Petición para convertirse en regente;;;;;;;;;x
ambition_nominate_regent_decision_desc;[Root.Liege.GetTitle] [Root.Liege.GetFirstName] currently has no designated regent should the realm need it, you can send a petition to [Root.Liege.GetHerHim] to be named in this position.;[Root.Liege.GetTitle] [Root.Liege.GetFirstName] n'a pour le moment pas désigné de régent si le royaume devait en avoir besoin, vous pouvez lui envoyer une pétition demandant à être nommé à cette position.;;;[Root.Liege.GetTitle] [Root.Liege.GetFirstName] no ha designado ningún regente en caso de que el Reino lo necesite, puedes enviarle una petición para que te nombre en esa posición.;;;;;;;;;x
EVTTOOLTIPregency.17;will consider your petition to be made designated regent;va considérer votre demande d'être fait(e) régent(e) désigné(e);;;considerará tu petición de ser designado regente;;;;;;;;;x
plot_replace_regent_duel;Duel [Root.PlotTarget.GetTitledFirstName] for the Regency;Provoquer en duel [Root.PlotTarget.GetTitledFirstName] pour la régence.;;;Desafiar a [Root.PlotTarget.GetTitledFirstName] por la regencia.;;;;;;;;;x
plot_replace_regent_duel_desc;[Root.PlotTarget.GetTitledFirstName] is still regent for [Root.Liege.GetTitle] [Root.Liege.GetFirstName], I should challenge [Root.PlotTarget.GetHerHim] to a duel to decide who is most worthy for this position.;[Root.PlotTarget.GetTitledFirstName] est toujours le(a) régent(e) de(u-e la) [Root.Liege.GetTitle] [Root.Liege.GetFirstName], je devrais le(a) provoquer en duel pour décider qui de nous deux est digne de cette position.;;;[Root.PlotTarget.GetTitledFirstName] es el regente del [Root.Liege.GetTitle] [Root.Liege.GetFirstName], debería desafiarle a un duelo para decidir quien es más digno de esa posición.;;;;;;;;;x
plot_replace_regent_plead_case;Plead Case for Regency;Plaider son cas pour ma régence;;;Pleitear para ser nombrado regente;;;;;;;;;x
plot_replace_regent_plead_case_desc;[Root.PlotTarget.GetTitledFirstName] is clearly an unsuitable regent for [Root.Liege.GetTitle] [Root.Liege.GetFirstName], with enough support you can plead your case to made regent in [Root.PlotTarget.GetHerHis] place openly before the court.;[Root.PlotTarget.GetTitledFirstName] est clairement un(e) mauvais(e) régent(e) pour le(a) [Root.Liege.GetTitle] [Root.Liege.GetFirstName], avec assez de soutiens vous pouvez plaider contre le(a) régent(e) devant un tribunal.;;;[Root.PlotTarget.GetTitledFirstName] es claramente un mal regente para el [Root.Liege.GetTitle] [Root.Liege.GetFirstName], con apoyo suficiente puedes pleitear contra el regente ante un tribunal.;;;;;;;;;x
plot_replace_regent_ultimatum;Issue [Root.PlotTarget.GetTitledFirstName] an Ultimatum;Envoyer un ultimatum à [Root.PlotTarget.GetTitledFirstName];;;Enviar un ultimátum a [Root.PlotTarget.GetTitledFirstName];;;;;;;;;x
plot_replace_regent_ultimatum_desc;Military force is always a sure way to end an unsuitable regent, you can issue an ultimatum to [Root.PlotTarget.GetTitledFirstName] to step aside as regent for [Root.Liege.GetTitle] [Root.Liege.GetFirstName], or face the consequences.;La force militaire est toujours un moyen efficace pour mettre fin aux méfaits d'un(e) régent(e), vous pouvez envoyer un ultimatum à [Root.PlotTarget.GetTitledFirstName] lui intimant d'abandonner la régence pour le(a) [Root.Liege.GetTitle] [Root.Liege.GetFirstName], ou d'assumer les conséquences d'un refus. ;;;La fuerza militar siempre es un medio eficaz para poner fin a las malas acciones de un regente, puedes enviar un ultimátum a [Root.PlotTarget.GetTitledFirstName] intimidándolo para que abandone la regencia del [Root.Liege.GetTitle] [Root.Liege.GetFirstName], o asumir las consecuencias. ;;;;;;;;;x
EVTTOOLTIPregency.20;An ultimatum demanding [Root.PlotTarget.GetTitledFirstName] step aside as regent is issued;Un ultimatum exigeant la fin de la régence de [Root.PlotTarget.GetTitledFirstName] est envoyé;;;Se ha enviado un ultimátum exigiendo el fin de la regencia de [Root.PlotTarget.GetTitledFirstName] ;;;;;;;;;x
EVTDESCregency.2;The mighty [From.GetFirstName] is clearly an inspired choice for the regency in case my virtuous rule come to end. All shall obey [From.GetHerHis] wishes, and all those that oppose [From.GetHerHim] shall cower before [From.GetHerHis] dragonfire!;Le(a) puissant(e) [From.GetFirstName] est clairement le choix idéal pour la régence au cas où mon règne vertueux venait à prendre fin. Tous doivent obéir à ses souhaits, et ceux qui s'opposent à lui(elle) devront subir le feudragon !;;;El poderoso [From.GetFirstName] es claramente la elección ideal para la regencia en caso de que mi virtuoso reinado llegue a su fin. Todos deben obedecer a sus deseos, y quien se oponga a él deberá someterse al fuego de dragón!;;;;;;;;;x
EVTOPTAregency.2;I sometimes surprise myself with my ideas;Parfois je me surprend moi-même par mes idées de génie.;;;A veces me sorprendo a mi mismo con mis brillantes ideas;;;;;;;;;x
TOOLTIPregency.2;The realm will be informed of your decision;Le royaume sera informé de votre décision.;;;El Reino será informado de tu decisión;;;;;;;;;x
EVTDESCregency.3;To all my bannermen, these past months I have been considering who should rule in my place should my mighty house need the protection of a regent, and I have decided that none would be more suitable than the dragon [FromFrom.GetFirstName]. In the event of a regency I command you to all obey [FromFrom.GetHerHis] wishes, else be bathed in [FromFrom.GetHerHis] dragonfire.\nSigned\n[From.GetTitledFirstName] of House [From.GetOnlyDynastyName];A tous mes bannerets, ces derniers mois j'ai réfléchi à la personne qui devrait gouverner à ma place si ma puissante maison venait à avoir besoin de la protection d'un régent, et j'ai décidé que personne ne pourrait être plus apte que le dragon [FromFrom.GetFirstName]. Lors d'une régence, je vous ordonne d'obéir à ses souhaits, ou vous devrez souffrir du feudragon.\nSigné\n[From.GetTitledFirstName] de la maison [From.GetOnlyDynastyName];;;A todos mis vasallos, estos últimos meses he estado reflexionando sobre quien debería gobernar en mi lugar si mi poderosa casa necesitara la protección de un regente, y he decidido que nadie sería más adecuado que el dragón [FromFrom.GetFirstName]. Durante una regencia, os ordeno obedecer a sus deseos, o deberéis sufrir el fuego de dragón.\nFirmado\n[From.GetTitledFirstName] de la casa [From.GetOnlyDynastyName];;;;;;;;;x
EVTOPTAregency.3;What?;Quoi ?;;;Qué?;;;;;;;;;x
EVTDESCregency.4;Whilst [From.GetFirstName] may make a good regent should it be needed, many will resent being under the rule of a slave;Bien que [From.GetFirstName] puisse faire un(e) bon(ne) régent(e) si la situation venait à en nécessiter un, nombre de personnes n'apprécieront pas d'être gourvernés par un(e) esclave.;;;A pesar de que [From.GetFirstName] pueda ser un buen regente si la situación lo exigiera, numerosas personas no apreciarán ser gobernadas por un esclavo.;;;;;;;;;x
EVTDESCregency.8;[Root.PrimaryTitle.GetFOA], I am concerned that [From.PlotTarget.GetTitledFirstName] has been designated as regent should it be needed, I am worried [From.PlotTarget.GetSheHe] would be unsuitable and would divide the realm. My supporters and I ask that you remove this honour from [From.PlotTarget.GetHerHim] at once, and appoint me as regent in [From.PlotTarget.GetHerHis] stead.\nSigned,\n[From.GetTitledFirstName] of the House [From.GetOnlyDynastyName];[Root.PrimaryTitle.GetFOA], je suis très inquiet du le fait que [From.PlotTarget.GetTitledFirstName] a été désigné(e) comme régent(e) si la situation venait à l'exiger, je pense qu'[From.PlotTarget.GetSheHe] en est incapable et que cela diviserait le royaume. Mes soutiens et moi-même demandons que vous enleviez cet honneur à [From.PlotTarget.GetHerHim] et que vous me nommiez régent à sa place.\nSigné,\n[From.GetTitledFirstName] de la maison [From.GetOnlyDynastyName];;;[Root.PrimaryTitle.GetFOA], me preocupa el hecho de que [From.PlotTarget.GetTitledFirstName] haya sido designado como regente en caso de que la situación lo exiga, creo que [From.PlotTarget.GetSheHe] no está capacitado y eso dividirá el Reino. Mis seguidores y yo mismo demandamos que retiréis este honor a [From.PlotTarget.GetHerHim] y que me nombréis regente en su lugar.\nFirmado,\n[From.GetTitledFirstName] de la casa [From.GetOnlyDynastyName];;;;;;;;;x
EVTOPTAregency.8;You make a good point, I accept;Vous avez raison, j'accepte.;;;Tenéis razón, acepto.;;;;;;;;;x
opinion_removed_designated_regent;Removed me as Designated Regent;M'a démis de la la position de régent;;;Me despidió de la posición de regente designado.;;;;;;;;;x
EVTOPTBregency.8;No, [From.PlotTarget.GetTitledFirstName] will make a fine regent;Non, [From.PlotTarget.GetTitledFirstName] sera un(e) bon(ne) régent(e);;;No, [From.PlotTarget.GetTitledFirstName] será un buen regente;;;;;;;;;x
opinion_refused_regent;Refused to Designate me as Regent;A refusé de me désigner comme régent;;;Ha rechazado designarme como regente;;;;;;;;;x
EVTDESCregency.9;[Root.GetBestName],\nYour demands are just. I hereby name you designated regent of [From.PrimaryTitle.GetName].\nSigned,\n[From.GetFirstName] of the House [From.GetOnlyDynastyName], the [From.GetRegnalOrdinal] of [From.GetHerHis] name, [From.GetTitle] of [From.PrimaryTitle.GetName];[Root.GetBestName],\nVotre demande est justifiée. Par la présente je vous nomme régent(e) de [From.PrimaryTitle.GetName].\nSigné,\n[From.GetFirstName] de la Maison [From.GetOnlyDynastyName], [From.GetTitle] de [From.GetOnlyDynastyName], [From.GetRegnalOrdinal] de son nom, [From.GetTitle] de [From.PrimaryTitle.GetName];;;;;;;;;;;;x
EVTDESCregency.10;With your support, [FromFrom.GetBestName] has convinced [From.GetBestName] to appoint [FromFrom.GetHerHim] as designated regent of [From.PrimaryTitle.GetName].;Grâce à votre soutien, [FromFrom.GetBestName] a convaincu [From.GetBestName] de le(a) nommer régent(e) désigné(e) de [From.PrimaryTitle.GetName].;;;;;;;;;;;;x
EVTDESCregency.11;[Root.GetBestName],\nWhilst you may have made a good protector of this land, I'm afraid there are others who would make a better regent. I am hereby naming [FromFrom.GetBestName] as my new designated regent.\nSigned,\n[From.GetFirstName] of the House [From.GetOnlyDynastyName], the [From.GetRegnalOrdinal] of [From.GetHerHis] name, [From.GetTitle] of [From.PrimaryTitle.GetName];[Root.GetBestName],\nBien que vous ayez été un(e) bon(ne) protecteur(trice) pour ces terres, je crains que d'autres feraient de meilleurs régents. Par la présente je nomme  [FromFrom.GetBestName] comme mon(a) nouveau(velle) régent(e) désigné(e).\nSigné,\n[From.GetFirstName] de la Maison [From.GetOnlyDynastyName], [From.GetTitle] de [From.GetOnlyDynastyName], [From.GetRegnalOrdinal] de son nom, [From.GetTitle] de [From.PrimaryTitle.GetName];;;;;;;;;;;;x
EVTDESCregency.12;Thanks to a conspiracy led by [FromFrom.GetBestName], [From.GetBestName] has betrayed your trust and removed [FromFrom.PlotTarget.GetBestName] from [From.GetHerHis] position as designated regent!;Grâce à une conspiration menée par [FromFrom.GetBestName], [From.GetBestName] a trahi votre vœu et démi [FromFrom.PlotTarget.GetBestName] de sa position en tant que régent(e) désigné(e) !;;;;;;;;;;;;x
EVTDESCregency.13;[Root.GetBestName],\nI am afraid that I must reject your demands. [Root.PlotTarget.GetBestName] has served the realm loyally and well, and will make a trustworthy regent for this realm. Do not bring this issue before me again.\nSigned,\n[From.GetFirstName] of the House [From.GetOnlyDynastyName], , the [From.GetRegnalOrdinal] of [From.GetHerHis] name[From.GetTitle] of [From.PrimaryTitle.GetName];[Root.GetBestName],\nJe crains de devoir rejeter votre demande. [Root.PlotTarget.GetBestName] a loyalement et bien servi le royaume, et fera un(e) régent(e) parfait(e). Ne me parlez plus de cette affaire.\nSigné,\n[From.GetFirstName] de la Maison [From.GetOnlyDynastyName], [From.GetTitle] de [From.GetOnlyDynastyName], [From.GetRegnalOrdinal] de son nom, [From.GetTitle] de [From.PrimaryTitle.GetName];;;;;;;;;;;;x
EVTDESCregency.14;Despite your counsel, [From.GetBestName] refused to see reason, and has refused to appoint [FromFrom.GetBestName] as [From.GetHerHis] designated regent!;Malgré vos conseils, [From.GetBestName] a refusé d'entendre raison et n'a pas accepté de nommer [FromFrom.GetBestName] comme régent(e) désigné(e) !;;;;;;;;;;;;x
EVTDESCregency.15;[Root.GetBestName],\nAs you have doubtless heard, [FromFrom.GetBestName] has conspired among the lords of the realm in an attempt to usurp your rightful place as my designated regent. I have, of course, rejected [FromFrom.GetHerHis] absurd demands.\nSigned,\n[From.GetFirstName] of the House [From.GetOnlyDynastyName], the [From.GetRegnalOrdinal] of [From.GetHerHis] name, [From.GetTitle] of [From.PrimaryTitle.GetName];[Root.GetBestName],\nComme vous l'avez sans doute déjà appris, [FromFrom.GetBestName] a conspiré avec les lords du royaume dans le but d'usurper votre légitime place en tant que régent(e) désigné(e). J'ai bien entendu rejeté son absurde demande.\nSigné,\n[From.GetFirstName] de la Maison [From.GetOnlyDynastyName], [From.GetTitle] de [From.GetOnlyDynastyName], [From.GetRegnalOrdinal] de son nom, [From.GetTitle] de [From.PrimaryTitle.GetName];;;;;;;;;;;;x
EVTDESCregency.16;Treachery! A conspiracy led by [FromFrom.GetBestName] tried to have [FromFrom.PlotTarget.GetBestName] removed from [From.GetHerHis] rightful place as designated regent. Fortunately, [From.GetBestName] was too wise to fall for their honeyed words, and [FromFrom.PlotTarget.GetSheHe] remains in office.;Trahison ! Une conspiration menée par [FromFrom.GetBestName] a tenté de démettre [FromFrom.PlotTarget.GetBestName] de sa légitime position de régent(e) désigné(e). Heureusement, [From.GetBestName] était trop sage pour prêter attention à leurs perfides conseils, et [FromFrom.PlotTarget.GetSheHe] conserve sa position.;;;Traición! Una conspiración dirigida por [FromFrom.GetBestName] ha intentado despojar a [FromFrom.PlotTarget.GetBestName] de su legítima posición deregente designado. Afortunadamente, [From.GetBestName] ha sido lo bastante sabio para no prestar atención a sus pérfidos consejos, y [FromFrom.PlotTarget.GetSheHe] conserva su posición.;;;;;;;;;x
EVTDESCregency.17;[Root.PrimaryTitle.GetFOA], It has come to my attention that nobody has been designated as regent for [Root.PrimaryTitle.GetName] should the realm need it. Needless to say this is a perilous position, as surely squabble and rivalry will emerge without clear leadership. I humbly petition you name me as designated regent to avoid this sort of trouble.\nSigned,\n[From.GetTitledFirstName] of the House [From.GetOnlyDynastyName];[Root.PrimaryTitle.GetFOA], il est venu à mon attention que personne n'a été désigné comme régent de [Root.PrimaryTitle.GetName] au cas où la situation l'exigerait. Il est inutile de dire que cette situation est dangereuse, les rivalités et conflits risquent d'éclater si une régence venait à être mise en place. Je vous demande humblement de me désigner en tant que régent(e) pour empêcher ces troubles.\nSigné,\n[From.GetTitledFirstName] de la maison [From.GetOnlyDynastyName];;;[Root.PrimaryTitle.GetFOA], me ha llamado la atención que nadie haya sido designado como regente de [Root.PrimaryTitle.GetName] en el caso de que la situación lo exigiera. Es inútil decir que esta situación es peligrosa, las rivalidades y conflictos estallarán si una si se estableciese una regencia. Os pido humildemente designarme como regente para evitar esos problemas.\nFirmado,\n[From.GetTitledFirstName] de la casa [From.GetOnlyDynastyName];;;;;;;;;x
EVTOPTAregency.17;A fine proposal, I will see it done;Une bonne proposition, qu'il en soit ainsi.;;;Una buena propuesta, que así sea.;;;;;;;;;x
EVTOPTBregency.17;An absurd proposition;Une proposition des plus absurdes.;;;Una propuesta absurda.;;;;;;;;;x
EVTDESCregency.18;[Root.GetBestName],\nI find your concerns valid, and agree a regent needs to be designated. So I hereby name you designated regent of [From.PrimaryTitle.GetName].\n\nSigned,\n[From.GetFirstName] of the House [From.GetOnlyDynastyName], the [From.GetRegnalOrdinal] of [From.GetHerHis] name, [From.GetTitle] of [From.PrimaryTitle.GetName];[Root.GetBestName],\nJe trouve vos craintes justifiées et pense qu'un régent doit être nommé. Aussi, par la présente, je vous désigne comme régent(e) de [From.PrimaryTitle.GetName].\n\nSigné,\n[From.GetFirstName] de la Maison [From.GetOnlyDynastyName], [From.GetTitle] de [From.GetOnlyDynastyName], [From.GetRegnalOrdinal] de son nom, [From.GetTitle] de [From.PrimaryTitle.GetName];;;;;;;;;;;;x
EVTOPTAregency.18;Thank you [From.PrimaryTitle.GetFOA];Merci [From.PrimaryTitle.GetFOA];;;Gracias [From.PrimaryTitle.GetFOA];;;;;;;;;x
EVTDESCregency.19;[Root.GetBestName],\nI see no need to designate a regent for the realm at this time, I'm sure House [From.GetOnlyDynastyName] will be abe to solely govern for a long time to come. I urge you not to bring this up again.\nSigned,\n[From.GetFirstName] of the House [From.GetOnlyDynastyName], the [From.GetRegnalOrdinal] of [From.GetHerHis] name, [From.GetTitle] of [From.PrimaryTitle.GetName];[Root.GetBestName],\nJe ne ressens pas le besoin de désigner un régent en ce moment, je suis sûr que la maison [From.GetOnlyDynastyName] sera capable de gouverner seule pendant encore de longues années. J'exige que vous ne me parliez plus jamais de cette affaire.\nSigné,\n[From.GetFirstName] de la Maison [From.GetOnlyDynastyName], [From.GetTitle] de [From.GetOnlyDynastyName], [From.GetRegnalOrdinal] de son nom, [From.GetTitle] de [From.PrimaryTitle.GetName];;;;;;;;;;;;x
EVTOPTAregency.19;Turmoil will now surely come;Les troubles finiront par éclater.;;;Los problemas acabarán por estallar.;;;;;;;;;x
EVTDESCregency.20;[Root.GetBestName],\nYour period of misrule of [Root.Liege.PrimaryTitle.GetName] in the name of the noble [Root.Liege.GetTitle] [Root.Liege.GetFirstName] is at an end. I demand that you peacefully stand aside and let me assume the position of regent, else suffer the wroth of me and my supporters.\nSigned,\n[From.GetFirstName] of the House [From.GetOnlyDynastyName], [From.GetTitle] of [From.PrimaryTitle.GetName];[Root.GetBestName],\nVotre période de mauvaise gouvernance de [Root.Liege.PrimaryTitle.GetName] au nom du(e la) noble [Root.Liege.GetTitle] [Root.Liege.GetFirstName] est terminée. J'exige que vous résigniez pacifiquement votre position et me laissiez assurer la régence, ou vous devrez affronter ma colère et celle de mes soutiens.\nSigné,\n[From.GetFirstName] de la maison [From.GetOnlyDynastyName], [From.GetTitle] de [From.PrimaryTitle.GetName];;;[Root.GetBestName],\nVuestro periodo de mal gobierno de [Root.Liege.PrimaryTitle.GetName] en nombre del noble [Root.Liege.GetTitle] [Root.Liege.GetFirstName] ha terminado. Exijo que renunciéis pacíficamente de vuestra posición y me permitáis asumir la regencia, o deberéis enfrentaros a mi cólera.\nFirmado,\n[From.GetFirstName] de la casa [From.GetOnlyDynastyName], [From.GetTitle] de [From.PrimaryTitle.GetName];;;;;;;;;x
EVTOPTAregency.20;I have no choice but to stand down;Je n'ai d'autres choix que de me soumettre.;;;No tengo más remedio que someterme.;;;;;;;;;x
EVTOPTBregency.20;I will never surrender [Root.Liege.GetTitle] [Root.Liege.GetFirstName] to them!;Je ne leur donnerai jamais le(a) [Root.Liege.GetTitle] [Root.Liege.GetFirstName] !;;;Nunca les daré el [Root.Liege.GetTitle] [Root.Liege.GetFirstName]!;;;;;;;;;x
EVTTOOLTIPregency.21;[This.GetTitledFirstName] will assume the regency;[This.GetTitledFirstName] va assumer la régence.;;;[This.GetTitledFirstName] asumirá la regencia.;;;;;;;;;x
EVTTOOLTIPregency.24;War between [This.GetTitledFirstName]'s loyalists and [From.GetTitledFirstName]'s rebels will begin;La guerre entre les loyalistes à [This.GetTitledFirstName] et les rebelles de [From.GetTitledFirstName] va commencer;;;La guerra entre los lealistas de [This.GetTitledFirstName] y los rebeldes de [From.GetTitledFirstName] empezará;;;;;;;;;x
plot_replace_regent_cb;War for the Regency;Guerre de la régence;;;Guerra por la Regencia;;;;;;;;;x
plot_replace_regent_cb_desc;$CLAIMANT$ believes that $TARGET$'s current regent is unsuitable, and that they should be regent instead.;$CLAIMANT$ pense que le régent de $TARGET$ ne convient pas et qu'il devrait obtenir la régence.;;;$CLAIMANT$ piensa que el regente actual de $TARGET$ no es el adecuado y que él debería serlo en su lugar.;;;;;;;;;x
CB_NAME_REPLACE_REGENT;War for the Regency;Guerre de la régence;;;Guerra por la regencia;;;;;;;;;x
WAR_NAME_REPLACE_REGENT;$CLAIMANT$'s $ORDER$ War for the Regency of $DEFENDER$;$ORDER$ War de $CLAIMANT$ pour la régence de $DEFENDER$;;;$ORDER$ Guerra de $CLAIMANT$ por la regencia de $DEFENDER$;;;;;;;;;x
replace_regent_ultimatum_PLOTBACKERS;At least 4 landed lords back the plot\n;Au moins 4 lords fieffés soutiennent le complot\n;;;Al menos 4 Señores con tierras respaldan el complot\n;;;;;;;;;x
replace_regent_plead_case_LOCATION;Currently resides in [Root.Liege.Capital.GetName]\n;Réside actuellement à [Root.Liege.Capital.GetName]\n;;;Reside actualmente en [Root.Liege.Capital.GetName]\n;;;;;;;;;x
EVTDESCregency.21;[Root.GetBestName],\nWhilst I am loath to see the likes of you have power over [Root.Liege.PrimaryTitle.GetName] and [Root.Liege.GetTitle] [Root.Liege.GetFirstName], you leave me no choice. I hereby surrender the regency to you.\nSigned,\n[From.GetTitledFirstName];[Root.GetBestName],\nBien que je répugne a voir une personne telle que vous diriger [Root.Liege.PrimaryTitle.GetName] et [Root.Liege.GetTitle] [Root.Liege.GetFirstName], vous ne me laissez pas le choix. Par la présente je renonce à la régence en votre faveur.\nSigné,\n[From.GetTitledFirstName];;;[Root.GetBestName],\nAunque me repugne ver una persona como vos dirigir [Root.Liege.PrimaryTitle.GetName] y [Root.Liege.GetTitle] [Root.Liege.GetFirstName], no me dejáis más opción. Por la presente renuncio a la regencia en vuestro favor.\nFirmado,\n[From.GetTitledFirstName];;;;;;;;;x
EVTOPTAregency.21;A sensible move;Une décision des plus sensées.;;;Una decisión sensata.;;;;;;;;;x
EVTDESCregency.22;Court intrigues often seem confusing, and you have had word the realm was on the brink of war. Apparently [FromFrom.GetTitledFirstName] [FromFrom.GetOnlyDynastyName] issued an ultimatum under the threat of force to my regent [From.GetTitledFirstName], demanding [From.GetSheHe] surrender the regency. [From.GetSheHeCap] gave in to this, and now I have a new regent.;Les intrigues de cour semble souvent confuses et vous avez appris que le royaume était à deux doigts d'une guerre. Apparemment [FromFrom.GetTitledFirstName] [FromFrom.GetOnlyDynastyName] a envoyé un ultimatum à mon(a) régent(e) [From.GetTitledFirstName], exigeant qu'[From.GetSheHe] renonce à la régence. [From.GetSheHeCap] a accepté et j'ai désormais un nouveau régent.;;;Las intrigas de la corte son a menudo confusas y acabas de enterarte que el reino ha estado a un paso de la guerra. Al parecer [FromFrom.GetTitledFirstName] [FromFrom.GetOnlyDynastyName] envió un ultimátum a mi regente [From.GetTitledFirstName], exigiendo que renuncie a la regencia. Aceptó el ultimátum y ahora tengo un nuevo regente.;;;;;;;;;x
EVTOPTAregency.22;I am an important [Root.GetTitle];Je suis un(e) [Root.GetTitle] importante(e);;;Soy un [Root.GetTitle] importante;;;;;;;;;x
EVTDESCregency.23;To all bannermen of [From.Liege.GetTitle] [From.Liege.GetFirstName], the corrupt regency of [From.GetTitledFirstName] over [From.Liege.PrimaryTitle.GetName] is at an end. [From.GetSheHeCap] as agreed to hand over power to me, and henceforth all shall obey my will whilst the noble [From.Liege.GetTitle] [From.Liege.GetFirstName] is unable to rule.\n\nSigned\n[FromFrom.GetFirstName] of House [FromFrom.GetOnlyDynastyName], [FromFrom.GetTitle] Regent of [From.Liege.PrimaryTitle.GetName];A tous les bannerets de [From.Liege.GetTitle] [From.Liege.GetFirstName], la régence corrompue de [From.GetTitledFirstName] sur [From.Liege.PrimaryTitle.GetName] est terminée. [From.GetSheHeCap] a accepté de renoncer à sa charge en ma faveur, aussi tous me doivent désormais obéissance jusqu'à ce que [From.Liege.GetTitle] [From.Liege.GetFirstName] soit capable de gouverner.\n\nSigné\n[FromFrom.GetFirstName] de la maison [FromFrom.GetOnlyDynastyName], [FromFrom.GetTitle] régent de [From.Liege.PrimaryTitle.GetName];;;A todos los vasallos de [From.Liege.GetTitle] [From.Liege.GetFirstName], la regencia corrupta de [From.GetTitledFirstName] sobre [From.Liege.PrimaryTitle.GetName] ha terminado. [From.GetSheHeCap] ha aceptado renunciar a su cargo en mi favor, ahora todos me debéis obediencia hasta que [From.Liege.GetTitle] [From.Liege.GetFirstName] sea capaz de gobernar.\n\nFirmado\n[FromFrom.GetFirstName] de la casa [FromFrom.GetOnlyDynastyName], [FromFrom.GetTitle] regente de [From.Liege.PrimaryTitle.GetName];;;;;;;;;x
EVTOPTAregency.23;A scheme well executed;Un plan bien exécuté.;;;Un plan bien ejecutado.;;;;;;;;;x
EVTOPTBregency.23;I am sure threats and coercion were used;Je suis sûr que les menaces et la violence ont joué un rôle.;;;Estoy seguro que las amenazas y la violencia jugaron su papel.;;;;;;;;;x
EVTDESCregency.24;Court intrigues often seem confusing, and you have had word the realm was on the brink of war. Apparently [FromFrom.GetTitledFirstName] [FromFrom.GetOnlyDynastyName] issued an ultimatum under the threat of force to my regent [From.GetTitledFirstName], demanding [From.GetSheHe] surrender the regency. [From.GetSheHeCap] refused, and now violence will surely come.;Les intrigues de cour semble souvent confuses et vous avez appris que le royaume était à deux doigts d'une guerre. Apparemment [FromFrom.GetTitledFirstName] [FromFrom.GetOnlyDynastyName] a envoyé un ultimatum à mon(a) régent(e) [From.GetTitledFirstName], exigeant qu'[From.GetSheHe] renonce à la régence. [From.GetSheHeCap] a refusé et maintenant la guerre va sûrement éclater. ;;;Las intrigas de la corte son a menudo confusas y acabas de enterarte que el reino ha estado a un paso de la guerra. Al parecer [FromFrom.GetTitledFirstName] [FromFrom.GetOnlyDynastyName] envió un ultimátum a mi regente [From.GetTitledFirstName], exigiendo que renuncie a la regencia. Rechazó el ultimátum y ahora seguramente estallará la guerra. ;;;;;;;;;x
EVTOPTAregency.24;Why can't we share power?;Pourquoi ne pourrions-nous pas partager le pouvoir ?;;;¿Por qué no podemos compartir el poder?;;;;;;;;;x
EVTDESCregency.25;[Root.GetBestName],\nI will never surrender [Root.Liege.GetTitle] [Root.Liege.GetFirstName] to the likes of you, as surely you and your cronies will ruin this realm. Know that the forces of [Root.Liege.PrimaryTitle.GetName] are ready to stand against your threats.\nSigned,\n[FromFrom.GetTitledFirstName];[Root.GetBestName],\nJe ne donnerai jamais [Root.Liege.GetTitle] [Root.Liege.GetFirstName] à quelqu'un comme vous, voilà une chose aussi sûre que la ruine que vous apporterez au royaume, vous et vos lèche-culs. Sachez que les forces de [Root.Liege.PrimaryTitle.GetName] sont prêtes à écraser votre pitoyable tentative de coup d'état.\nSigné,\n[FromFrom.GetTitledFirstName];;;[Root.GetBestName],\nNo rendiré nunca [Root.Liege.GetTitle] [Root.Liege.GetFirstName] a alguien como vos, que traerá la ruina al Reino. Sabed que las fuerzas de [Root.Liege.PrimaryTitle.GetName] están preparadas para aplastar vuestras lastimosas amenazas.\nFirmado,\n[FromFrom.GetTitledFirstName];;;;;;;;;x
EVTOPTAregency.25;Then war it is!;Alors ce sera la guerre !;;;Es la guerra!;;;;;;;;;x
EVTDESCregency.26;[From.Liege.PrimaryTitle.GetName] is turmoil, the regency of [From.Liege.GetTitle] [From.Liege.GetFirstName] is in dispute. [FromFrom.GetTitledFirstName] [FromFrom.GetOnlyDynastyName] has apparently issued an ultimatum to the current regent [From.GetTitledFirstName] to surrender the regency to [FromFrom.GetHerHim]. [From.GetTitledFirstName] refused however, and now war is upon us.;[From.Liege.PrimaryTitle.GetName] est plongé dans les troubles, la régence de [From.Liege.GetTitle] [From.Liege.GetFirstName] est disputée. [FromFrom.GetTitledFirstName] [FromFrom.GetOnlyDynastyName] a apparemment envoyé un ultimatum à [From.GetTitledFirstName], le(a) régent(e) actuel(le) exigeant qu'il lui remette sa charge. [From.GetTitledFirstName] a cependant refusé et la guerre a éclaté. ;;;[From.Liege.PrimaryTitle.GetName] está sumido en el desorden, la regencia de [From.Liege.GetTitle] [From.Liege.GetFirstName] está disputada. [FromFrom.GetTitledFirstName] [FromFrom.GetOnlyDynastyName] envió un ultimátum a [From.GetTitledFirstName], el actual regente exigiendo que renuncie al cargo. [From.GetTitledFirstName] rechazó el ultimátum y la guerra ha estallado. ;;;;;;;;;x
EVTOPTAregency.26;We shall prevail;Nous prévaudrons !;;;Prevaleceremos!;;;;;;;;;x
EVTOPTBregency.26;This cannot be good;Voilà une mauvaise nouvelle.;;;Esto no puede ser bueno.;;;;;;;;;x
EVTOPTA61002;I will keep my eye on [From.GetHerHim];Je vais garder un œil sur [From.GetHerHim];;;Mantendré un ojo en [From.GetHerHim];;;;;;;;;x
EVTOPTB61002;A little embezzlement never hurt anyone;Un petit détournement d'argent n'a jamais fait de mal à personne.;;;Una pequeña malversación de fondos no hace daño a nadie.;;;;;;;;;x
EVTOPTC61002;Perhaps we can work together in this;Peut-être pourrions nous travailler de concert.;;;Tal vez podríamos trabajar juntos en esto.;;;;;;;;;x
TOOLTIPregency.61002;You inform [From.GetTitledFirstName] you suspect embezzlement, and ask for a cut ;Vous informez [From.GetTitledFirstName] que vous suspectez un détournement de fonds, et vous en demandez une partie;;;Informas a [From.GetTitledFirstName] que sospechas de una malversación de fondos, y pides una parte;;;;;;;;;x
EVTOPTA61004;The realm should know of this treachery;Le royaume sera informé de cette trahison.;;;El Reino será informado de esta traición.;;;;;;;;;x
TOOLTIPregency.61004;You send letters to the Lords of [From.Liege.PrimaryTitle.GetName] informing them of [From.GetTitledFirstName]'s corruption, resigning and leaving [Root.Liege.Capital.GetName] in the process.\n\n;Vous envoyez des lettres aux lords de [From.Liege.PrimaryTitle.GetName] les informant de la corruption de [From.GetTitledFirstName], et de votre démission et départ de [Root.Liege.Capital.GetName].\n\n;;;Envías cartas a los Señores de [From.Liege.PrimaryTitle.GetName] informándoles de la corrupción de [From.GetTitledFirstName], dimitiendo y dejando [Root.Liege.Capital.GetName] en el proceso.\n\n;;;;;;;;;x
TOOLTIPregency.61005;You inform [From.GetTitledFirstName] you know about the embezzlement, and demand a cut ;Vous informez [From.GetTitledFirstName] que savez à propos du détournement de fonds, et vous en demandez une partie;;;Informas a [From.GetTitledFirstName] que sabes lo de la malversación de fondos, y pides una parte;;;;;;;;;x
EVTDESCregency.61001;Despite my best efforts to conceal my embezzlement, it has been noticed by the council that the treasury has been unexpectedly depleted. [From.GetTitle] [From.GetFirstName] will suspect my involvement.;Malgré mes efforts pour dissimuler mes détournements de fonds, le conseil semble avoir noté la disparition d'argent dans le trésor. [From.GetTitle] [From.GetFirstName] va suspecter mon implication dans cette affaire.;;;A pesar de mis esfuerzos por ocultar mis desfalcos. el consejo parece haber notado la desaparición de dinero en el tesoro. [From.GetTitle] [From.GetFirstName] sospechará de mi implicación en este asunto.;;;;;;;;;x
EVTOPTAregency.61001;They can do nothing about it anyway;Ils ne peuvent rien y faire de toutes façons.;;;No pueden hacer nada al respecto de todos modos.;;;;;;;;;x
EVTDESCregency.61002;After a meeting of the council, [Root.Liege.GetTreasurerName] [From.GetTitledFirstName] approaches me. [From.GetSheHeCap] says [From.GetSheHe] has been keeping a close eye on the treasury, and has not failed to notice gold and funds going missing. [From.GetSheHeCap] says [From.GetSheHe] believes me to be the culprit, but says [From.GetSheHe] will keep [From.GetHerHis] silence if given a cut.;Après une réunion du conseil, [Root.Liege.GetTreasurerName] [From.GetTitledFirstName] vous approche. [From.GetSheHeCap] dit qu'[From.GetSheHe] a gardé un oeil sur le trésor et a noté la disparition de fortes sommes. [From.GetSheHeCap] dit qu'[From.GetSheHe] me soupçonne d'être le(a) coupable, mais [From.GetSheHe] ajoute qu'[From.GetSheHe] gardera le silence contre une part du butin.;;;Tras una reunión del Consejo, [Root.Liege.GetTreasurerName] [From.GetTitledFirstName] se te acerca. [From.GetSheHeCap] dice que [From.GetSheHe] ha estado vigilando el tesoro y ha notado la desaparición de fuertes sumas. [From.GetSheHeCap] dice que [From.GetSheHe] sospecha que soy el culpable, pero que guardará silencio si le doy una parte.;;;;;;;;;x
EVTOPTAregency.61002;I confess, take your gold and keep silent;J'avoue, prenez votre or et gardez le silence.;;;Lo admito, coged el oro y guardad silencio.;;;;;;;;;x
EVTOPTBregency.61002;Groundless lies! Be gone!;Des mensonges éhontés ! Dehors !;;;Mentiras sin fundamento! Fuera de aquí!;;;;;;;;;x
EVTDESCregency.61003;Despite my best efforts to conceal my embezzlement, proof has emerged that I have been taking funds from the treasury! No doubt [From.GetTitle] [From.GetFirstName]'s council were informed by spies working under me.;Malgré mes efforts pour pour dissimuler mes détournements de fonds, des preuves sont apparues m'accusant de m'être servi dans le trésor ! Il ne fait aucun doute que le conseil de [From.GetTitle] [From.GetFirstName] a été informé par des espions qui me surveillaient !;;;A pesar de mis esfuerzos por ocultar mis desfalcos, han aparecido pruebas que me acusan de haberme servido del tesoro! No hay duda de que el consejo de [From.GetTitle] [From.GetFirstName] ha sido informado por espías que me vigiliban!;;;;;;;;;x
EVTOPTAregency.61003;I care not, I still hold power in [Root.Liege.Capital.GetName];Je m'en fiche, je détiens toujours le pouvoir à [Root.Liege.Capital.GetName];;;No me importa, todavía mantengo el poder en [Root.Liege.Capital.GetName];;;;;;;;;x
EVTDESCregency.61004;The council are clearly not happy with my actions, [Root.Liege.GetTreasurerName] [From.GetTitledFirstName] has even resigned. Before [From.GetSheHe] left [Root.Liege.Capital.GetName], however, [From.GetSheHe] sent ravens to all the nobles of [Root.Liege.PrimaryTitle.GetName] accusing me of corruption and treason.;Le conseil est clairement en colère contre moi, [Root.Liege.GetTreasurerName] [From.GetTitledFirstName] a même démissionné. Avant de quitter [Root.Liege.Capital.GetName],  [From.GetSheHe] a envoyé des corbeaux à tous les nobles de  [Root.Liege.PrimaryTitle.GetName] m'accusant de corruption et de trahison !;;;El consejo está muy enfadado conmigo, [Root.Liege.GetTreasurerName] [From.GetTitledFirstName] incluso ha dimitido. Antes de dejar [Root.Liege.Capital.GetName], ha enviado cuervos a todos los nobles de [Root.Liege.PrimaryTitle.GetName] acusándome de corrupción y traición!;;;;;;;;;x
EVTOPTAregency.61004;[From.GetSheHeCap] is the real traitor here!;[From.GetSheHeCap] est le véritable traître ici !;;;[From.GetSheHeCap] es el verdadero traidor aquí!;;;;;;;;;x
EVTDESCregency.61005;At a meeting of the council many present accused me of treason and corruption, afterwards [Root.Liege.GetTreasurerName] [From.GetTitledFirstName] approaches me. [From.GetSheHeCap] says [From.GetSheHe] has close eyes on the treasury, and has the power and influence to disprove my involvement in the embezzlement. [From.GetSheHeCap] demands a cut to do so, otherwise [From.GetSheHe] says [From.GetSheHe] will recommend the council inform the realm.;Lors d'une réunion du conseil, de nombreux membres m'ont accusé de trahison et de corruption, après quoi [Root.Liege.GetTreasurerName] [From.GetTitledFirstName] m'a approché. [From.GetSheHeCap] dit qu'[From.GetSheHe] a un oeil sur la trésorerie et qu'il a le pouvoir et l'influence pour nier ma participation au détournement de fonds. [From.GetSheHeCap] exige néanmoins une part, autrement [From.GetSheHe] recommandera au conseil d'en informer le royaume. ;;;En una reunión del consejo, muchos de sus miembros me han acusado de traición y corrupción, tras lo cual [Root.Liege.GetTreasurerName] [From.GetTitledFirstName] se me ha acercado. [From.GetSheHeCap] dice que [From.GetSheHe] ha estado vigilando el tesoro y que tiene el poder y la influencia para negar mi participación en la malversación de fondos. No obstante, exige una parte, de otro modo [From.GetSheHe] recomendará al consejo informar al Reino. ;;;;;;;;;x
EVTOPTAregency.61005;Fine, take your gold and clear my name;Bien, prenez votre or et faîtes taire les rumeurs.;;;Bien, coged el oro y limpiad mi nombre;;;;;;;;;x
EVTOPTBregency.61005;I will not be blackmailed by the likes of you!;Un type tel que vous ne me fera pas chanter !;;;No seré chantajeado por alguien como vos!;;;;;;;;;x
EVTDESCregency.61006;After a meeting of the council you approached [From.GetTitledFirstName] and effectively blackmailed [From.GetHerHim.] [From.GetSheHeCap] admitted [From.GetHerHis] corruption, and agreed to give you a cut in exchange for your silence.;Après une réunion du conseil vous approchez [From.GetTitledFirstName] et le(a) faîtes chanter. [From.GetSheHeCap] admet sa corruption et accepte de vous donner une part en échange de votre silence.;;;Tras una reunión del consejo te acercas a [From.GetTitledFirstName] y le haces confesar. [From.GetSheHeCap] admite su corrupción y acepta darte una parte a cambio de tu silencio.;;;;;;;;;x
EVTOPTAregency.61006;Good, now we are corrupt together!;Bien, nous voilà deux corrompus désormais !;;;Bien, ahora somos dos corruptos!;;;;;;;;;x
EVTDESCregency.61007;After a meeting of the council you approached [From.GetTitledFirstName] and effectively blackmailed [From.GetHerHim.] [From.GetSheHeCap] reacted angrily to this, fiercely denying any corruption and professing loyalty to [From.Liege.GetTitle] [From.Liege.GetFirstName].;Après une réunion du conseil vous approchez [From.GetTitledFirstName] et le(a) faîtes chanter. [From.GetSheHeCap] a réagi avec colère, niant fermement être corrompu et professant sa loyauté à [From.Liege.GetTitle] [From.Liege.GetFirstName].;;;Tras una reunión del consejo te acercas a [From.GetTitledFirstName] y le haces confesar. [From.GetSheHeCap] reacciona con ira, negando firmemente ser un corrupto y profesando su lealtad a [From.Liege.GetTitle] [From.Liege.GetFirstName].;;;;;;;;;x
EVTOPTAregency.61007 ;I best keep the proof to my self for now;Je ferai mieux de conserver les preuves pour le moment.;;;Será mejor conservar las pruebas de momento.;;;;;;;;;x
EVTOPTCregency.61007 ;[From.GetSheHeCap] will regret this decision;[From.GetSheHeCap] regrettera sa décision.;;;[From.GetSheHeCap] lamentará su decisión.;;;;;;;;;x
EVTOPTBregency.61007;Fine, the realm will be informed of your treachery!;Bien, le royaume sera informé de votre trahison !;;;Bien, el Reino será informado de vuestra traición!;;;;;;;;;x
EVTDESCregency.61008;[Root.GetTitledFirstName], in my position as [From.Liege.GetTitledFirstName]'s [From.Liege.GetTreasurerName] I have received proof of the most villainous treachery. [From.Liege.GetTitledFirstName]'s regent [FromFrom.GetTitledFirstName] [FromFrom.GetOnlyDynastyName] has been embezzling gold and silver from the treasury of [From.Liege.PrimaryTitle.GetName], revealing [FromFrom.GetHerHim] to be a corrupt traitor. I bid all loyal nobles join together to cast [FromFrom.GetHerHim] down.\n\nSigned,\n[From.GetTitledFirstName] of House [From.GetOnlyDynastyName];[Root.GetTitledFirstName], en tant que [From.Liege.GetTreasurerName] de [From.Liege.GetTitledFirstName] j'ai obtenu des preuves d'une perfide trahison. Le(a) régent(e) de [From.Liege.GetTitledFirstName], [FromFrom.GetTitledFirstName] [FromFrom.GetOnlyDynastyName], a détourné l'or et l'argent du trésor de [From.Liege.PrimaryTitle.GetName] à son profit, ce qui en fait un(e) traître(sse) corrompu(e). J'espère que tous les nobles loyaux se réuniront pour le(a) mettre à bas.\n\nSigné,\n[From.GetTitledFirstName] de la maison [From.GetOnlyDynastyName];;;[Root.GetTitledFirstName], como [From.Liege.GetTreasurerName] de [From.Liege.GetTitledFirstName] he obtenido pruebas de una pérfida traición. El regente de [From.Liege.GetTitledFirstName], [FromFrom.GetTitledFirstName] [FromFrom.GetOnlyDynastyName], ha desviado oro y plata del tesoro de [From.Liege.PrimaryTitle.GetName] para su provecho, lo que le convierte en un traidor corrompido. Espero que todos los nobles leales se unan para derrocarlo.\n\nFirmado,\n[From.GetTitledFirstName] de la casa [From.GetOnlyDynastyName];;;;;;;;;x
EVTOPTAregency.61008;This cannot stand!;Cela ne peut plus durer !;;;Esto no puede continuar.;;;;;;;;;x
EVTOPTBregency.61008;A little embezzlement never hurt anyone;Un petit détournement d'argent n'a jamais fait de mal à personne.;;;Una pequeña malversación de fondos no hace daño a nadie.;;;;;;;;;x
EVTOPTCregency.61008;[From.GetSheHeCap] will regret slandering me like this;[From.GetSheHeCap] regrettera de m'avoir calomnié(e).; ;;[From.GetSheHeCap] lamentará haberme calumniado.;;;;;;;;;x
EVTOPTDregency.61008A;I have a regent?;J'ai un régent ?;;;Tengo un regente?;;;;;;;;;x
EVTOPTDregency.61008B;I will sort this when I take power;Je m'occuperai de ça lorsque je gouvernerai.;;;Me ocuparé de esto cuando gobierne.;;;;;;;;;x
regent_grant_self_title;Grant Self Liege's Title;S'octroyer un titre du suzerain;;;Otorgarse un título del Señor;;;;;;;;;x
regent_grant_self_title_desc;Using you power as regent, you can grant yourself one of [Root.Liege.GetTitledFirstName]'s titles;En usant de vos pouvoirs de régent, vous pouvez vous octroyer l'un des titres de [Root.Liege.GetTitledFirstName];;;Utilizando tus poderes como regente, puedes otorgarte uno de los títulos de [Root.Liege.GetTitledFirstName];;;;;;;;;x
TOOLTIPgrant_self_titleTITLE;[Root.Liege.GetTitledFirstName] has a spare holding which can be given away\n;[Root.Liege.GetTitledFirstName] a une possession qui peut être donnée\n;;;[Root.Liege.GetTitledFirstName] tiene una posesión que puede ser donada \n;;;;;;;;;x
TOOLTIPgrant_self_titleGENDER;[Root.GetTitledFirstName] is of the correct gender to inherit under the laws of [Root.Liege.PrimaryTitle.GetName]\n;[Root.GetTitledFirstName] est du genre adéquat pour hériter sous les lois de [Root.Liege.PrimaryTitle.GetName]\n;;;[Root.GetTitledFirstName] es del género adecuado para heredar bajo las leyes de [Root.Liege.PrimaryTitle.GetName]\n;;;;;;;;;x
regent_lower_crown_authority;Lower Realm Authority;Réduire l'autorité de la Couronne;;;Reducir la autoridad de la Corona;;;;;;;;;x
regent_lower_crown_authority_desc;Using you power as regent, you can lower realm authority in [Root.Liege.GetTitledFirstName]'s realm.;En usant de votre pouvoir de régent, vous pouvez réduire l'autorité du royaume de [Root.Liege.GetTitledFirstName].;;;Utilizando tus poderes como regente, puedes reducir la autoridad de la Corona de [Root.Liege.GetTitledFirstName].;;;;;;;;;x
TOOLTIPregent_lower_crown_authorityFLAG;[Root.Liege.GetTitledFirstName] has NOT had realm authority lowered by [Root.Liege.GetHerHis] regent\n;[Root.Liege.GetTitledFirstName] n'a pas vu l'autorité de la Couronne réduite par son(a) régent(e)\n;;;[Root.Liege.GetTitledFirstName] no ha visto la autoridad de la Corona reducida por su regente\n;;;;;;;;;x
TOOLTIPregent_lower_crown_authorityTITLE;[Root.Liege.GetTitledFirstName] has a title in which realm authority can be lowered AND is the dejure title of [Root.PrimaryTitle.GetName]\n;[Root.Liege.GetTitledFirstName] a un titre dont l'autorité de la Couronne peut être réduite ET est le titre de jure de [Root.PrimaryTitle.GetName]\n;;;[Root.Liege.GetTitledFirstName] tiene un título donde la autoridad de la Corona puede ser reducida Y es el título de jure de [Root.PrimaryTitle.GetName]\n;;;;;;;;;x
TOOLTIPregent_lower_crown_authorityPLEASED;The lords and nobles of [This.GetName] will like you for this action\n;Les nobles et lords de [This.GetName] vous aimeront pour cette décision\n;;;Los nobles y señores de [This.GetName] os querrán por esta decisión\n;;;;;;;;;x
plot_declare_liege_incapable;Declare Liege Incapable;Déclarer le suzerain incapable;;;Declarar incapaz al Señor;;;;;;;;;x
plot_declare_liege_incapable_desc;[Root.Liege.GetTitledFirstName] current ability to rule is questionable, and so with enough support it would be possible to declare [Root.Liege.GetHerHim] incapable and become [Root.Liege.GetHerHis] regent.;Les capacités de [Root.Liege.GetTitledFirstName] à gouverner peuvent actuellement être remises en doute. Avec assez de soutien il pourrait être possible de le(a) délcarer incapable et de devenir son(a) régent(e).;;;Las capacidades de [Root.Liege.GetTitledFirstName] para gobernar pueden ser puestas en duda. Con apoyo suficiente sería posible declararlo incapaz y convertirse en su regente.;;;;;;;;;x
TOOLTIPplot_declare_liege_incapableCOUNCIL;At least 2 of [Root.Liege.GetTitledFirstName]'s councillors back the plot\n;Au moins deux des conseillers de [Root.Liege.GetTitledFirstName] soutiennent le complot\n;;;Al menos 2 consejeros de [Root.Liege.GetTitledFirstName] apoyan el complot\n;;;;;;;;;x
EVTTOOLTIPregency.27;You declare [Root.Liege.GetTitledFirstName] incapable, and assume the regency;Vous déclarez [Root.Liege.GetTitledFirstName] incapable, et assumez la régence.;;;Declaras a [Root.Liege.GetTitledFirstName] incapaz, y asumes la regencia.;;;;;;;;;x
EVTDESCregency.27;Your condition has made it hard to rule, yet rule in your own name you did. But now, as you sit in your hall presiding over court, [From.GetTitledFirstName] storms through the door flanked by [From.GetHerHis] supporters. [From.GetSheHeCap] declares you incapable to rule effectively, and assumes the regency without opposition.;Votre condition a rendu le gouvernement difficile mais vous continuez d'assumer votre charge. Mais alors que vous présidiez votre cour dans la grande salle, [From.GetTitledFirstName] pénètre dans la pièce accompagné de ses soutiens et vous déclare incapable de gouverner. [From.GetSheHeCap] affirme désormais assumer la régence, et personne ne s'y oppose.;;;Tu condición ha hecho complicado el gobierno pero continuas asumiendo tu cargo. Pero cuando presidías el consejo en la gran sala, [From.GetTitledFirstName] entra en la sala acompañado de sus seguidores y te declaran incapaz para gobernar. Afirma que asumirá la regencia, y nadie se opone. ;;;;;;;;;x
EVTOPTAregency.27;No-one backs me to rule;Personne ne me soutient !;;;Nadie me respalda!;;;;;;;;;x
EVTDESCregency.28;[From.GetTitledFirstName] time of ill rule is at an end. Whilst [From.GetSheHe] is presiding at court, you storm through the door flanked by your supporters. You declare the [From.GetTitle] incapable to rule effectively, and assume the regency without opposition.;Le règne maladif de [From.GetTitledFirstName] est terminé. Alors qu'[From.GetSheHe] présidait la cour, vous avez fait irruption, suivi par vos soutiens. Vous déclarez le(a) [From.GetTitle] incapable de gouverner et assumez la régence, et personne ne s'y oppose.;;;El reinado enfermizo de [From.GetTitledFirstName] ha acabado. Cuando [From.GetSheHe] presidía el consejo, hiciste irrupción junto a tus seguidores. Declaraste al [From.GetTitle] incapaz de gobernar y asumes la regencia, a lo que nadie se opuso.;;;;;;;;;x
EVTOPTAregency.28;This will benefit [From.GetHerHim] and the realm;Ce sera bénéfique pour [From.GetHerHim] et pour le royaume.;;;Esto será beneficioso para [From.GetHerHim] y para el Reino.;;;;;;;;;x
declared_me_insane;Declared Me Incapable;M'a déclaré incapable;;;Me ha declarado incapaz;;;;;;;;;x
EVTDESCregency.29;[From.GetTitledFirstName] time of ill rule is at an end. Whilst [From.GetSheHe] is presiding at court, [FromFrom.GetTitledFirstName] storms through the door flanked by you and [FromFrom.GetHerHis] supporters. [FromFrom.GetSheHeCap] declares the [From.GetTitle] incapable to rule effectively, and assumes the regency without opposition.;Le règne maladif de [From.GetTitledFirstName] est terminé. Alors qu'[From.GetSheHe] présidait la cour, [FromFrom.GetTitledFirstName] a fait irruption, suivi par ses soutiens. [FromFrom.GetSheHeCap] a déclaré le(a) [From.GetTitle] incapable de gouverner et a assumé la régence, et personne ne s'y est opposé.;;;El reinado enfermizo de [From.GetTitledFirstName] ha acabado. Cuando [From.GetSheHe] presidía el consejo, [FromFrom.GetTitledFirstName] hizo irrupción junto a sus seguidores. [FromFrom.GetSheHeCap] ha declarado al [From.GetTitle] incapaz de gobernar y ha asumido la regencia, a lo que nadie se opuso.;;;;;;;;;x
EVTOPTAregency.29;[FromFrom.GetTitledFirstName] will bring stability;[FromFrom.GetTitledFirstName] ramènera la stabilité.;;;[FromFrom.GetTitledFirstName] traerá la estabilidad.;;;;;;;;;x
EVTDESCregency.30;[Root.GetTitledFirstName], due to [From.GetHerHis] current inability to rule effectively, the council of [From.GetTitledFirstName] has seen fit to name a regent to rule in [From.GetHerHis] stead. The council has named me as this regent, and bids you follow my rule as you would [From.GetTitledFirstName]s.\n\nSigned,\n[FromFrom.GetTitledFirstName], [FromFrom.GetLordLady] Protector of [FromFrom.Liege.PrimaryTitle.GetName];[Root.GetTitledFirstName], étant donné son actuelle incapacité à régner, le conseil de [From.GetTitledFirstName] a jugé bon de nommer un régent pour gouverner à sa place. Le conseil m'a choisi pour occuper cette charge et espère que vous m'obéirez comme vous obéissiez à [From.GetTitledFirstName].\n\nSigné,\n[FromFrom.GetTitledFirstName], [FromFrom.GetLordLady] Protecteur de [FromFrom.Liege.PrimaryTitle.GetName];;;[Root.GetTitledFirstName], dada su incapacidad actual para reinar, el consejo de [From.GetTitledFirstName] ha nombrado un regente para gobernar en su lugar. El consejo me ha escogido para ocupar este cargo y espero que me obedezcáis como si fuese [From.GetTitledFirstName].\n\nFirmado,\n[FromFrom.GetTitledFirstName], [FromFrom.GetLordLady] Protector de [FromFrom.Liege.PrimaryTitle.GetName];;;;;;;;;x
regent_fire_councillor;Remove From Liege's Council;Démettre de ses fonctions du conseil du suzerain;;;Destituir del Consejo;;;;;;;;;x
regent_fire_councillor_desc;Using you powers as [Root.Liege.GetTitledFirstName]'s regent, you can fire [Root.GetTitledFirstName] from [Root.Liege.GetHerHis] council.;En usant de vos pouvoirs de régent de [Root.Liege.GetTitledFirstName], vous pouvez démettre [Root.GetTitledFirstName] de sa position au conseil.;;;Utilizando tus poderes como regente de [Root.Liege.GetTitledFirstName], puedes destituir a [Root.GetTitledFirstName] de su cargo en el Consejo.;;;;;;;;;x
fired_from_council_by_regent;Fired From Council by Regent;Démis du conseil par le(la) régent(e);;;Destituido del Consejo por el Regente;;;;;;;;;x
EVTDESCregency.50;[Root.GetTitledFirstName], in the name of [From.Liege.GetTitledFirstName], I hereby remove you from your position on the council. I bid you leave [From.Liege.Capital.GetName] as soon as is possible.\n\nSigned,\n[FromFrom.GetTitledFirstName], [FromFrom.GetLordLady] Protector of [FromFrom.Liege.PrimaryTitle.GetName];[Root.GetTitledFirstName], au nom de [From.Liege.GetTitledFirstName], je vous démet par la présente de votre position au conseil. Je vous demande de quitter au plus vite [From.Liege.Capital.GetName].\n\nSigné,\n[FromFrom.GetTitledFirstName], [FromFrom.GetLordLady] Protecteur de [FromFrom.Liege.PrimaryTitle.GetName];;;[Root.GetTitledFirstName], en nombre de [From.Liege.GetTitledFirstName], por la presente sois destituido de vuestro cargo en el Consejo. Os pido que os marchéis lo antes posible de [From.Liege.Capital.GetName].\n\nFirmado,\n[FromFrom.GetTitledFirstName], [FromFrom.GetLordLady] Protector de [FromFrom.Liege.PrimaryTitle.GetName];;;;;;;;;x
EVTOPTAregency.50;This is an outrage!;Quel outrage !;;;Ultraje!;;;;;;;;;x
EVTDESCregency.51;[FromFrom.GetTitledFirstName], using [FromFrom.GetHerHis] powers as regent, has decided to remove [From.GetTitledFirstName] from [From.GetHerHis] position on your council. Clearly [FromFrom.GetSheHe] thought [From.GetTitledFirstName] unsuitable for the task.;[FromFrom.GetTitledFirstName], usant de ses pouvoirs de [FromFrom.GetHerHis] a décidé de démettre [From.GetTitledFirstName] de sa position au conseil.  Il est clair qu'[FromFrom.GetSheHe] pense que [From.GetTitledFirstName] n'est pas à la hauteur de la fonction.;;;[FromFrom.GetTitledFirstName], ha decidido destituir a [From.GetTitledFirstName] de su puesto en el Consejo. Está claro que piensa que [From.GetTitledFirstName] no está a la altura del cargo.;;;;;;;;;x
EVTOPTAregency.51;I'm sure [FromFrom.GetSheHe] knows what she is doing;Je suis sûr qu'[FromFrom.GetSheHe] sait ce qu'[FromFrom.GetSheHe] fait.;;;Estoy seguro de que sabe lo que hace.;;;;;;;;;x
EVTDESCregency.52;[Root.GetTitledFirstName], in the name of [From.Liege.GetTitledFirstName], I hereby invite you to join the council in [From.Liege.Capital.GetName]. I trust you will be a valuable servant here.\n\nSigned,\n[FromFrom.GetTitledFirstName], [FromFrom.GetLordLady] Protector of [FromFrom.Liege.PrimaryTitle.GetName];[Root.GetTitledFirstName], au nom de [From.Liege.GetTitledFirstName], je vous invite par la présente à rejoindre le conseil à [From.Liege.Capital.GetName]. Je pense sincérement que vous y ferez des merveilles.\n\nSigné,\n[FromFrom.GetTitledFirstName], [FromFrom.GetLordLady] Protector of [FromFrom.Liege.PrimaryTitle.GetName];;;[Root.GetTitledFirstName], en nombre de [From.Liege.GetTitledFirstName], por la prsente os invito a uniros al Consejo en [From.Liege.Capital.GetName]. Creo sinceramente que seréis un valioso servidor.\n\nFirmado,\n[FromFrom.GetTitledFirstName], [FromFrom.GetLordLady] Protector de [FromFrom.Liege.PrimaryTitle.GetName];;;;;;;;;x
EVTOPTAregency.52;You do me a great honour [FromFrom.PrimaryTitle.GetFOA];Vous me faîtes un grand honneur [FromFrom.PrimaryTitle.GetFOA];;;Será un gran honor, [FromFrom.PrimaryTitle.GetFOA];;;;;;;;;x
EVTDESCregency.53;[FromFrom.GetTitledFirstName], using [FromFrom.GetHerHis] powers as regent, has decided to appoint [From.GetTitledFirstName] to a position on your council. [FromFrom.GetSheHeCap] seems to think [From.GetTitledFirstName] is the most suited for the task.;[FromFrom.GetTitledFirstName], usant de ses pouvoirs de régent, a décidé de nommer [From.GetTitledFirstName] à votre conseil. [FromFrom.GetSheHeCap] semble penser que [From.GetTitledFirstName] est la personne qu'il faut.;;;[FromFrom.GetTitledFirstName], utilizando su poder como regente, ha decidido nombrar a [From.GetTitledFirstName] para tu Consejo. [FromFrom.GetSheHeCap] parece pensar que [From.GetTitledFirstName] es la persona adecuada.;;;;;;;;;x
EVTOPTAregency.53;It is [FromFrom.GetHerHis] council really;C'est vraiment son conseil.;;;Realmente es su Consejo.;;;;;;;;;x
opinion_appointed_to_council;Appointed Me To Liege's Council;M'a nommé au conseil du suzerain;;;Me ha nombrado consejero del Señor;;;;;;;;;x
regent_appoint_councillor;Appoint To Liege's Council;Nommer au conseil du suzerain;;;Nombrar para el Consejo del Señor;;;;;;;;;x
regent_appoint_councillor_desc;Using you powers as [Root.Liege.GetTitledFirstName]'s regent, you can appoint [Root.GetTitledFirstName] to [Root.Liege.GetHerHis] council.;En usant de vos pouvoirs en tant que régent(e) de [Root.Liege.GetTitledFirstName], vous pouvez nommer [Root.GetTitledFirstName] au conseil.;;;Utilizando tus poderes como regente de [Root.Liege.GetTitledFirstName], puedes nombrar a [Root.GetTitledFirstName] al Consejo.;;;;;;;;;x
TOOLTIPregent_appoint_councillorSPARE;A vacant position is available on [Root.Liege.GetTitledFirstName]'s council (Excluding Maester/Physician and Priest)\n;Une position est vacante dans le conseil de [Root.Liege.GetTitledFirstName] (A l'exception du mestre/soigneur et du prêtre)\n;;;;;;;;;;;;x
EVTDESCregent.700;To all noble subjects of [From.GetTitledFirstName], I have deemed the powers and privileges of the [From.GetTitle] over the nobles of [FromFrom.Liege.PrimaryTitle.GetName] to be too great. So, using my powers as regent, I have decided to restrict these powers and enact a series of laws lowering realm authority.\n\nSigned,\n[FromFrom.GetTitledFirstName], [FromFrom.GetLordLady] Protector of [FromFrom.Liege.PrimaryTitle.GetName];A tous les nobles sujets de [From.GetTitledFirstName], j'ai toujours pensé que les privilèges du(e la) [From.GetTitle] sur les nobles de [FromFrom.Liege.PrimaryTitle.GetName] étaient trop grands. Aussi, usant de mes pouvoirs de régent(e), j'ai décidé de restreindre ces pouvoirs en initiant une série de lois réduisant l'autorité de la Couronne.\n\nSigné,\n[FromFrom.GetTitledFirstName], [FromFrom.GetLordLady] Protecteur de [FromFrom.Liege.PrimaryTitle.GetName];;;A todos los nobles súbditos de [From.GetTitledFirstName], siempre he pensado que los privilegios del [From.GetTitle] sobre los nobles de [FromFrom.Liege.PrimaryTitle.GetName] eran demasiado grandes. Por ello, utilizando mis poderes como regente, he decidido restringir estos poderes iniciando una serie de leyes reduciendo la autoridad de la Corona.\n\nFirmado,\n[FromFrom.GetTitledFirstName], [FromFrom.GetLordLady] Protector de [FromFrom.Liege.PrimaryTitle.GetName];;;;;;;;;x
EVTOPTAregent.700;Our aims are fulfilled;Notre but est atteint.;;;Nuestros objetivos se han cumplido.;;;;;;;;;x
TOOLTIPWINREGENCYWAR;[Root.GetTitledFirstName] assumes the regency of [From.GetTitledFirstName]\n;[Root.GetTitledFirstName] assume la régence de [From.GetTitledFirstName]\n;;;[Root.GetTitledFirstName] asume la regencia de [From.GetTitledFirstName]\n;;;;;;;;;x
EVTDESCregency.54;Whilst [From.GetSheHe] reigned, [From.GetTitledFirstName] decreed that you should be the regent of [Root.Liege.GetFirstName] [Root.Liege.GetOnlyDynastyName] should [From.GetHerHis] rule end before [Root.Liege.GetFirstName] is ready to rule. Now this time has come, and you assume the regency and title [Root.GetLordLady] Protector of [Root.Liege.PrimaryTitle.GetName].;Pendant qu'[From.GetSheHe] régnait, [From.GetTitledFirstName] a décrété que si jamais son règne devait finir avant que [Root.Liege.GetFirstName] ne soit capable de régner, vous assumeriez la régence. Maintenant, l'heure est venue, vous devenez régent(e) et prenez le titre de [Root.GetLordLady] Protecteur(Protectrice) de [Root.Liege.PrimaryTitle.GetName].;;;Mientras [From.GetSheHe] reinaba, [From.GetTitledFirstName] decretó que debías ser el regente de [Root.Liege.GetFirstName] [Root.Liege.GetOnlyDynastyName] hasta que [Root.Liege.GetFirstName] esté listo para gobernar. Ese momento ha llegado, y asumes la regencia y el título de [Root.GetLordLady] Protector de [Root.Liege.PrimaryTitle.GetName].;;;;;;;;;x
EVTOPTAregency.54;I will guide the new [Root.Liege.GetTitle] through this turmoil;Je guiderai [Root.Liege.GetTitle] pendant ces temps troubles;;;Guiaré el nuevo [Root.Liege.GetTitle] ;;;;;;;;;x
EVTDESCregency.55;Thanks to you, [Root.Liege.GetFirstName] [Root.Liege.GetOnlyDynastyName] now rules as the rightful [Root.Liege.GetTitle] of [Root.Liege.PrimaryTitle.GetName]. The [Root.Liege.GetTitle] cannot currently rule in [Root.Liege.GetHerHis] own right however, and so naturally you assume the regency and title [Root.GetLordLady] Protector of [Root.Liege.PrimaryTitle.GetName].;Grâce à vous, [Root.Liege.GetFirstName] [Root.Liege.GetOnlyDynastyName] règne maintenant en tant que [Root.Liege.GetTitle] légitime de [Root.Liege.PrimaryTitle.GetName]. Le(la) [Root.Liege.GetTitle] ne peut cependant pas régner en son nom propre, par conséquent vous assumez la régence et le titre de [Root.GetLordLady] Protecteur(Protectrice) de [Root.Liege.PrimaryTitle.GetName].;;;Gracias a ti, [Root.Liege.GetFirstName] [Root.Liege.GetOnlyDynastyName] gobierna ahora como el legítimo [Root.Liege.GetTitle] de [Root.Liege.PrimaryTitle.GetName]. El [Root.Liege.GetTitle] no puede gobernar aún, y como es natural asumes la regencia y el título de [Root.GetLordLady] Protector de [Root.Liege.PrimaryTitle.GetName].;;;;;;;;;x
EVTOPTAregency.55;It is only right I guide the [Root.Liege.GetTitle];Il est normal que je guide le(la) [Root.Liege.GetTitle];;;Es solo derecho, yo guío el [Root.Liege.GetTitle];;;;;;;;;x
EVTDESCregency.61;After a series of meetings, [FromFrom.GetTitledFirstNameNoRegnal]'s council has agreed to wage war on [From.PrimaryTitle.GetFullName], all that is needed is for you to grant approval on the [FromFrom.GetTitle]'s behalf.;Après une série de réunions, le Conseil de [FromFrom.GetTitledFirstNameNoRegnal] a consenti à déclarer la guerre à [From.PrimaryTitle.GetFullName]. Il ne lui faut plus que votre approbation au nom de [FromFrom.GetTitle];;;Tras una serie de reuniones, el Consejo de [FromFrom.GetTitledFirstNameNoRegnal] ha dado su consentimiento para declarar la guerra a [From.PrimaryTitle.GetFullName]. No hace falta más que tu aprobación en nombre de el [FromFrom.GetTitle];;;;;;;;;x
EVTOPTAregency.61;Yes, this plan is sound;Oui, ce plan est solide;;;Sí, el plan es sólido;;;;;;;;;x
EVTOPTBregency.61;No, I veto this war of folly;Non, je mets mon veto à cette folie;;;No, vetaré esta locura;;;;;;;;;x
EVTDESCregency.62;[FromFromFrom.GetTitledFirstName] [FromFromFrom.GetOnlyDynastyName]'s council had agreed to wage war on [Root.PrimaryTitle.GetFullName], but [From.GetLordLady] Regent [From.GetFirstName] [From.GetOnlyDynastyName] vetoed this attack on our realm.;Le Conseil de [FromFromFrom.GetTitledFirstName] [FromFromFrom.GetOnlyDynastyName] a consenti à déclarer la guerre à [Root.PrimaryTitle.GetFullName], mais le(la) [From.GetLordLady] régent [From.GetFirstName] [From.GetOnlyDynastyName] a mis son veto sur cette aggression contre notre royaume;;;El Consejo de [FromFromFrom.GetTitledFirstName] [FromFromFrom.GetOnlyDynastyName] ha dado su consentimiento para declarar la guerra a [Root.PrimaryTitle.GetFullName], pero el [From.GetLordLady] regente [From.GetFirstName] [From.GetOnlyDynastyName] ha vetado la agresión contra nuestro reino;;;;;;;;;x
EVTOPTAregency.62;They should be thankful for such wisdom;Il devrait le(la) remercier pour sa sagesse;;;Deberían agradecerle por su sabiduría;;;;;;;;;x
EVTDESCregency.63;[From.GetLordLady] Regent [From.GetFirstName] [From.GetOnlyDynastyName] vetoed my attack on [FromFrom.PrimaryTitle.GetFullName]!;[From.GetLordLady] Régent [From.GetFirstName] [From.GetOnlyDynastyName] a mis son veto sur mon attaque contre [FromFrom.PrimaryTitle.GetFullName]!;;;El [From.GetLordLady] regente [From.GetFirstName] [From.GetOnlyDynastyName] ha vetado mi ataque contra [FromFrom.PrimaryTitle.GetFullName]!;;;;;;;;;x
EVTOPTAregency.63;I guess it's [From.GetHerHis] decision;J'imagine que c'est sa décision;;;Supongo que es su decisión;;;;;;;;;x
regent_declare_war;Declare War For Claim;Déclarer la guerre pour appuyer sa revendication;;;Declarar guerra para apoyar su reivindicación;;;;;;;;;x
regent_declare_war_desc;Using [From.GetHerHis] powers as [From.GetLordLady] Regent, [From.GetTitledFirstNameNoRegnal] can declare war on [Root.Holder.PrimaryTitle.GetName] on [From.Liege.GetTitledFirstNameNoRegnal]'s behalf, pressing [From.GetHerHis] claim to the [Root.GetFullName];En utilisant ses pouvoirs de [From.GetLordLady] régent, [From.GetTitledFirstNameNoRegnal] peut déclarer la guerre contre [Root.Holder.PrimaryTitle.GetName] pour le compte de [From.Liege.GetTitledFirstNameNoRegnal], appuyant sa revendication sur [Root.GetFullName];;;Usando sus poderes como [From.GetLordLady] regente, [From.GetTitledFirstNameNoRegnal] puede declarar la guerra contra [Root.Holder.PrimaryTitle.GetName] en nombre de [From.Liege.GetTitledFirstNameNoRegnal], apoyando su reclamación sobre [Root.GetFullName];;;;;;;;;x
regent_declare_war_named;Declare War For [Root.GetName];Déclarer la guerre pour [Root.GetName];;;;;;;;;;;;x
TOOLTIPCBENFORCEDTRUCE_REGENT;There is currently NOT an enforced truce between [From.Liege.GetTitledFirstNameNoRegnal] and [Root.Holder.GetTitledFirstNameNoRegnal]\n;Il n'y a actuellement aucune trêve entre [From.Liege.GetTitledFirstNameNoRegnal] et [Root.Holder.GetTitledFirstNameNoRegnal]\n;;;Actualmente no hay tregua entre [From.Liege.GetTitledFirstNameNoRegnal] y [Root.Holder.GetTitledFirstNameNoRegnal]\n;;;;;;;;;x
TOOLTIPregent_declare_warCOUNCIL;At least §Y4§! of [From.Liege.GetTitledFirstNameNoRegnal]'s councillors would vote for to declare war on [Root.Holder.GetTitledFirstNameNoRegnal] for [From.GetTitledFirstNameNoRegnal]'s claim\n(Either has an opinion of [From.GetTitledFirstNameNoRegnal] of §Y25§!, or owes a favour to [From.GetTitledFirstNameNoRegnal]. Conclave council voting positions also apply)\n;Au moins §Y4§! des conseillers de [From.Liege.GetTitledFirstNameNoRegnal] voteraient pour déclarer la guerre à [Root.Holder.GetTitledFirstNameNoRegnal] pour appuyer la revendication de [From.GetTitledFirstNameNoRegnal]\n(Chacun a une opinion de [From.GetTitledFirstNameNoRegnal] au moins égale à §Y25§!, ou doit une faveur à [From.GetTitledFirstNameNoRegnal]. Les positions de vote du Conclave s’apliquent également)\n;;;;;;;;;;;;x
TOOLTIPregent_declare_war;The [From.Liege.PrimaryTitle.GetFullName] declares war on [Root.Holder.PrimaryTitle.GetName], pressing [From.GetTitledFirstNameNoRegnal]'s claim on the [Root.GetFullName]\n;Le [From.Liege.PrimaryTitle.GetFullName] déclare la guerre à [Root.Holder.PrimaryTitle.GetName], appuyant la revendication de [From.GetTitledFirstNameNoRegnal] sur [Root.GetFullName]\n;;;El [From.Liege.PrimaryTitle.GetFullName] declara la guerra a [Root.Holder.PrimaryTitle.GetName], apoyando la reclamación de [From.GetTitledFirstNameNoRegnal] sobre [Root.GetFullName]\n;;;;;;;;;x
EVTDESCregency.64;[FromFrom.GetLordLady] Regent [FromFrom.GetTitledFirstName] [FromFrom.GetOnlyDynastyName], with the backing of the council, has declared war on [regent_war_title.Holder.PrimaryTitle.GetName], pressing [FromFrom.GetHerHis] claim on the [regent_war_title.GetFullName]!;[FromFrom.GetLordLady] régent [FromFrom.GetTitledFirstName] [FromFrom.GetOnlyDynastyName], avec le soutien du Conseil, a déclaré la guerre à [regent_war_title.Holder.PrimaryTitle.GetName] appuyant sa revendication sur [regent_war_title.GetFullName]!;;;[FromFrom.GetLordLady] regente [FromFrom.GetTitledFirstName] [FromFrom.GetOnlyDynastyName], con el apoyo del Consejo, ha declarado la guerra a [regent_war_title.Holder.PrimaryTitle.GetName] apoyando su reclamación sobre [regent_war_title.GetFullName]!;;;;;;;;;x
EVTOPTAregency.64;I hope [FromFrom.GetSheHe] knows what [FromFrom.GetSheHe] is doing;J'espère qu'[FromFrom.GetSheHe] sait ce qu'[FromFrom.GetSheHe] fait;;;Espero que sepa lo que hace;;;;;;;;;x
